t,yaw_deg,d_yaw,roll_deg,pitch_deg,d_att_deg,visible,expected,quality,flip
0.0253,2.22,0.00,0.88,0.41,0.00,,,-1.000,0
0.0287,2.16,-0.06,0.83,0.35,0.10,7,7,-1.000,0
0.0327,2.20,0.04,0.93,0.37,0.11,7,7,-1.000,0
0.0369,2.12,-0.08,0.84,0.28,0.15,7,7,-1.000,0
0.0411,2.14,0.03,0.81,0.33,0.07,7,7,-1.000,0
0.0452,2.23,0.09,0.85,0.40,0.12,7,7,-1.000,0
0.0494,2.19,-0.04,0.89,0.37,0.07,7,7,-1.000,0
0.0536,2.11,-0.08,0.78,0.30,0.16,7,7,-1.000,0
0.0582,2.22,0.11,0.87,0.37,0.17,7,7,-1.000,0
0.0624,2.12,-0.10,0.82,0.26,0.16,7,7,-1.000,0
0.0662,2.13,0.01,0.82,0.29,0.03,7,7,-1.000,0
0.0703,2.14,0.01,0.80,0.32,0.04,7,7,-1.000,0
0.0753,2.20,0.05,0.88,0.33,0.10,7,7,-1.000,0
0.0796,2.16,-0.03,0.86,0.28,0.07,7,7,-1.000,0
0.0830,2.10,-0.06,0.83,0.27,0.07,7,7,-1.000,0
0.0872,2.12,0.02,0.86,0.26,0.04,7,7,-1.000,0
0.0916,2.11,-0.01,0.78,0.32,0.11,7,7,-1.000,0
0.0953,2.11,0.01,0.79,0.26,0.06,7,7,-1.000,0
0.0994,2.15,0.04,0.75,0.41,0.16,7,7,-1.000,0
0.1041,2.20,0.04,0.89,0.33,0.17,7,7,-1.000,0
0.1101,2.20,0.00,0.86,0.37,0.05,7,7,-1.000,0
0.1143,2.22,0.01,0.88,0.39,0.03,7,7,-1.000,0
0.1183,2.20,-0.02,0.87,0.36,0.04,7,7,-1.000,0
0.1225,2.19,-0.01,0.91,0.32,0.06,7,7,-1.000,0
0.1267,2.19,-0.00,0.89,0.34,0.02,7,7,-1.000,0
0.1313,2.20,0.02,0.88,0.38,0.05,7,7,-1.000,0
0.1354,2.18,-0.02,0.85,0.39,0.03,7,7,-1.000,0
0.1398,2.21,0.02,0.87,0.40,0.03,7,7,-1.000,0
0.1437,2.11,-0.10,0.83,0.26,0.17,7,7,-1.000,0
0.1476,2.11,-0.00,0.82,0.28,0.02,7,7,-1.000,0
0.1514,2.20,0.09,0.89,0.34,0.14,7,7,-1.000,0
0.1558,2.21,0.00,0.87,0.38,0.04,7,7,-1.000,0
0.1598,2.14,-0.07,0.77,0.31,0.14,7,7,-1.000,0
0.1644,2.12,-0.02,0.85,0.27,0.10,7,7,-1.000,0
0.1681,2.21,0.09,0.94,0.37,0.16,7,7,-1.000,0
0.1725,2.13,-0.08,0.84,0.29,0.15,7,7,-1.000,0
0.1766,2.20,0.07,0.85,0.32,0.08,7,7,-1.000,0
0.1800,2.21,0.01,0.88,0.40,0.08,7,7,-1.000,0
0.1831,2.19,-0.02,0.89,0.37,0.04,7,7,-1.000,0
0.1872,2.21,0.02,0.91,0.36,0.03,7,7,-1.000,0
0.1916,2.15,-0.06,0.81,0.33,0.13,7,7,-1.000,0
0.1956,2.12,-0.03,0.81,0.27,0.07,7,7,-1.000,0
0.1996,2.14,0.02,0.76,0.37,0.11,7,7,-1.000,0
0.2037,2.14,0.00,0.81,0.31,0.08,7,7,-1.000,0
0.2080,2.14,-0.00,1.04,0.13,0.29,7,7,-1.000,0
0.2120,2.20,0.06,0.90,0.39,0.30,7,7,-1.000,0
0.2162,2.22,0.02,0.92,0.39,0.03,7,7,-1.000,0
0.2205,2.22,-0.00,0.88,0.39,0.03,7,7,-1.000,0
0.2249,2.20,-0.02,0.89,0.37,0.03,7,7,-1.000,0
0.2287,2.21,0.01,0.90,0.37,0.02,7,7,-1.000,0
0.2327,2.21,-0.00,0.89,0.32,0.05,7,7,-1.000,0
0.2371,2.21,0.00,0.90,0.42,0.10,7,7,-1.000,0
0.2415,2.13,-0.08,1.04,0.08,0.37,7,7,-1.000,0
0.2454,2.18,0.05,0.93,0.36,0.30,7,7,-1.000,0
0.2495,2.14,-0.05,0.83,0.27,0.14,7,7,-1.000,0
0.2539,2.14,0.01,0.88,0.28,0.05,7,7,-1.000,0
0.2582,2.18,0.03,0.93,0.29,0.06,7,7,-1.000,0
0.2620,2.20,0.02,0.85,0.37,0.11,7,7,-1.000,0
0.2662,2.12,-0.07,0.81,0.34,0.09,7,7,-1.000,0
0.2704,2.18,0.06,0.88,0.38,0.11,7,7,-1.000,0
0.2747,2.22,0.04,0.91,0.39,0.04,7,7,-1.000,0
0.2786,2.21,-0.01,0.93,0.30,0.09,7,7,-1.000,0
0.2826,2.18,-0.04,0.87,0.40,0.12,7,7,-1.000,0
0.2870,2.20,0.02,0.89,0.37,0.05,7,7,-1.000,0
0.2914,2.22,0.02,0.90,0.42,0.06,7,7,-1.000,0
0.2954,2.15,-0.07,0.86,0.32,0.13,7,7,-1.000,0
0.2994,2.22,0.07,0.93,0.36,0.11,7,7,-1.000,0
0.3037,2.14,-0.08,0.83,0.32,0.13,7,7,-1.000,0
0.3082,2.22,0.08,0.89,0.37,0.11,7,7,-1.000,0
0.3121,2.20,-0.02,0.88,0.40,0.03,7,7,-1.000,0
0.3162,2.15,-0.05,0.83,0.35,0.08,7,7,-1.000,0
0.3203,2.18,0.03,0.95,0.27,0.14,7,7,-1.000,0
0.3249,2.20,0.02,0.90,0.32,0.07,7,7,-1.000,0
0.3288,2.20,-0.01,0.89,0.36,0.04,7,7,-1.000,0
0.3329,2.12,-0.08,0.81,0.31,0.13,7,7,-1.000,0
0.3372,2.11,-0.01,0.82,0.29,0.03,7,7,-1.000,0
0.3414,2.14,0.03,0.80,0.32,0.05,7,7,-1.000,0
0.3454,2.12,-0.02,0.81,0.32,0.02,7,7,-1.000,0
0.3496,2.19,0.08,0.91,0.33,0.13,7,7,-1.000,0
0.3539,2.23,0.04,0.95,0.34,0.05,7,7,-1.000,0
0.3583,2.21,-0.02,0.90,0.36,0.05,7,7,-1.000,0
0.3622,2.18,-0.03,0.91,0.37,0.03,7,7,-1.000,0
0.3662,2.22,0.04,0.91,0.41,0.05,7,7,-1.000,0
0.3704,2.10,-0.12,1.04,0.05,0.40,7,7,-1.000,0
0.3747,2.20,0.10,0.86,0.40,0.40,7,7,-1.000,0
0.3787,2.20,0.01,0.91,0.36,0.06,7,7,-1.000,0
0.3827,2.16,-0.04,0.84,0.34,0.09,7,7,-1.000,0
0.3874,2.18,0.03,0.87,0.35,0.04,7,7,-1.000,0
0.3916,2.19,0.01,0.91,0.34,0.04,7,7,-1.000,0
0.3954,2.20,0.01,0.85,0.39,0.08,7,7,-1.000,0
0.3996,2.20,-0.00,0.91,0.34,0.08,7,7,-1.000,0
0.4038,2.19,-0.00,0.94,0.32,0.04,7,7,-1.000,0
0.4084,2.14,-0.05,0.85,0.31,0.10,7,7,-1.000,0
0.4120,2.21,0.08,0.92,0.34,0.11,7,7,-1.000,0
0.4161,2.20,-0.02,0.95,0.33,0.03,7,7,-1.000,0
0.4204,2.20,0.00,0.91,0.38,0.06,7,7,-1.000,0
0.4246,2.19,-0.01,0.86,0.35,0.05,7,7,-1.000,0
0.4286,2.20,0.01,0.86,0.37,0.02,7,7,-1.000,0
0.4326,2.19,-0.00,0.91,0.35,0.05,7,7,-1.000,0
0.4370,2.13,-0.06,0.83,0.32,0.11,7,7,-1.000,0
0.4415,2.19,0.06,0.89,0.38,0.11,7,7,-1.000,0
0.4453,2.18,-0.00,0.91,0.32,0.07,7,7,-1.000,0
0.4495,2.20,0.02,0.90,0.37,0.05,7,7,-1.000,0
0.4537,2.19,-0.01,0.85,0.40,0.06,7,7,-1.000,0
0.4581,2.24,0.05,0.92,0.40,0.09,7,7,-1.000,0
0.4621,2.19,-0.05,0.84,0.38,0.09,7,7,-1.000,0
0.4662,2.11,-0.08,0.84,0.27,0.14,7,7,-1.000,0
0.4704,2.22,0.11,0.90,0.38,0.17,7,7,-1.000,0
0.4750,2.11,-0.12,0.80,0.29,0.18,7,7,-1.000,0
0.4789,2.19,0.08,0.88,0.35,0.13,7,7,-1.000,0
0.4828,2.21,0.02,0.89,0.38,0.04,7,7,-1.000,0
0.4871,2.18,-0.03,0.92,0.36,0.05,7,7,-1.000,0
0.4915,2.19,0.01,0.90,0.38,0.03,7,7,-1.000,0
0.4953,2.18,-0.01,0.88,0.33,0.06,7,7,-1.000,0
0.4995,2.18,0.00,0.88,0.38,0.05,7,7,-1.000,0
0.5037,2.21,0.03,0.87,0.41,0.05,7,7,-1.000,0
0.5079,2.19,-0.02,0.88,0.36,0.06,7,7,-1.000,0
0.5120,2.13,-0.06,0.77,0.34,0.13,7,7,-1.000,0
0.5161,2.18,0.05,0.88,0.40,0.13,7,7,-1.000,0
0.5203,2.18,0.00,0.92,0.30,0.10,7,7,-1.000,0
0.5249,2.19,0.02,0.89,0.36,0.06,7,7,-1.000,0
0.5287,2.19,-0.00,0.87,0.40,0.04,7,7,-1.000,0
0.5328,2.21,0.02,0.92,0.40,0.05,7,7,-1.000,0
0.5371,2.15,-0.07,0.79,0.32,0.17,7,7,-1.000,0
0.5415,2.13,-0.01,0.84,0.31,0.06,7,7,-1.000,0
0.5454,2.18,0.05,0.90,0.36,0.09,7,7,-1.000,0
0.5495,2.20,0.02,0.86,0.39,0.06,7,7,-1.000,0
0.5537,2.18,-0.01,0.90,0.35,0.07,7,7,-1.000,0
0.5582,2.21,0.02,0.91,0.40,0.06,7,7,-1.000,0
0.5620,2.18,-0.03,0.92,0.31,0.09,7,7,-1.000,0
0.5662,2.20,0.02,0.83,0.41,0.13,7,7,-1.000,0
0.5704,2.21,0.01,0.89,0.37,0.07,7,7,-1.000,0
0.5750,2.17,-0.04,0.92,0.32,0.07,7,7,-1.000,0
0.5788,2.13,-0.05,0.81,0.33,0.13,7,7,-1.000,0
0.5828,2.21,0.09,0.88,0.38,0.12,7,7,-1.000,0
0.5872,2.19,-0.03,0.87,0.36,0.04,7,7,-1.000,0
0.5915,2.18,-0.00,0.84,0.39,0.04,7,7,-1.000,0
0.5954,2.12,-0.06,0.80,0.31,0.11,7,7,-1.000,0
0.5994,2.12,-0.01,0.83,0.26,0.06,7,7,-1.000,0
0.6038,2.17,0.06,0.85,0.39,0.14,7,7,-1.000,0
0.6082,2.12,-0.06,0.79,0.31,0.12,7,7,-1.000,0
0.6120,2.19,0.07,0.86,0.36,0.11,7,7,-1.000,0
0.6162,2.14,-0.05,0.85,0.29,0.08,7,7,-1.000,0
0.6204,2.20,0.06,0.90,0.40,0.14,7,7,-1.000,0
0.6248,2.21,0.02,0.89,0.42,0.02,7,7,-1.000,0
0.6289,2.13,-0.09,0.82,0.30,0.16,7,7,-1.000,0
0.6328,2.19,0.06,0.91,0.37,0.13,7,7,-1.000,0
0.6371,2.14,-0.05,0.81,0.32,0.12,7,7,-1.000,0
0.6415,2.19,0.05,0.88,0.35,0.09,7,7,-1.000,0
0.6454,2.14,-0.05,0.83,0.36,0.07,7,7,-1.000,0
0.6495,2.23,0.08,0.95,0.36,0.15,7,7,-1.000,0
0.6537,2.13,-0.10,0.83,0.29,0.17,7,7,-1.000,0
0.6582,2.18,0.06,0.93,0.35,0.12,7,7,-1.000,0
0.6622,2.19,0.01,0.87,0.40,0.08,7,7,-1.000,0
0.6661,2.14,-0.05,0.83,0.36,0.08,7,7,-1.000,0
0.6704,2.11,-0.03,0.78,0.30,0.08,7,7,-1.000,0
0.6748,2.20,0.09,0.93,0.36,0.18,7,7,-1.000,0
0.6789,2.05,-0.15,1.05,-0.05,0.45,7,7,-1.000,0
0.6830,2.14,0.08,0.85,0.31,0.42,7,7,-1.000,0
0.6871,2.20,0.07,0.89,0.37,0.10,7,7,-1.000,0
0.6914,2.20,-0.01,0.91,0.39,0.02,7,7,-1.000,0
0.6955,2.11,-0.08,0.85,0.27,0.16,7,7,-1.000,0
0.6994,2.19,0.08,0.88,0.38,0.14,7,7,-1.000,0
0.7037,2.19,-0.00,0.89,0.38,0.01,7,7,-1.000,0
0.7081,2.23,0.04,0.91,0.41,0.06,7,7,-1.000,0
0.7120,2.20,-0.03,0.92,0.34,0.07,7,7,-1.000,0
0.7161,2.22,0.01,0.91,0.39,0.06,7,7,-1.000,0
0.7203,2.18,-0.03,0.88,0.41,0.05,7,7,-1.000,0
0.7247,2.14,-0.04,0.84,0.32,0.11,7,7,-1.000,0
0.7287,2.14,-0.01,0.87,0.30,0.03,7,7,-1.000,0
0.7327,2.23,0.09,0.90,0.39,0.13,7,7,-1.000,0
0.7369,2.21,-0.02,0.88,0.39,0.03,7,7,-1.000,0
0.7415,2.18,-0.03,0.91,0.32,0.09,7,7,-1.000,0
0.7455,2.20,0.02,0.91,0.34,0.03,7,7,-1.000,0
0.7495,2.16,-0.04,0.81,0.37,0.12,7,7,-1.000,0
0.7537,2.14,-0.02,0.82,0.33,0.05,7,7,-1.000,0
0.7582,2.20,0.06,0.89,0.40,0.11,7,7,-1.000,0
0.7621,2.21,0.01,0.92,0.35,0.06,7,7,-1.000,0
0.7662,2.20,-0.01,0.95,0.33,0.04,7,7,-1.000,0
0.7704,2.21,0.01,0.92,0.35,0.04,7,7,-1.000,0
0.7747,2.13,-0.08,0.77,0.31,0.17,7,7,-1.000,0
0.7787,2.14,0.01,0.80,0.32,0.03,7,7,-1.000,0
0.7828,2.14,0.00,0.86,0.31,0.06,7,7,-1.000,0
0.7870,2.19,0.05,0.88,0.35,0.07,7,7,-1.000,0
0.7915,2.14,-0.06,0.81,0.32,0.09,7,7,-1.000,0
0.7955,2.12,-0.01,0.85,0.28,0.06,7,7,-1.000,0
0.7995,2.13,0.01,0.80,0.31,0.06,7,7,-1.000,0
0.8037,2.07,-0.06,1.01,0.04,0.35,7,7,-1.000,0
0.8079,2.20,0.14,0.89,0.36,0.37,7,7,-1.000,0
0.8122,2.12,-0.08,0.77,0.31,0.15,7,7,-1.000,0
0.8165,2.21,0.09,0.92,0.37,0.18,7,7,-1.000,0
0.8206,2.14,-0.08,0.85,0.27,0.14,7,7,-1.000,0
0.8248,2.12,-0.02,0.81,0.28,0.05,7,7,-1.000,0
0.8288,2.19,0.07,0.87,0.36,0.13,7,7,-1.000,0
0.8327,2.14,-0.05,0.85,0.29,0.09,7,7,-1.000,0
0.8371,2.20,0.06,0.92,0.34,0.10,7,7,-1.000,0
0.8416,2.13,-0.07,0.84,0.29,0.11,7,7,-1.000,0
0.8455,2.18,0.06,0.87,0.36,0.10,7,7,-1.000,0
0.8495,2.20,0.02,0.86,0.39,0.04,7,7,-1.000,0
0.8538,2.12,-0.08,0.85,0.27,0.15,7,7,-1.000,0
0.8582,2.16,0.04,0.81,0.33,0.08,7,7,-1.000,0
0.8622,2.21,0.05,0.85,0.43,0.12,7,7,-1.000,0
0.8661,2.19,-0.02,0.91,0.32,0.13,7,7,-1.000,0
0.8704,2.14,-0.06,0.83,0.27,0.11,7,7,-1.000,0
0.8746,2.13,-0.00,0.81,0.28,0.03,7,7,-1.000,0
0.8787,2.13,-0.01,0.83,0.26,0.03,7,7,-1.000,0
0.8827,2.13,0.01,0.89,0.24,0.07,7,7,-1.000,0
0.8873,2.21,0.08,0.90,0.38,0.16,7,7,-1.000,0
0.8915,2.19,-0.02,0.87,0.37,0.03,7,7,-1.000,0
0.8954,2.18,-0.01,0.86,0.35,0.03,7,7,-1.000,0
0.8994,2.19,0.01,0.87,0.36,0.02,7,7,-1.000,0
0.9037,2.13,-0.06,0.78,0.33,0.11,7,7,-1.000,0
0.9082,2.20,0.07,0.93,0.38,0.17,7,7,-1.000,0
0.9120,2.12,-0.08,0.75,0.30,0.22,7,7,-1.000,0
0.9162,2.18,0.07,0.86,0.35,0.14,7,7,-1.000,0
0.9204,2.20,0.02,0.89,0.34,0.04,7,7,-1.000,0
0.9249,2.17,-0.03,0.88,0.30,0.05,7,7,-1.000,0
0.9288,2.17,-0.00,0.89,0.36,0.06,7,7,-1.000,0
0.9328,2.22,0.05,0.95,0.35,0.08,7,7,-1.000,0
0.9371,2.21,-0.01,0.90,0.35,0.05,7,7,-1.000,0
0.9415,2.19,-0.02,0.90,0.38,0.03,7,7,-1.000,0
0.9454,2.20,0.01,0.87,0.38,0.03,7,7,-1.000,0
0.9495,2.21,0.00,0.85,0.37,0.03,7,7,-1.000,0
0.9537,2.13,-0.08,0.81,0.33,0.10,7,7,-1.000,0
0.9582,2.14,0.01,0.80,0.29,0.03,7,7,-1.000,0
0.9619,2.20,0.06,0.91,0.35,0.14,7,7,-1.000,0
0.9661,2.12,-0.09,0.83,0.26,0.15,7,7,-1.000,0
0.9703,2.14,0.02,1.09,0.03,0.35,7,7,-1.000,0
0.9748,2.12,-0.02,0.86,0.21,0.30,7,7,-1.000,0
0.9788,2.14,0.02,0.76,0.37,0.18,7,7,-1.000,0
0.9828,2.22,0.09,0.91,0.36,0.17,7,7,-1.000,0
0.9872,2.13,-0.10,0.85,0.28,0.13,7,7,-1.000,0
0.9916,2.19,0.06,0.89,0.35,0.10,7,7,-1.000,0
0.9954,2.09,-0.10,0.80,0.25,0.17,7,7,-1.000,0
0.9995,2.19,0.10,0.88,0.39,0.19,7,7,-1.000,0
1.0038,2.21,0.02,0.93,0.37,0.05,7,7,-1.000,0
1.0082,2.13,-0.08,0.85,0.28,0.14,7,7,-1.000,0
1.0121,2.14,0.02,0.86,0.29,0.02,7,7,-1.000,0
1.0162,2.14,-0.00,0.81,0.30,0.05,7,7,-1.000,0
1.0203,2.13,-0.02,0.77,0.31,0.04,7,7,-1.000,0
1.0248,2.20,0.08,0.88,0.41,0.17,7,7,-1.000,0
1.0288,2.22,0.01,0.90,0.39,0.03,7,7,-1.000,0
1.0327,2.12,-0.10,0.85,0.25,0.18,7,7,-1.000,0
1.0370,2.11,-0.01,0.82,0.27,0.04,7,7,-1.000,0
1.0414,2.19,0.09,0.85,0.40,0.16,7,7,-1.000,0
1.0453,2.20,0.00,0.93,0.31,0.12,7,7,-1.000,0
1.0494,2.04,-0.16,1.06,-0.04,0.41,7,7,-1.000,0
1.0537,2.11,0.07,0.82,0.27,0.40,7,7,-1.000,0
1.0581,2.19,0.08,0.87,0.37,0.13,7,7,-1.000,0
1.0619,2.16,-0.03,0.86,0.34,0.04,7,7,-1.000,0
1.0661,2.12,-0.04,0.83,0.29,0.07,7,7,-1.000,0
1.0702,2.13,0.01,0.86,0.30,0.04,7,7,-1.000,0
1.0748,2.20,0.07,0.87,0.40,0.13,7,7,-1.000,0
1.0788,2.21,0.01,0.92,0.37,0.06,7,7,-1.000,0
1.0827,2.21,0.00,0.88,0.43,0.07,7,7,-1.000,0
1.0872,2.12,-0.09,0.81,0.27,0.20,7,7,-1.000,0
1.0913,2.20,0.08,0.87,0.40,0.17,7,7,-1.000,0
1.0954,2.20,-0.00,0.91,0.39,0.03,7,7,-1.000,0
1.0997,2.20,-0.00,0.88,0.36,0.04,7,7,-1.000,0
1.1046,2.20,0.01,0.89,0.39,0.03,7,7,-1.000,0
1.1102,2.20,-0.00,0.87,0.38,0.02,7,7,-1.000,0
1.1143,2.13,-0.07,0.89,0.25,0.15,7,7,-1.000,0
1.1183,2.14,0.01,0.79,0.31,0.11,7,7,-1.000,0
1.1225,2.21,0.07,0.90,0.36,0.14,7,7,-1.000,0
1.1266,2.12,-0.09,0.81,0.29,0.15,7,7,-1.000,0
1.1311,2.20,0.08,0.88,0.37,0.13,7,7,-1.000,0
1.1354,2.18,-0.03,0.88,0.38,0.03,7,7,-1.000,0
1.1395,2.12,-0.06,0.82,0.30,0.12,7,7,-1.000,0
1.1437,2.19,0.07,0.93,0.31,0.13,7,7,-1.000,0
1.1496,2.12,-0.07,0.84,0.29,0.12,7,7,-1.000,0
1.1527,2.04,-0.08,1.10,-0.09,0.47,7,7,-1.000,0
1.1565,2.07,0.03,1.02,-0.01,0.12,7,7,-1.000,0
1.1604,2.18,0.11,0.90,0.36,0.41,7,7,-1.000,0
1.1640,2.18,0.00,0.89,0.36,0.01,7,7,-1.000,0
1.1682,2.21,0.03,0.94,0.36,0.06,7,7,-1.000,0
1.1724,2.21,0.00,0.87,0.41,0.09,7,7,-1.000,0
1.1767,2.13,-0.09,0.85,0.30,0.15,7,7,-1.000,0
1.1790,2.22,0.09,0.94,0.33,0.13,7,7,-1.000,0
1.1833,2.12,-0.10,0.84,0.30,0.14,7,7,-1.000,0
1.1875,2.19,0.07,0.88,0.39,0.12,7,7,-1.000,0
1.1912,2.18,-0.01,0.86,0.38,0.02,7,7,-1.000,0
1.1953,2.18,-0.00,0.90,0.32,0.07,7,7,-1.000,0
1.1993,2.22,0.04,0.98,0.35,0.09,7,7,-1.000,0
1.2037,2.14,-0.08,0.85,0.31,0.15,7,7,-1.000,0
1.2082,2.19,0.05,0.87,0.41,0.11,7,7,-1.000,0
1.2121,2.10,-0.08,0.81,0.27,0.18,7,7,-1.000,0
1.2162,2.21,0.10,0.89,0.35,0.16,7,7,-1.000,0
1.2206,2.12,-0.08,0.78,0.30,0.16,7,7,-1.000,0
1.2249,2.13,0.01,0.82,0.32,0.05,7,7,-1.000,0
1.2288,2.13,-0.00,0.82,0.27,0.05,7,7,-1.000,0
1.2327,2.21,0.09,0.85,0.42,0.17,7,7,-1.000,0
1.2370,2.22,0.01,0.89,0.41,0.04,7,7,-1.000,0
1.2412,2.23,0.01,0.91,0.39,0.03,7,7,-1.000,0
1.2453,2.20,-0.03,0.90,0.36,0.04,7,7,-1.000,0
1.2494,2.20,-0.00,0.90,0.37,0.01,7,7,-1.000,0
1.2536,2.16,-0.04,0.85,0.31,0.09,7,7,-1.000,0
1.2583,2.18,0.02,0.84,0.37,0.07,7,7,-1.000,0
1.2622,2.18,0.01,0.89,0.34,0.06,7,7,-1.000,0
1.2662,2.21,0.02,0.89,0.39,0.06,7,7,-1.000,0
1.2705,2.23,0.02,0.87,0.44,0.06,7,7,-1.000,0
1.2749,2.11,-0.12,0.83,0.25,0.23,7,7,-1.000,0
1.2788,2.20,0.10,0.86,0.41,0.19,7,7,-1.000,0
1.2828,2.20,-0.00,0.84,0.39,0.03,7,7,-1.000,0
1.2871,2.19,-0.01,0.90,0.36,0.07,7,7,-1.000,0
1.2914,2.20,0.01,0.91,0.32,0.05,7,7,-1.000,0
1.2954,2.20,-0.00,0.89,0.39,0.07,7,7,-1.000,0
1.2995,2.18,-0.01,0.89,0.37,0.02,7,7,-1.000,0
1.3039,2.16,-0.02,0.88,0.34,0.04,7,7,-1.000,0
1.3083,2.20,0.04,0.90,0.37,0.06,7,7,-1.000,0
1.3121,2.19,-0.02,0.88,0.38,0.03,7,7,-1.000,0
1.3161,2.13,-0.06,0.77,0.29,0.16,7,7,-1.000,0
1.3205,2.19,0.06,0.90,0.41,0.19,7,7,-1.000,0
1.3247,2.20,0.01,0.85,0.37,0.07,7,7,-1.000,0
1.3288,2.22,0.02,0.89,0.43,0.08,7,7,-1.000,0
1.3327,2.21,-0.01,0.88,0.39,0.04,7,7,-1.000,0
1.3370,2.20,-0.01,0.85,0.39,0.03,7,7,-1.000,0
1.3417,2.19,-0.01,0.84,0.41,0.02,7,7,-1.000,0
1.3452,2.24,0.05,0.90,0.43,0.08,7,7,-1.000,0
1.3493,2.11,-0.13,0.82,0.30,0.20,7,7,-1.000,0
1.3536,2.19,0.07,0.92,0.35,0.13,7,7,-1.000,0
1.3581,2.19,0.01,0.93,0.33,0.03,7,7,-1.000,0
1.3621,2.20,0.00,0.92,0.35,0.02,7,7,-1.000,0
1.3661,2.15,-0.05,0.79,0.32,0.15,7,7,-1.000,0
1.3703,2.18,0.04,0.87,0.31,0.09,7,7,-1.000,0
1.3747,2.16,-0.03,0.94,0.30,0.07,7,7,-1.000,0
1.3787,2.21,0.05,0.89,0.42,0.14,7,7,-1.000,0
1.3828,2.20,-0.01,0.88,0.36,0.06,7,7,-1.000,0
1.3870,2.21,0.01,0.92,0.36,0.05,7,7,-1.000,0
1.3914,2.18,-0.04,0.86,0.37,0.07,7,7,-1.000,0
1.3954,2.12,-0.05,0.82,0.29,0.11,7,7,-1.000,0
1.3994,2.22,0.09,0.93,0.39,0.18,7,7,-1.000,0
1.4036,2.21,-0.00,0.91,0.37,0.03,7,7,-1.000,0
1.4079,2.20,-0.02,0.89,0.36,0.03,7,7,-1.000,0
1.4122,2.22,0.02,0.89,0.41,0.06,7,7,-1.000,0
1.4162,2.18,-0.04,0.86,0.39,0.05,7,7,-1.000,0
1.4204,2.11,-0.07,0.82,0.28,0.14,7,7,-1.000,0
1.4248,2.21,0.10,0.89,0.37,0.16,7,7,-1.000,0
1.4289,2.17,-0.04,0.91,0.36,0.05,7,7,-1.000,0
1.4327,2.19,0.02,0.90,0.37,0.03,7,7,-1.000,0
1.4369,2.14,-0.05,0.82,0.31,0.11,7,7,-1.000,0
1.4415,2.21,0.06,0.94,0.36,0.15,7,7,-1.000,0
1.4454,2.20,-0.01,0.93,0.35,0.02,7,7,-1.000,0
1.4496,2.18,-0.01,0.89,0.34,0.04,7,7,-1.000,0
1.4537,2.13,-0.06,1.05,0.06,0.32,7,7,-1.000,0
1.4581,2.13,0.00,0.81,0.26,0.31,7,7,-1.000,0
1.4621,2.12,-0.01,0.76,0.28,0.05,7,7,-1.000,0
1.4660,2.19,0.07,0.90,0.38,0.18,7,7,-1.000,0
1.4702,2.18,-0.01,0.90,0.33,0.05,7,7,-1.000,0
1.4747,2.23,0.04,0.90,0.38,0.07,7,7,-1.000,0
1.4789,2.20,-0.02,0.87,0.40,0.04,7,7,-1.000,0
1.4826,2.11,-0.09,0.78,0.35,0.14,7,7,-1.000,0
1.4869,2.19,0.07,0.90,0.35,0.15,7,7,-1.000,0
1.4914,2.20,0.01,0.90,0.36,0.01,7,7,-1.000,0
1.4953,2.13,-0.07,0.85,0.30,0.11,7,7,-1.000,0
1.4993,2.12,-0.01,0.81,0.29,0.04,7,7,-1.000,0
1.5036,2.10,-0.02,0.73,0.28,0.08,7,7,-1.000,0
1.5080,2.11,0.01,0.80,0.28,0.07,7,7,-1.000,0
1.5123,2.12,0.01,0.80,0.29,0.01,7,7,-1.000,0
1.5161,2.23,0.11,0.93,0.36,0.18,7,7,-1.000,0
1.5203,2.19,-0.03,0.86,0.37,0.07,7,7,-1.000,0
1.5247,2.14,-0.05,0.86,0.28,0.10,7,7,-1.000,0
1.5288,2.22,0.07,0.90,0.39,0.14,7,7,-1.000,0
1.5326,2.23,0.01,0.91,0.39,0.02,7,7,-1.000,0
1.5370,2.20,-0.03,0.91,0.36,0.05,7,7,-1.000,0
1.5415,2.20,0.00,0.90,0.38,0.03,7,7,-1.000,0
1.5456,2.19,-0.01,0.89,0.37,0.02,7,7,-1.000,0
1.5495,2.14,-0.05,0.80,0.30,0.12,7,7,-1.000,0
1.5537,2.17,0.04,0.91,0.33,0.12,7,7,-1.000,0
1.5580,2.20,0.03,0.88,0.38,0.06,7,7,-1.000,0
1.5623,2.20,-0.00,0.90,0.39,0.02,7,7,-1.000,0
1.5661,2.19,-0.01,0.86,0.37,0.04,7,7,-1.000,0
1.5703,2.21,0.02,0.85,0.41,0.04,7,7,-1.000,0
1.5745,2.13,-0.08,1.00,0.13,0.33,7,7,-1.000,0
1.5786,2.14,0.01,0.80,0.34,0.30,7,7,-1.000,0
1.5826,2.15,0.01,0.81,0.33,0.03,7,7,-1.000,0
1.5869,2.19,0.05,0.86,0.40,0.10,7,7,-1.000,0
1.5913,2.18,-0.01,0.90,0.35,0.06,7,7,-1.000,0
1.5954,2.14,-0.03,0.82,0.33,0.09,7,7,-1.000,0
1.5994,2.18,0.04,0.83,0.32,0.04,7,7,-1.000,0
1.6036,2.14,-0.04,0.81,0.34,0.05,7,7,-1.000,0
1.6077,2.20,0.06,0.90,0.36,0.11,7,7,-1.000,0
1.6119,2.19,-0.01,0.87,0.37,0.04,7,7,-1.000,0
1.6161,2.13,-0.06,0.77,0.32,0.12,7,7,-1.000,0
1.6203,2.21,0.08,0.90,0.39,0.16,7,7,-1.000,0
1.6244,2.14,-0.07,0.75,0.36,0.16,7,7,-1.000,0
1.6286,2.21,0.07,0.96,0.30,0.23,7,7,-1.000,0
1.6325,2.17,-0.03,0.84,0.35,0.14,7,7,-1.000,0
1.6369,2.17,0.00,0.88,0.35,0.04,7,7,-1.000,0
1.6412,2.19,0.02,0.89,0.39,0.04,7,7,-1.000,0
1.6453,2.12,-0.07,0.87,0.25,0.16,7,7,-1.000,0
1.6494,2.18,0.06,0.90,0.35,0.12,7,7,-1.000,0
1.6536,2.14,-0.04,0.85,0.31,0.07,7,7,-1.000,0
1.6580,2.13,-0.02,0.81,0.29,0.05,7,7,-1.000,0
1.6618,2.12,-0.00,0.84,0.34,0.06,7,7,-1.000,0
1.6660,2.12,-0.00,0.81,0.33,0.03,7,7,-1.000,0
1.6702,2.21,0.09,0.87,0.40,0.13,7,7,-1.000,0
1.6747,2.21,-0.00,0.88,0.35,0.05,7,7,-1.000,0
1.6788,2.20,-0.01,0.91,0.37,0.04,7,7,-1.000,0
1.6828,2.22,0.02,0.90,0.40,0.04,7,7,-1.000,0
1.6870,2.11,-0.11,0.75,0.33,0.20,7,7,-1.000,0
1.6913,2.13,0.01,0.83,0.29,0.10,7,7,-1.000,0
1.6954,2.07,-0.06,1.01,-0.01,0.35,7,7,-1.000,0
1.6995,2.11,0.04,0.78,0.30,0.39,7,7,-1.000,0
1.7037,2.19,0.08,0.89,0.33,0.14,7,7,-1.000,0
1.7082,2.13,-0.06,1.07,0.01,0.38,7,7,-1.000,0
1.7121,2.14,0.02,0.85,0.26,0.34,7,7,-1.000,0
1.7162,2.20,0.06,0.92,0.35,0.13,7,7,-1.000,0
1.7204,2.20,-0.00,0.88,0.40,0.07,7,7,-1.000,0
1.7246,2.11,-0.09,0.83,0.25,0.19,7,7,-1.000,0
1.7286,2.19,0.08,0.90,0.35,0.15,7,7,-1.000,0
1.7328,2.20,0.01,0.92,0.37,0.03,7,7,-1.000,0
1.7371,2.20,0.00,0.92,0.36,0.01,7,7,-1.000,0
1.7416,2.21,0.01,0.94,0.36,0.02,7,7,-1.000,0
1.7455,2.22,0.02,0.96,0.36,0.02,7,7,-1.000,0
1.7494,2.12,-0.10,0.82,0.32,0.17,7,7,-1.000,0
1.7538,2.19,0.07,0.83,0.40,0.11,7,7,-1.000,0
1.7581,2.22,0.03,0.95,0.38,0.13,7,7,-1.000,0
1.7620,2.20,-0.02,0.96,0.36,0.03,7,7,-1.000,0
1.7662,2.21,0.01,0.94,0.32,0.04,7,7,-1.000,0
1.7703,2.14,-0.08,1.09,0.04,0.33,7,7,-1.000,0
1.7748,2.18,0.04,0.92,0.31,0.32,7,7,-1.000,0
1.7786,2.23,0.06,0.94,0.35,0.07,7,7,-1.000,0
1.7827,2.21,-0.02,0.87,0.42,0.10,7,7,-1.000,0
1.7870,2.21,-0.00,0.88,0.39,0.03,7,7,-1.000,0
1.7916,2.22,0.01,0.90,0.42,0.04,7,7,-1.000,0
1.7953,2.22,0.00,0.89,0.37,0.06,7,7,-1.000,0
1.7994,2.14,-0.08,0.84,0.33,0.10,7,7,-1.000,0
1.8037,2.18,0.03,0.90,0.33,0.07,7,7,-1.000,0
1.8078,2.12,-0.05,0.83,0.30,0.09,7,7,-1.000,0
1.8121,2.13,0.01,0.80,0.33,0.04,7,7,-1.000,0
1.8164,2.20,0.07,0.91,0.36,0.13,7,7,-1.000,0
1.8205,2.19,-0.01,0.93,0.33,0.04,7,7,-1.000,0
1.8248,2.13,-0.06,1.07,0.05,0.32,7,7,-1.000,0
1.8290,2.19,0.07,0.85,0.40,0.43,7,7,-1.000,0
1.8327,2.18,-0.02,0.87,0.34,0.07,7,7,-1.000,0
1.8371,2.23,0.05,0.92,0.39,0.09,7,7,-1.000,0
1.8414,2.14,-0.09,0.82,0.33,0.14,7,7,-1.000,0
1.8453,2.19,0.05,0.86,0.39,0.09,7,7,-1.000,0
1.8494,2.14,-0.06,0.77,0.32,0.13,7,7,-1.000,0
1.8536,2.18,0.05,0.90,0.36,0.15,7,7,-1.000,0
1.8581,2.20,0.02,0.91,0.36,0.02,7,7,-1.000,0
1.8620,2.20,-0.00,0.92,0.35,0.01,7,7,-1.000,0
1.8661,2.21,0.01,0.88,0.36,0.04,7,7,-1.000,0
1.8703,2.14,-0.07,0.83,0.33,0.09,7,7,-1.000,0
1.8750,2.11,-0.02,0.75,0.30,0.09,7,7,-1.000,0
1.8787,2.19,0.08,0.91,0.33,0.18,7,7,-1.000,0
1.8828,2.22,0.02,0.92,0.38,0.06,7,7,-1.000,0
1.8870,2.10,-0.11,0.79,0.32,0.18,7,7,-1.000,0
1.8915,2.18,0.08,0.86,0.36,0.11,7,7,-1.000,0
1.8953,2.18,-0.01,0.87,0.37,0.01,7,7,-1.000,0
1.8994,2.19,0.01,0.88,0.30,0.07,7,7,-1.000,0
1.9037,2.21,0.02,0.90,0.36,0.07,7,7,-1.000,0
1.9082,2.15,-0.06,0.82,0.32,0.11,7,7,-1.000,0
1.9121,2.13,-0.02,0.82,0.31,0.03,7,7,-1.000,0
1.9161,2.11,-0.02,0.84,0.28,0.04,7,7,-1.000,0
1.9203,2.13,0.02,0.79,0.31,0.07,7,7,-1.000,0
1.9249,2.21,0.08,0.90,0.38,0.15,7,7,-1.000,0
1.9286,2.11,-0.10,0.83,0.26,0.17,7,7,-1.000,0
1.9326,2.20,0.09,0.92,0.31,0.14,7,7,-1.000,0
1.9369,2.14,-0.06,0.79,0.30,0.14,7,7,-1.000,0
1.9415,2.20,0.06,0.92,0.34,0.14,7,7,-1.000,0
1.9453,2.12,-0.08,0.80,0.29,0.15,7,7,-1.000,0
1.9494,2.12,-0.00,0.80,0.32,0.03,7,7,-1.000,0
1.9536,2.18,0.07,0.91,0.35,0.13,7,7,-1.000,0
1.9582,2.19,0.00,0.84,0.39,0.08,7,7,-1.000,0
1.9620,2.23,0.04,0.88,0.41,0.06,7,7,-1.000,0
1.9661,2.13,-0.10,0.84,0.28,0.17,7,7,-1.000,0
1.9702,2.15,0.02,0.80,0.34,0.07,7,7,-1.000,0
1.9744,2.18,0.03,0.88,0.35,0.09,7,7,-1.000,0
1.9785,2.20,0.02,0.89,0.32,0.04,7,7,-1.000,0
1.9826,2.17,-0.02,0.91,0.35,0.05,7,7,-1.000,0
1.9869,2.20,0.03,0.89,0.32,0.05,7,7,-1.000,0
1.9914,2.19,-0.01,0.88,0.39,0.07,7,7,-1.000,0
1.9954,2.22,0.03,0.92,0.39,0.05,7,7,-1.000,0
1.9994,2.19,-0.03,0.93,0.36,0.05,7,7,-1.000,0
2.0036,2.14,-0.06,0.81,0.33,0.14,7,7,-1.000,0
2.0077,2.09,-0.05,0.83,0.27,0.08,7,7,-1.000,0
2.0118,2.23,0.14,0.92,0.38,0.20,7,7,-1.000,0
2.0160,2.11,-0.12,0.79,0.29,0.20,7,7,-1.000,0
2.0204,2.21,0.10,0.92,0.42,0.21,7,7,-1.000,0
2.0248,2.22,0.01,0.93,0.39,0.04,7,7,-1.000,0
2.0286,2.18,-0.04,0.90,0.36,0.06,7,7,-1.000,0
2.0326,2.21,0.03,0.89,0.37,0.04,7,7,-1.000,0
2.0370,2.19,-0.02,0.91,0.33,0.05,7,7,-1.000,0
2.0413,2.13,-0.06,0.87,0.29,0.08,7,7,-1.000,0
2.0454,2.16,0.03,0.81,0.33,0.08,7,7,-1.000,0
2.0494,2.11,-0.06,0.83,0.25,0.10,7,7,-1.000,0
2.0538,2.12,0.01,0.79,0.34,0.10,7,7,-1.000,0
2.0580,2.24,0.12,0.90,0.42,0.19,7,7,-1.000,0
2.0619,2.13,-0.11,0.82,0.31,0.18,7,7,-1.000,0
2.0662,2.13,0.00,0.80,0.30,0.03,7,7,-1.000,0
2.0702,2.18,0.05,0.88,0.40,0.14,7,7,-1.000,0
2.0746,2.14,-0.04,0.81,0.32,0.12,7,7,-1.000,0
2.0787,2.19,0.05,0.88,0.36,0.10,7,7,-1.000,0
2.0827,2.19,-0.00,0.89,0.37,0.02,7,7,-1.000,0
2.0871,2.19,-0.00,0.88,0.34,0.04,7,7,-1.000,0
2.0914,2.11,-0.07,0.81,0.30,0.11,7,7,-1.000,0
2.0953,2.13,0.02,0.83,0.33,0.05,7,7,-1.000,0
2.0996,2.13,0.00,0.83,0.32,0.02,7,7,-1.000,0
2.1040,2.20,0.06,0.88,0.37,0.10,7,7,-1.000,0
2.1102,2.21,0.01,0.91,0.39,0.04,7,7,-1.000,0
2.1146,2.18,-0.03,0.87,0.40,0.05,7,7,-1.000,0
2.1193,2.20,0.02,0.86,0.37,0.03,7,7,-1.000,0
2.1241,2.12,-0.07,0.79,0.33,0.11,7,7,-1.000,0
2.1279,2.13,0.01,0.79,0.34,0.02,7,7,-1.000,0
2.1327,2.12,-0.02,0.83,0.32,0.05,7,7,-1.000,0
2.1377,2.21,0.09,0.88,0.38,0.13,7,7,-1.000,0
2.1409,2.14,-0.07,1.10,0.00,0.45,7,7,-1.000,0
2.1448,2.20,0.06,0.83,0.41,0.49,7,7,-1.000,0
2.1469,2.20,-0.00,0.98,0.32,0.17,7,7,-1.000,0
2.1516,2.21,0.01,0.92,0.40,0.10,7,7,-1.000,0
2.1562,2.20,-0.01,0.91,0.37,0.03,7,7,-1.000,0
2.1609,2.12,-0.08,0.82,0.33,0.13,7,7,-1.000,0
2.1645,2.19,0.07,0.86,0.38,0.10,7,7,-1.000,0
2.1680,2.14,-0.05,0.79,0.34,0.10,7,7,-1.000,0
2.1723,2.13,-0.01,0.83,0.29,0.07,7,7,-1.000,0
2.1767,2.20,0.07,0.87,0.35,0.11,7,7,-1.000,0
2.1797,2.16,-0.04,0.81,0.30,0.09,7,7,-1.000,0
2.1832,2.20,0.04,0.89,0.37,0.11,7,7,-1.000,0
2.1874,2.20,-0.00,0.90,0.39,0.02,7,7,-1.000,0
2.1918,2.15,-0.05,0.86,0.27,0.14,7,7,-1.000,0
2.1956,2.15,0.00,0.83,0.35,0.09,7,7,-1.000,0
2.1997,2.13,-0.02,0.84,0.28,0.07,7,7,-1.000,0
2.2038,2.20,0.07,0.92,0.33,0.11,7,7,-1.000,0
2.2082,2.19,-0.01,0.88,0.39,0.07,7,7,-1.000,0
2.2122,2.21,0.01,0.87,0.39,0.02,7,7,-1.000,0
2.2163,2.19,-0.02,0.88,0.38,0.02,7,7,-1.000,0
2.2204,2.23,0.04,0.92,0.40,0.06,7,7,-1.000,0
2.2251,2.13,-0.11,0.83,0.30,0.17,7,7,-1.000,0
2.2289,2.19,0.06,0.88,0.35,0.10,7,7,-1.000,0
2.2328,2.20,0.01,0.92,0.36,0.04,7,7,-1.000,0
2.2371,2.18,-0.02,0.90,0.34,0.04,7,7,-1.000,0
2.2416,2.17,-0.01,0.89,0.35,0.02,7,7,-1.000,0
2.2456,2.21,0.04,0.89,0.40,0.06,7,7,-1.000,0
2.2496,2.19,-0.01,0.93,0.34,0.07,7,7,-1.000,0
2.2538,2.13,-0.07,0.80,0.35,0.15,7,7,-1.000,0
2.2582,2.20,0.08,0.92,0.34,0.14,7,7,-1.000,0
2.2622,2.19,-0.01,0.90,0.37,0.04,7,7,-1.000,0
2.2663,2.19,-0.01,0.91,0.37,0.01,7,7,-1.000,0
2.2705,2.20,0.02,0.90,0.36,0.02,7,7,-1.000,0
2.2750,2.19,-0.01,0.89,0.37,0.03,7,7,-1.000,0
2.2790,2.21,0.02,0.90,0.39,0.03,7,7,-1.000,0
2.2829,2.14,-0.07,0.83,0.32,0.13,7,7,-1.000,0
2.2872,2.11,-0.03,0.79,0.28,0.06,7,7,-1.000,0
2.2916,2.13,0.02,0.79,0.31,0.04,7,7,-1.000,0
2.2955,2.08,-0.05,1.03,-0.01,0.40,7,7,-1.000,0
2.2996,2.19,0.10,0.87,0.34,0.39,7,7,-1.000,0
2.3039,2.14,-0.05,0.80,0.36,0.09,7,7,-1.000,0
2.3083,2.12,-0.02,0.79,0.30,0.06,7,7,-1.000,0
2.3122,2.18,0.06,0.92,0.32,0.15,7,7,-1.000,0
2.3163,2.13,-0.06,0.78,0.34,0.15,7,7,-1.000,0
2.3398,2.14,0.01,0.82,0.31,0.05,7,7,-1.000,0
2.3418,2.19,0.06,0.92,0.36,0.12,7,7,-1.000,0
2.3456,2.20,0.01,0.88,0.38,0.05,7,7,-1.000,0
2.3496,2.15,-0.05,0.79,0.35,0.10,7,7,-1.000,0
2.3540,2.13,-0.02,0.83,0.29,0.08,7,7,-1.000,0
2.3582,2.14,0.01,0.81,0.30,0.02,7,7,-1.000,0
2.3621,2.20,0.06,0.88,0.36,0.11,7,7,-1.000,0
2.3662,2.20,0.00,0.88,0.37,0.01,7,7,-1.000,0
2.3704,2.18,-0.02,0.87,0.36,0.02,7,7,-1.000,0
2.3749,2.19,0.01,0.91,0.34,0.05,7,7,-1.000,0
2.3788,2.19,-0.00,0.92,0.35,0.02,7,7,-1.000,0
2.3828,2.12,-0.07,0.84,0.28,0.13,7,7,-1.000,0
2.3873,2.11,-0.01,0.81,0.29,0.03,7,7,-1.000,0
2.3917,2.12,0.01,0.79,0.30,0.03,7,7,-1.000,0
2.3955,2.18,0.05,0.88,0.36,0.12,7,7,-1.000,0
2.3996,2.19,0.02,0.89,0.36,0.02,7,7,-1.000,0
2.4039,2.14,-0.06,0.83,0.31,0.10,7,7,-1.000,0
2.4083,2.11,-0.03,0.85,0.26,0.05,7,7,-1.000,0
2.4122,2.18,0.07,0.90,0.29,0.09,7,7,-1.000,0
2.4163,2.20,0.03,0.90,0.42,0.13,7,7,-1.000,0
2.4207,2.14,-0.06,0.79,0.36,0.15,7,7,-1.000,0
2.4249,2.14,0.00,0.81,0.32,0.04,7,7,-1.000,0
2.4290,2.20,0.05,0.87,0.41,0.12,7,7,-1.000,0
2.4329,2.23,0.03,0.88,0.43,0.04,7,7,-1.000,0
2.4371,2.06,-0.17,1.04,-0.06,0.55,7,7,-1.000,0
2.4416,2.13,0.07,0.83,0.28,0.41,7,7,-1.000,0
2.4454,2.12,-0.01,0.84,0.27,0.01,7,7,-1.000,0
2.4495,2.13,0.01,0.78,0.32,0.07,7,7,-1.000,0
2.4537,2.14,0.01,0.84,0.34,0.06,7,7,-1.000,0
2.4581,2.19,0.05,0.89,0.36,0.07,7,7,-1.000,0
2.4621,2.13,-0.07,0.83,0.26,0.13,7,7,-1.000,0
2.4662,2.21,0.09,0.89,0.41,0.19,7,7,-1.000,0
2.4703,2.07,-0.14,1.01,0.03,0.43,7,7,-1.000,0
2.4745,2.20,0.13,0.97,0.32,0.32,7,7,-1.000,0
2.4787,2.13,-0.07,0.87,0.30,0.13,7,7,-1.000,0
2.4826,2.18,0.05,0.86,0.40,0.12,7,7,-1.000,0
2.4871,2.18,0.01,0.90,0.34,0.07,7,7,-1.000,0
2.4915,2.20,0.01,0.90,0.37,0.03,7,7,-1.000,0
2.4954,2.12,-0.08,0.82,0.29,0.13,7,7,-1.000,0
2.4993,2.14,0.02,0.82,0.34,0.05,7,7,-1.000,0
2.5038,2.20,0.07,0.90,0.41,0.12,7,7,-1.000,0
2.5082,2.20,0.00,0.88,0.40,0.02,7,7,-1.000,0
2.5121,2.22,0.01,0.89,0.35,0.05,7,7,-1.000,0
2.5162,2.11,-0.10,0.81,0.28,0.14,7,7,-1.000,0
2.5204,2.13,0.02,0.84,0.29,0.03,7,7,-1.000,0
2.5249,2.13,0.00,0.81,0.32,0.04,7,7,-1.000,0
2.5288,2.17,0.04,0.89,0.36,0.09,7,7,-1.000,0
2.5328,2.14,-0.03,0.81,0.32,0.09,7,7,-1.000,0
2.5371,2.20,0.06,0.90,0.35,0.11,7,7,-1.000,0
2.5417,2.20,0.00,0.88,0.40,0.05,7,7,-1.000,0
2.5454,2.19,-0.01,0.87,0.35,0.05,7,7,-1.000,0
2.5494,2.21,0.01,0.94,0.35,0.07,7,7,-1.000,0
2.5537,2.19,-0.02,0.92,0.35,0.03,7,7,-1.000,0
2.5581,2.21,0.02,0.89,0.40,0.06,7,7,-1.000,0
2.5621,2.14,-0.07,0.84,0.31,0.13,7,7,-1.000,0
2.5661,2.22,0.08,0.89,0.40,0.13,7,7,-1.000,0
2.5703,2.14,-0.08,0.84,0.27,0.16,7,7,-1.000,0
2.5749,2.24,0.10,0.94,0.38,0.18,7,7,-1.000,0
2.5789,2.20,-0.04,0.90,0.35,0.06,7,7,-1.000,0
2.5828,2.16,-0.05,0.79,0.38,0.12,7,7,-1.000,0
2.5872,2.20,0.04,0.87,0.38,0.09,7,7,-1.000,0
2.5914,2.13,-0.07,0.81,0.34,0.10,7,7,-1.000,0
2.5954,2.13,0.01,0.89,0.27,0.11,7,7,-1.000,0
2.5995,2.12,-0.01,0.79,0.30,0.11,7,7,-1.000,0
2.6038,2.21,0.09,0.85,0.37,0.13,7,7,-1.000,0
2.6082,2.21,-0.00,0.90,0.36,0.05,7,7,-1.000,0
2.6122,2.14,-0.06,0.79,0.34,0.12,7,7,-1.000,0
2.6162,2.13,-0.02,0.85,0.28,0.09,7,7,-1.000,0
2.6203,2.12,-0.01,0.83,0.25,0.04,7,7,-1.000,0
2.6249,2.20,0.08,0.91,0.35,0.15,7,7,-1.000,0
2.6287,2.14,-0.06,0.82,0.31,0.11,7,7,-1.000,0
2.6327,2.12,-0.02,0.82,0.28,0.04,7,7,-1.000,0
2.6372,2.11,-0.01,0.86,0.25,0.04,7,7,-1.000,0
2.6415,2.13,0.02,0.82,0.28,0.05,7,7,-1.000,0
2.6455,2.19,0.07,0.91,0.33,0.12,7,7,-1.000,0
2.6495,2.20,0.00,0.86,0.38,0.06,7,7,-1.000,0
2.6538,2.13,-0.07,0.82,0.32,0.10,7,7,-1.000,0
2.6582,2.13,-0.01,0.81,0.32,0.01,7,7,-1.000,0
2.6621,2.14,0.01,0.81,0.36,0.04,7,7,-1.000,0
2.6661,2.13,-0.01,0.76,0.33,0.05,7,7,-1.000,0
2.6703,2.12,-0.01,0.76,0.37,0.04,7,7,-1.000,0
2.6749,2.18,0.07,0.85,0.33,0.11,7,7,-1.000,0
2.6788,2.19,0.01,0.88,0.38,0.05,7,7,-1.000,0
2.6828,2.19,0.00,0.89,0.37,0.02,7,7,-1.000,0
2.6871,2.14,-0.05,0.85,0.30,0.10,7,7,-1.000,0
2.6915,2.11,-0.03,0.82,0.29,0.04,7,7,-1.000,0
2.6954,2.17,0.06,0.85,0.32,0.06,7,7,-1.000,0
2.6995,2.20,0.03,0.88,0.33,0.05,7,7,-1.000,0
2.7038,2.13,-0.07,0.81,0.32,0.10,7,7,-1.000,0
2.7082,2.20,0.07,0.90,0.36,0.12,7,7,-1.000,0
2.7119,2.11,-0.09,0.80,0.29,0.16,7,7,-1.000,0
2.7160,2.14,0.03,0.84,0.28,0.05,7,7,-1.000,0
2.7203,2.15,0.01,0.82,0.32,0.04,7,7,-1.000,0
2.7248,2.20,0.05,0.90,0.39,0.12,7,7,-1.000,0
2.7288,2.20,-0.00,0.88,0.35,0.04,7,7,-1.000,0
2.7328,2.19,-0.01,0.90,0.35,0.02,7,7,-1.000,0
2.7372,2.21,0.02,0.90,0.40,0.05,7,7,-1.000,0
2.7416,2.11,-0.09,0.80,0.32,0.15,7,7,-1.000,0
2.7454,2.21,0.09,0.88,0.47,0.19,7,7,-1.000,0
2.7494,2.18,-0.03,0.88,0.38,0.10,7,7,-1.000,0
2.7538,2.22,0.04,0.89,0.43,0.07,7,7,-1.000,0
2.7581,2.16,-0.06,0.81,0.34,0.14,7,7,-1.000,0
2.7620,2.15,-0.01,0.83,0.35,0.02,7,7,-1.000,0
2.7660,2.12,-0.03,0.85,0.27,0.09,7,7,-1.000,0
2.7703,2.18,0.06,0.87,0.37,0.12,7,7,-1.000,0
2.7749,2.19,0.01,0.88,0.39,0.02,7,7,-1.000,0
2.7788,2.21,0.01,0.95,0.34,0.08,7,7,-1.000,0
2.7827,2.12,-0.08,0.82,0.34,0.15,7,7,-1.000,0
2.7871,2.12,0.00,0.80,0.30,0.04,7,7,-1.000,0
2.7912,2.19,0.07,0.93,0.36,0.16,7,7,-1.000,0
2.7953,2.19,-0.01,0.88,0.38,0.06,7,7,-1.000,0
2.7994,2.13,-0.06,0.82,0.31,0.11,7,7,-1.000,0
2.8036,2.21,0.08,0.88,0.35,0.11,7,7,-1.000,0
2.8078,2.20,-0.01,0.88,0.42,0.07,7,7,-1.000,0
2.8123,2.13,-0.07,0.80,0.32,0.14,7,7,-1.000,0
2.8165,2.10,-0.03,0.79,0.28,0.06,7,7,-1.000,0
2.8204,2.20,0.10,0.91,0.39,0.19,7,7,-1.000,0
2.8247,2.22,0.02,0.88,0.41,0.04,7,7,-1.000,0
2.8286,2.21,-0.01,0.89,0.39,0.02,7,7,-1.000,0
2.8327,2.13,-0.08,0.86,0.26,0.15,7,7,-1.000,0
2.8370,2.22,0.09,0.92,0.40,0.18,7,7,-1.000,0
2.8415,2.11,-0.11,0.83,0.27,0.20,7,7,-1.000,0
2.8454,2.18,0.07,0.86,0.38,0.14,7,7,-1.000,0
2.8494,2.21,0.03,0.87,0.39,0.03,7,7,-1.000,0
2.8537,2.19,-0.02,0.93,0.33,0.09,7,7,-1.000,0
2.8581,2.13,-0.05,0.87,0.27,0.10,7,7,-1.000,0
2.8620,2.21,0.07,0.85,0.42,0.16,7,7,-1.000,0
2.8661,2.19,-0.02,0.92,0.30,0.14,7,7,-1.000,0
2.8703,2.13,-0.05,0.82,0.29,0.11,7,7,-1.000,0
2.8745,2.13,-0.00,0.81,0.29,0.01,7,7,-1.000,0
2.8787,2.13,-0.00,0.81,0.30,0.02,7,7,-1.000,0
2.8827,2.19,0.07,0.89,0.36,0.12,7,7,-1.000,0
2.8870,2.19,-0.00,0.88,0.36,0.01,7,7,-1.000,0
2.8915,2.11,-0.08,0.83,0.29,0.12,7,7,-1.000,0
2.8953,2.13,0.01,0.81,0.32,0.04,7,7,-1.000,0
2.8993,2.14,0.01,0.85,0.28,0.05,7,7,-1.000,0
2.9035,2.19,0.05,0.89,0.33,0.08,7,7,-1.000,0
2.9080,2.19,-0.00,0.87,0.39,0.07,7,7,-1.000,0
2.9120,2.18,-0.01,0.91,0.31,0.09,7,7,-1.000,0
2.9160,2.22,0.04,0.91,0.41,0.11,7,7,-1.000,0
2.9202,2.21,-0.01,0.90,0.35,0.06,7,7,-1.000,0
2.9247,2.13,-0.08,0.82,0.31,0.12,7,7,-1.000,0
2.9287,2.20,0.07,0.83,0.41,0.12,7,7,-1.000,0
2.9326,2.18,-0.02,0.85,0.35,0.06,7,7,-1.000,0
2.9369,2.20,0.02,0.90,0.38,0.06,7,7,-1.000,0
2.9413,2.17,-0.03,0.88,0.35,0.05,7,7,-1.000,0
2.9454,2.17,0.00,0.88,0.34,0.01,7,7,-1.000,0
2.9494,2.18,0.01,0.91,0.32,0.04,7,7,-1.000,0
2.9535,2.22,0.04,0.95,0.36,0.07,7,7,-1.000,0
2.9580,2.19,-0.03,0.88,0.38,0.08,7,7,-1.000,0
2.9619,2.13,-0.07,0.85,0.30,0.11,7,7,-1.000,0
2.9662,2.15,0.02,0.83,0.35,0.06,7,7,-1.000,0
2.9703,2.13,-0.02,0.83,0.32,0.03,7,7,-1.000,0
2.9749,2.19,0.07,0.92,0.38,0.12,7,7,-1.000,0
2.9789,2.20,0.01,0.89,0.37,0.04,7,7,-1.000,0
2.9828,2.19,-0.01,0.89,0.42,0.05,7,7,-1.000,0
2.9871,2.14,-0.05,1.08,0.09,0.38,7,7,-1.000,0
2.9915,2.20,0.06,0.92,0.40,0.34,7,7,-1.000,0
2.9954,2.13,-0.07,0.82,0.33,0.14,7,7,-1.000,0
2.9995,2.20,0.07,0.92,0.34,0.12,7,7,-1.000,0
3.0037,2.15,-0.05,0.81,0.35,0.13,7,7,-1.000,0
3.0081,2.20,0.05,0.94,0.34,0.15,7,7,-1.000,0
3.0121,2.20,0.00,0.91,0.37,0.04,7,7,-1.000,0
3.0162,2.18,-0.02,0.87,0.34,0.06,7,7,-1.000,0
3.0203,2.18,0.00,0.88,0.36,0.02,7,7,-1.000,0
3.0248,2.19,0.01,0.89,0.36,0.01,7,7,-1.000,0
3.0287,2.12,-0.07,1.09,0.05,0.38,7,7,-1.000,0
3.0327,2.11,-0.01,0.82,0.33,0.39,7,7,-1.000,0
3.0370,2.18,0.07,0.92,0.37,0.12,7,7,-1.000,0
3.0415,2.07,-0.11,1.03,-0.02,0.42,7,7,-1.000,0
3.0454,2.14,0.07,1.08,0.05,0.10,7,7,-1.000,0
3.0495,2.20,0.06,0.90,0.36,0.37,7,7,-1.000,0
3.0538,2.22,0.02,0.87,0.41,0.06,7,7,-1.000,0
3.0582,2.19,-0.03,0.89,0.37,0.05,7,7,-1.000,0
3.0620,2.19,0.00,0.88,0.37,0.01,7,7,-1.000,0
3.0662,2.21,0.02,0.94,0.37,0.07,7,7,-1.000,0
3.0704,2.14,-0.07,0.83,0.37,0.14,7,7,-1.000,0
3.0750,2.21,0.07,0.89,0.38,0.09,7,7,-1.000,0
3.0788,2.22,0.01,0.88,0.39,0.02,7,7,-1.000,0
3.0828,2.20,-0.01,0.89,0.40,0.02,7,7,-1.000,0
3.0871,2.20,-0.01,0.89,0.36,0.04,7,7,-1.000,0
3.0916,2.21,0.01,0.92,0.38,0.04,7,7,-1.000,0
3.0955,2.13,-0.08,0.83,0.31,0.14,7,7,-1.000,0
3.0996,2.14,0.01,0.80,0.31,0.03,7,7,-1.000,0
3.1045,2.19,0.05,0.88,0.40,0.13,7,7,-1.000,0
3.1103,2.20,0.01,0.88,0.34,0.06,7,7,-1.000,0
3.1142,2.11,-0.09,0.78,0.29,0.14,7,7,-1.000,0
3.1183,2.22,0.12,0.89,0.39,0.19,7,7,-1.000,0
3.1224,2.21,-0.01,0.89,0.38,0.02,7,7,-1.000,0
3.1272,2.22,0.01,0.85,0.42,0.05,7,7,-1.000,0
3.1315,2.20,-0.02,0.86,0.40,0.03,7,7,-1.000,0
3.1361,2.19,-0.01,0.90,0.36,0.06,7,7,-1.000,0
3.1396,2.19,-0.00,0.91,0.37,0.01,7,7,-1.000,0
3.1436,2.19,0.00,0.89,0.36,0.02,7,7,-1.000,0
3.1474,2.14,-0.05,0.81,0.32,0.10,7,7,-1.000,0
3.1520,2.17,0.03,0.90,0.31,0.09,7,7,-1.000,0
3.1559,2.20,0.04,0.86,0.36,0.07,7,7,-1.000,0
3.1620,2.19,-0.02,0.89,0.37,0.04,7,7,-1.000,0
3.1676,2.21,0.02,0.91,0.33,0.05,7,7,-1.000,0
3.1717,2.20,-0.01,0.91,0.36,0.03,7,7,-1.000,0
3.1749,2.19,-0.00,0.87,0.37,0.03,7,7,-1.000,0
3.1790,2.19,-0.00,0.88,0.39,0.02,7,7,-1.000,0
3.1828,2.19,-0.01,0.90,0.39,0.02,7,7,-1.000,0
3.1856,2.21,0.02,0.92,0.37,0.04,7,7,-1.000,0
3.1882,2.13,-0.08,0.82,0.30,0.15,7,7,-1.000,0
3.1921,2.21,0.08,0.93,0.36,0.15,7,7,-1.000,0
3.1962,2.20,-0.01,0.93,0.37,0.02,7,7,-1.000,0
3.2000,2.21,0.01,0.92,0.34,0.03,7,7,-1.000,0
3.2040,2.17,-0.04,0.87,0.29,0.08,7,7,-1.000,0
3.2080,2.12,-0.05,0.84,0.28,0.07,7,7,-1.000,0
3.2120,2.19,0.07,0.92,0.34,0.13,7,7,-1.000,0
3.2163,2.12,-0.07,0.84,0.29,0.12,7,7,-1.000,0
3.2205,2.17,0.05,0.91,0.38,0.12,7,7,-1.000,0
3.2250,2.19,0.01,0.90,0.33,0.05,7,7,-1.000,0
3.2290,2.18,-0.01,0.89,0.31,0.02,7,7,-1.000,0
3.2330,2.20,0.02,0.89,0.39,0.08,7,7,-1.000,0
3.2372,2.12,-0.08,0.84,0.30,0.13,7,7,-1.000,0
3.2414,2.14,0.02,0.83,0.32,0.03,7,7,-1.000,0
3.2455,2.14,-0.00,0.85,0.35,0.03,7,7,-1.000,0
3.2496,2.22,0.08,0.87,0.42,0.11,7,7,-1.000,0
3.2540,2.13,-0.09,0.80,0.36,0.13,7,7,-1.000,0
3.2584,2.19,0.06,0.87,0.36,0.10,7,7,-1.000,0
3.2623,2.11,-0.08,0.79,0.31,0.13,7,7,-1.000,0
3.2663,2.20,0.09,0.87,0.40,0.16,7,7,-1.000,0
3.2705,2.18,-0.01,0.91,0.35,0.07,7,7,-1.000,0
3.2750,2.23,0.05,0.91,0.42,0.08,7,7,-1.000,0
3.2789,2.11,-0.12,0.80,0.29,0.20,7,7,-1.000,0
3.2829,2.11,-0.00,0.81,0.27,0.03,7,7,-1.000,0
3.2872,2.13,0.02,0.83,0.32,0.06,7,7,-1.000,0
3.2914,2.20,0.07,0.86,0.41,0.12,7,7,-1.000,0
3.2955,2.21,0.01,0.91,0.36,0.08,7,7,-1.000,0
3.2996,2.13,-0.09,0.80,0.31,0.15,7,7,-1.000,0
3.3041,2.10,-0.03,0.85,0.27,0.07,7,7,-1.000,0
3.3081,2.20,0.10,0.92,0.33,0.14,7,7,-1.000,0
3.3122,2.20,-0.00,0.86,0.36,0.06,7,7,-1.000,0
3.3163,2.20,0.00,0.92,0.40,0.08,7,7,-1.000,0
3.3205,2.20,-0.01,0.92,0.38,0.03,7,7,-1.000,0
3.3248,2.20,0.00,0.86,0.41,0.06,7,7,-1.000,0
3.3288,2.20,0.01,0.87,0.38,0.03,7,7,-1.000,0
3.3328,2.19,-0.01,0.89,0.34,0.05,7,7,-1.000,0
3.3372,2.12,-0.07,0.85,0.28,0.10,7,7,-1.000,0
3.3416,2.16,0.04,0.82,0.34,0.07,7,7,-1.000,0
3.3456,2.12,-0.03,0.84,0.29,0.06,7,7,-1.000,0
3.3496,2.19,0.07,0.90,0.38,0.13,7,7,-1.000,0
3.3539,2.13,-0.06,0.77,0.35,0.15,7,7,-1.000,0
3.3583,2.21,0.08,0.88,0.39,0.14,7,7,-1.000,0
3.3622,2.20,-0.01,0.89,0.37,0.03,7,7,-1.000,0
3.3663,2.13,-0.07,0.79,0.27,0.16,7,7,-1.000,0
3.3705,2.06,-0.07,1.05,-0.03,0.40,7,7,-1.000,0
3.3750,2.15,0.09,0.80,0.33,0.45,7,7,-1.000,0
3.3788,2.20,0.05,0.88,0.40,0.12,7,7,-1.000,0
3.3828,2.07,-0.14,1.04,-0.02,0.47,7,7,-1.000,0
3.3872,2.19,0.12,0.92,0.33,0.39,7,7,-1.000,0
3.3916,2.12,-0.07,0.82,0.31,0.13,7,7,-1.000,0
3.3955,2.19,0.07,0.92,0.34,0.13,7,7,-1.000,0
3.3996,2.14,-0.05,0.83,0.30,0.10,7,7,-1.000,0
3.4039,2.10,-0.05,0.83,0.27,0.06,7,7,-1.000,0
3.4083,2.14,0.04,0.84,0.25,0.05,7,7,-1.000,0
3.4121,2.20,0.06,0.92,0.35,0.14,7,7,-1.000,0
3.4163,2.14,-0.06,1.06,0.11,0.29,7,7,-1.000,0
3.4205,2.20,0.05,0.90,0.36,0.30,7,7,-1.000,0
3.4250,2.12,-0.08,0.82,0.33,0.12,7,7,-1.000,0
3.4289,2.16,0.04,0.82,0.35,0.04,7,7,-1.000,0
3.4329,2.14,-0.02,0.79,0.34,0.03,7,7,-1.000,0
3.4372,2.20,0.06,0.90,0.35,0.12,7,7,-1.000,0
3.4416,2.11,-0.09,0.86,0.25,0.14,7,7,-1.000,0
3.4456,2.14,0.04,0.82,0.31,0.08,7,7,-1.000,0
3.4497,2.18,0.03,0.90,0.34,0.09,7,7,-1.000,0
3.4538,2.18,0.01,0.83,0.39,0.09,7,7,-1.000,0
3.4583,2.11,-0.07,0.84,0.26,0.14,7,7,-1.000,0
3.4622,2.14,0.03,0.81,0.34,0.09,7,7,-1.000,0
3.4662,2.18,0.04,0.91,0.31,0.11,7,7,-1.000,0
3.4704,2.17,-0.01,0.89,0.32,0.02,7,7,-1.000,0
3.4749,2.20,0.03,0.87,0.39,0.08,7,7,-1.000,0
3.4787,2.13,-0.06,0.83,0.30,0.12,7,7,-1.000,0
3.4828,2.21,0.08,0.89,0.35,0.11,7,7,-1.000,0
3.4870,2.18,-0.04,0.87,0.38,0.05,7,7,-1.000,0
3.4914,2.13,-0.05,0.82,0.33,0.09,7,7,-1.000,0
3.4956,2.12,-0.01,0.78,0.32,0.04,7,7,-1.000,0
3.4996,2.14,0.02,0.83,0.32,0.06,7,7,-1.000,0
3.5038,2.13,-0.01,0.80,0.32,0.04,7,7,-1.000,0
3.5079,2.14,0.01,0.76,0.37,0.06,7,7,-1.000,0
3.5123,2.19,0.05,0.86,0.36,0.11,7,7,-1.000,0
3.5164,2.13,-0.06,0.83,0.30,0.09,7,7,-1.000,0
3.5204,2.21,0.07,0.89,0.41,0.14,7,7,-1.000,0
3.5246,2.18,-0.03,0.93,0.34,0.08,7,7,-1.000,0
3.5286,2.12,-0.06,0.82,0.32,0.13,7,7,-1.000,0
3.5327,2.14,0.02,0.81,0.33,0.02,7,7,-1.000,0
3.5369,2.10,-0.04,1.13,-0.04,0.49,7,7,-1.000,0
3.5413,2.20,0.10,0.93,0.38,0.48,7,7,-1.000,0
3.5457,2.20,0.00,0.89,0.39,0.03,7,7,-1.000,0
3.5495,2.18,-0.02,0.89,0.40,0.02,7,7,-1.000,0
3.5537,2.15,-0.03,0.80,0.31,0.12,7,7,-1.000,0
3.5580,2.11,-0.04,0.83,0.30,0.05,7,7,-1.000,0
3.5623,2.19,0.08,0.88,0.37,0.12,7,7,-1.000,0
3.5662,2.23,0.04,0.91,0.35,0.05,7,7,-1.000,0
3.5703,2.14,-0.09,0.88,0.28,0.12,7,7,-1.000,0
3.5745,2.21,0.08,0.92,0.40,0.15,7,7,-1.000,0
3.5787,2.20,-0.02,0.92,0.38,0.03,7,7,-1.000,0
3.5827,2.14,-0.06,1.07,0.06,0.36,7,7,-1.000,0
3.5870,2.21,0.07,0.86,0.40,0.40,7,7,-1.000,0
3.5914,2.18,-0.03,0.86,0.42,0.03,7,7,-1.000,0
3.5956,2.12,-0.06,0.86,0.28,0.14,7,7,-1.000,0
3.5995,2.13,0.01,0.83,0.32,0.05,7,7,-1.000,0
3.6037,2.14,0.01,0.82,0.32,0.01,7,7,-1.000,0
3.6079,2.21,0.07,0.88,0.37,0.10,7,7,-1.000,0
3.6119,2.13,-0.08,0.87,0.27,0.13,7,7,-1.000,0
3.6161,2.18,0.06,0.90,0.35,0.11,7,7,-1.000,0
3.6203,2.13,-0.06,0.80,0.35,0.12,7,7,-1.000,0
3.6247,2.13,0.01,0.86,0.29,0.08,7,7,-1.000,0
3.6289,2.18,0.04,0.90,0.37,0.09,7,7,-1.000,0
3.6328,2.19,0.01,0.93,0.31,0.07,7,7,-1.000,0
3.6370,2.12,-0.07,0.80,0.33,0.15,7,7,-1.000,0
3.6415,2.18,0.07,0.89,0.36,0.12,7,7,-1.000,0
3.6454,2.14,-0.05,0.83,0.37,0.07,7,7,-1.000,0
3.6494,2.20,0.06,0.92,0.36,0.10,7,7,-1.000,0
3.6537,2.19,-0.01,0.92,0.36,0.01,7,7,-1.000,0
3.6582,2.15,-0.04,0.83,0.32,0.11,7,7,-1.000,0
3.6623,2.13,-0.02,1.03,0.11,0.29,7,7,-1.000,0
3.6663,2.21,0.08,0.88,0.42,0.36,7,7,-1.000,0
3.6705,2.13,-0.08,0.83,0.34,0.13,7,7,-1.000,0
3.6749,2.13,-0.01,0.79,0.33,0.04,7,7,-1.000,0
3.6790,2.05,-0.07,1.07,-0.04,0.47,7,7,-1.000,0
3.6830,2.13,0.07,0.84,0.31,0.42,7,7,-1.000,0
3.6872,2.21,0.08,0.89,0.40,0.13,7,7,-1.000,0
3.6913,2.14,-0.07,0.80,0.33,0.13,7,7,-1.000,0
3.6953,2.21,0.07,0.94,0.35,0.15,7,7,-1.000,0
3.6996,2.15,-0.07,0.82,0.33,0.13,7,7,-1.000,0
3.7038,2.13,-0.01,0.82,0.30,0.03,7,7,-1.000,0
3.7082,2.19,0.06,0.87,0.35,0.10,7,7,-1.000,0
3.7122,2.20,0.01,0.92,0.37,0.05,7,7,-1.000,0
3.7163,2.12,-0.09,0.85,0.24,0.17,7,7,-1.000,0
3.7205,2.11,-0.00,0.85,0.25,0.01,7,7,-1.000,0
3.7246,2.15,0.04,0.84,0.36,0.12,7,7,-1.000,0
3.7289,2.13,-0.03,0.82,0.26,0.11,7,7,-1.000,0
3.7329,2.24,0.11,0.88,0.44,0.22,7,7,-1.000,0
3.7372,2.23,-0.01,0.90,0.41,0.04,7,7,-1.000,0
3.7416,2.13,-0.10,0.82,0.31,0.16,7,7,-1.000,0
3.7456,2.14,0.01,0.86,0.28,0.05,7,7,-1.000,0
3.7497,2.22,0.08,0.96,0.38,0.16,7,7,-1.000,0
3.7538,2.19,-0.04,0.92,0.35,0.06,7,7,-1.000,0
3.7581,2.14,-0.05,0.83,0.31,0.11,7,7,-1.000,0
3.7624,2.19,0.05,0.92,0.34,0.10,7,7,-1.000,0
3.7663,2.14,-0.05,0.85,0.31,0.09,7,7,-1.000,0
3.7704,2.11,-0.02,0.81,0.27,0.06,7,7,-1.000,0
3.7747,2.13,0.01,0.85,0.32,0.07,7,7,-1.000,0
3.7789,2.22,0.09,0.92,0.38,0.13,7,7,-1.000,0
3.7828,2.14,-0.07,0.84,0.30,0.14,7,7,-1.000,0
3.7870,2.12,-0.02,0.85,0.34,0.04,7,7,-1.000,0
3.7913,2.19,0.06,0.90,0.39,0.09,7,7,-1.000,0
3.7955,2.13,-0.06,0.82,0.33,0.11,7,7,-1.000,0
3.7994,2.22,0.09,0.87,0.41,0.13,7,7,-1.000,0
3.8037,2.21,-0.02,0.92,0.34,0.09,7,7,-1.000,0
3.8079,2.12,-0.08,0.79,0.34,0.15,7,7,-1.000,0
3.8120,2.18,0.06,0.86,0.40,0.10,7,7,-1.000,0
3.8162,2.20,0.02,0.92,0.39,0.07,7,7,-1.000,0
3.8207,2.12,-0.08,0.80,0.36,0.15,7,7,-1.000,0
3.8246,2.13,0.01,0.86,0.33,0.07,7,7,-1.000,0
3.8291,2.12,-0.01,0.89,0.28,0.06,7,7,-1.000,0
3.8330,2.15,0.03,0.84,0.34,0.08,7,7,-1.000,0
3.8370,2.13,-0.02,0.86,0.30,0.04,7,7,-1.000,0
3.8416,2.11,-0.02,0.84,0.30,0.04,7,7,-1.000,0
3.8454,2.21,0.10,0.92,0.38,0.15,7,7,-1.000,0
3.8496,2.21,0.01,0.96,0.34,0.05,7,7,-1.000,0
3.8538,2.18,-0.03,0.87,0.42,0.12,7,7,-1.000,0
3.8581,2.19,0.01,0.93,0.39,0.06,7,7,-1.000,0
3.8620,2.13,-0.07,0.82,0.36,0.13,7,7,-1.000,0
3.8662,2.18,0.06,0.92,0.37,0.12,7,7,-1.000,0
3.8703,2.19,0.00,0.85,0.45,0.10,7,7,-1.000,0
3.8748,2.14,-0.05,1.09,0.07,0.45,7,7,-1.000,0
3.8788,2.12,-0.02,0.79,0.37,0.43,7,7,-1.000,0
3.8828,2.17,0.05,0.88,0.35,0.10,7,7,-1.000,0
3.8872,2.10,-0.07,0.83,0.29,0.11,7,7,-1.000,0
3.8916,2.20,0.10,0.89,0.37,0.14,7,7,-1.000,0
3.8955,2.13,-0.08,0.81,0.33,0.11,7,7,-1.000,0
3.8996,2.18,0.06,0.79,0.45,0.14,7,7,-1.000,0
3.9037,2.12,-0.07,0.81,0.31,0.16,7,7,-1.000,0
3.9081,2.16,0.05,0.92,0.30,0.12,7,7,-1.000,0
3.9121,2.18,0.01,0.88,0.33,0.05,7,7,-1.000,0
3.9162,2.13,-0.05,0.82,0.31,0.08,7,7,-1.000,0
3.9204,2.14,0.01,0.82,0.32,0.02,7,7,-1.000,0
3.9248,2.08,-0.06,0.96,0.06,0.31,7,7,-1.000,0
3.9289,2.17,0.09,0.89,0.33,0.30,7,7,-1.000,0
3.9329,2.21,0.03,0.85,0.42,0.11,7,7,-1.000,0
3.9371,2.20,-0.01,0.93,0.36,0.11,7,7,-1.000,0
3.9414,2.12,-0.08,0.81,0.34,0.15,7,7,-1.000,0
3.9455,2.21,0.09,0.91,0.40,0.16,7,7,-1.000,0
3.9495,2.23,0.02,0.87,0.44,0.06,7,7,-1.000,0
3.9538,2.15,-0.08,0.84,0.31,0.15,7,7,-1.000,0
3.9581,2.21,0.06,0.90,0.41,0.13,7,7,-1.000,0
3.9624,2.13,-0.08,0.81,0.34,0.14,7,7,-1.000,0
3.9664,2.22,0.09,0.94,0.36,0.16,7,7,-1.000,0
3.9704,2.15,-0.07,0.84,0.31,0.13,7,7,-1.000,0
3.9746,2.13,-0.02,0.82,0.28,0.04,7,7,-1.000,0
3.9788,2.15,0.02,0.86,0.26,0.04,7,7,-1.000,0
3.9828,2.21,0.06,0.92,0.35,0.12,7,7,-1.000,0
3.9871,2.12,-0.08,0.82,0.29,0.14,7,7,-1.000,0
3.9914,2.15,0.03,1.10,0.07,0.36,7,7,-1.000,0
3.9955,2.13,-0.02,0.86,0.28,0.32,7,7,-1.000,0
3.9995,2.23,0.10,0.90,0.42,0.18,7,7,-1.000,0
4.0038,2.21,-0.02,0.88,0.38,0.05,7,7,-1.000,0
4.0079,2.21,0.00,0.89,0.38,0.02,7,7,-1.000,0
4.0120,2.11,-0.10,1.09,0.03,0.42,7,7,-1.000,0
4.0162,2.16,0.05,1.06,0.06,0.07,7,7,-1.000,0
4.0205,2.22,0.06,0.88,0.42,0.40,7,7,-1.000,0
4.0250,2.12,-0.10,0.84,0.30,0.16,7,7,-1.000,0
4.0289,2.13,0.01,0.86,0.30,0.02,7,7,-1.000,0
4.0329,2.12,-0.00,0.86,0.28,0.02,7,7,-1.000,0
4.0372,2.22,0.10,0.95,0.37,0.16,7,7,-1.000,0
4.0413,2.16,-0.07,0.83,0.39,0.13,7,7,-1.000,0
4.0456,2.13,-0.03,0.84,0.32,0.07,7,7,-1.000,0
4.0495,2.20,0.07,0.89,0.42,0.13,7,7,-1.000,0
4.0539,2.13,-0.07,0.77,0.35,0.16,7,7,-1.000,0
4.0583,2.20,0.06,0.84,0.39,0.10,7,7,-1.000,0
4.0622,2.20,0.01,0.87,0.41,0.03,7,7,-1.000,0
4.0662,2.13,-0.08,0.81,0.30,0.15,7,7,-1.000,0
4.0704,2.20,0.07,0.90,0.40,0.15,7,7,-1.000,0
4.0748,2.18,-0.02,0.88,0.39,0.03,7,7,-1.000,0
4.0788,2.20,0.02,0.91,0.37,0.04,7,7,-1.000,0
4.0826,2.15,-0.05,0.80,0.37,0.13,7,7,-1.000,0
4.0870,2.12,-0.03,0.87,0.27,0.12,7,7,-1.000,0
4.0911,2.21,0.09,0.90,0.38,0.14,7,7,-1.000,0
4.0952,2.20,-0.01,0.94,0.34,0.06,7,7,-1.000,0
4.0994,2.13,-0.07,0.83,0.28,0.14,7,7,-1.000,0
4.1038,2.13,0.01,0.82,0.34,0.06,7,7,-1.000,0
4.1105,2.14,0.00,0.84,0.31,0.04,7,7,-1.000,0
4.1142,2.21,0.07,0.87,0.45,0.16,7,7,-1.000,0
4.1184,2.14,-0.07,0.82,0.36,0.12,7,7,-1.000,0
4.1223,2.14,-0.00,0.83,0.31,0.05,7,7,-1.000,0
4.1265,2.14,0.00,1.14,0.04,0.41,7,7,-1.000,0
4.1318,2.08,-0.06,0.91,0.13,0.25,7,7,-1.000,0
4.1357,2.05,-0.03,1.03,-0.04,0.21,7,7,-1.000,0
4.1395,2.13,0.09,0.85,0.33,0.42,7,7,-1.000,0
4.1434,2.14,0.01,0.78,0.35,0.08,7,7,-1.000,0
4.1473,2.13,-0.01,0.79,0.31,0.05,7,7,-1.000,0
4.1517,2.12,-0.00,0.85,0.32,0.06,7,7,-1.000,0
4.1558,2.12,-0.00,0.78,0.31,0.06,7,7,-1.000,0
4.1604,2.12,-0.00,0.83,0.27,0.06,7,7,-1.000,0
4.1651,2.12,0.00,0.82,0.32,0.05,7,7,-1.000,0
4.1686,2.15,0.02,0.82,0.31,0.02,7,7,-1.000,0
4.1711,2.14,-0.00,0.82,0.30,0.01,7,7,-1.000,0
4.1752,2.13,-0.01,0.81,0.32,0.02,7,7,-1.000,0
4.1791,2.21,0.07,0.91,0.39,0.14,7,7,-1.000,0
4.1831,2.15,-0.06,0.83,0.33,0.12,7,7,-1.000,0
4.1873,2.12,-0.03,0.81,0.27,0.06,7,7,-1.000,0
4.1918,2.21,0.09,0.91,0.43,0.20,7,7,-1.000,0
4.1958,2.19,-0.01,0.91,0.35,0.07,7,7,-1.000,0
4.1998,2.18,-0.01,0.89,0.35,0.02,7,7,-1.000,0
4.2042,2.22,0.04,0.95,0.39,0.08,7,7,-1.000,0
4.2084,2.18,-0.05,0.91,0.29,0.12,7,7,-1.000,0
4.2124,2.19,0.02,0.91,0.39,0.11,7,7,-1.000,0
4.2163,2.13,-0.06,0.83,0.33,0.11,7,7,-1.000,0
4.2205,2.19,0.06,0.90,0.37,0.09,7,7,-1.000,0
4.2250,2.10,-0.09,0.79,0.27,0.17,7,7,-1.000,0
4.2290,2.12,0.02,0.82,0.29,0.05,7,7,-1.000,0
4.2329,2.13,0.01,0.80,0.31,0.03,7,7,-1.000,0
4.2372,2.19,0.06,0.87,0.39,0.13,7,7,-1.000,0
4.2416,2.12,-0.07,0.84,0.30,0.12,7,7,-1.000,0
4.2456,2.17,0.05,0.86,0.37,0.09,7,7,-1.000,0
4.2497,2.12,-0.05,0.78,0.31,0.11,7,7,-1.000,0
4.2538,2.19,0.08,0.93,0.33,0.17,7,7,-1.000,0
4.2581,2.14,-0.05,0.89,0.31,0.06,7,7,-1.000,0
4.2622,2.14,-0.01,0.83,0.30,0.06,7,7,-1.000,0
4.2662,2.12,-0.01,0.75,0.35,0.10,7,7,-1.000,0
4.2704,2.13,0.00,0.80,0.34,0.05,7,7,-1.000,0
4.2749,2.13,0.00,0.83,0.32,0.04,7,7,-1.000,0
4.2789,2.12,-0.01,1.13,0.00,0.44,7,7,-1.000,0
4.2828,2.14,0.02,0.83,0.32,0.44,7,7,-1.000,0
4.2871,2.17,0.03,0.86,0.40,0.09,7,7,-1.000,0
4.2916,2.15,-0.02,0.86,0.32,0.08,7,7,-1.000,0
4.2954,2.13,-0.02,0.82,0.31,0.05,7,7,-1.000,0
4.2995,2.14,0.01,0.85,0.30,0.04,7,7,-1.000,0
4.3038,2.22,0.08,0.91,0.39,0.13,7,7,-1.000,0
4.3083,2.16,-0.07,0.79,0.32,0.15,7,7,-1.000,0
4.3122,2.20,0.04,0.90,0.36,0.12,7,7,-1.000,0
4.3163,2.16,-0.04,0.82,0.33,0.09,7,7,-1.000,0
4.3204,2.17,0.02,0.80,0.40,0.08,7,7,-1.000,0
4.3250,2.13,-0.04,0.85,0.29,0.13,7,7,-1.000,0
4.3288,2.18,0.05,0.91,0.35,0.10,7,7,-1.000,0
4.3329,2.19,0.01,0.91,0.37,0.03,7,7,-1.000,0
4.3372,2.21,0.02,0.89,0.40,0.03,7,7,-1.000,0
4.3417,2.17,-0.04,0.87,0.38,0.05,7,7,-1.000,0
4.3456,2.21,0.03,0.91,0.38,0.05,7,7,-1.000,0
4.3497,2.19,-0.01,0.90,0.38,0.02,7,7,-1.000,0
4.3539,2.19,-0.01,0.90,0.39,0.01,7,7,-1.000,0
4.3583,2.10,-0.08,0.82,0.27,0.16,7,7,-1.000,0
4.3622,2.12,0.02,0.81,0.33,0.06,7,7,-1.000,0
4.3663,2.18,0.06,0.84,0.41,0.10,7,7,-1.000,0
4.3705,2.13,-0.05,0.82,0.31,0.11,7,7,-1.000,0
4.3746,2.20,0.06,0.89,0.37,0.11,7,7,-1.000,0
4.3788,2.19,-0.01,0.89,0.39,0.02,7,7,-1.000,0
4.3828,2.18,-0.00,0.96,0.36,0.07,7,7,-1.000,0
4.3872,2.13,-0.05,0.82,0.36,0.14,7,7,-1.000,0
4.3917,2.12,-0.01,0.79,0.32,0.06,7,7,-1.000,0
4.3959,2.15,0.03,0.80,0.35,0.05,7,7,-1.000,0
4.3996,2.19,0.04,0.92,0.35,0.13,7,7,-1.000,0
4.4039,2.18,-0.01,0.89,0.40,0.06,7,7,-1.000,0
4.4080,2.19,0.01,0.90,0.36,0.04,7,7,-1.000,0
4.4120,2.14,-0.05,0.84,0.33,0.09,7,7,-1.000,0
4.4162,2.12,-0.02,0.81,0.34,0.03,7,7,-1.000,0
4.4205,2.12,0.00,0.83,0.32,0.03,7,7,-1.000,0
4.4251,2.12,-0.00,0.86,0.29,0.04,7,7,-1.000,0
4.4288,2.12,-0.00,0.86,0.28,0.01,7,7,-1.000,0
4.4329,2.12,0.01,0.82,0.33,0.06,7,7,-1.000,0
4.4372,2.11,-0.01,0.80,0.32,0.03,7,7,-1.000,0
4.4415,2.11,-0.01,0.85,0.26,0.07,7,7,-1.000,0
4.4455,2.15,0.04,0.75,0.38,0.16,7,7,-1.000,0
4.4496,2.13,-0.02,0.83,0.36,0.08,7,7,-1.000,0
4.4541,2.17,0.04,0.86,0.39,0.06,7,7,-1.000,0
4.4584,2.21,0.04,0.89,0.41,0.05,7,7,-1.000,0
4.4621,2.12,-0.09,0.80,0.32,0.15,7,7,-1.000,0
4.4664,2.20,0.08,0.88,0.39,0.13,7,7,-1.000,0
4.4706,2.10,-0.11,0.83,0.30,0.15,7,7,-1.000,0
4.4749,2.12,0.02,0.77,0.29,0.07,7,7,-1.000,0
4.4789,2.20,0.07,0.92,0.35,0.18,7,7,-1.000,0
4.4830,2.14,-0.06,0.84,0.32,0.10,7,7,-1.000,0
4.4872,2.13,-0.01,0.79,0.31,0.05,7,7,-1.000,0
4.4917,2.05,-0.07,0.98,-0.01,0.38,7,7,-1.000,0
4.4956,2.13,0.08,0.83,0.34,0.39,7,7,-1.000,0
4.4996,2.13,0.00,0.81,0.30,0.04,7,7,-1.000,0
4.5039,2.20,0.06,0.86,0.41,0.14,7,7,-1.000,0
4.5080,2.20,-0.00,0.91,0.42,0.05,7,7,-1.000,0
4.5122,2.11,-0.08,0.84,0.26,0.20,7,7,-1.000,0
4.5163,2.12,0.01,0.78,0.32,0.09,7,7,-1.000,0
4.5204,2.13,0.00,0.84,0.33,0.06,7,7,-1.000,0
4.5249,2.19,0.06,0.92,0.38,0.12,7,7,-1.000,0
4.5290,2.20,0.01,0.85,0.41,0.08,7,7,-1.000,0
4.5330,2.18,-0.02,0.89,0.37,0.06,7,7,-1.000,0
4.5372,2.15,-0.02,0.83,0.35,0.06,7,7,-1.000,0
4.5417,2.22,0.07,0.94,0.39,0.14,7,7,-1.000,0
4.5457,2.12,-0.11,0.81,0.30,0.19,7,7,-1.000,0
4.5497,2.10,-0.01,0.83,0.29,0.03,7,7,-1.000,0
4.5539,2.14,0.03,0.82,0.32,0.04,7,7,-1.000,0
4.5584,2.15,0.01,0.82,0.32,0.01,7,7,-1.000,0
4.5622,2.20,0.06,0.91,0.39,0.12,7,7,-1.000,0
4.5665,2.20,-0.00,0.90,0.37,0.02,7,7,-1.000,0
4.5706,2.20,-0.00,0.92,0.36,0.03,7,7,-1.000,0
4.5751,2.13,-0.07,0.75,0.37,0.19,7,7,-1.000,0
4.5792,2.21,0.08,0.96,0.33,0.23,7,7,-1.000,0
4.5830,2.11,-0.09,0.81,0.30,0.18,7,7,-1.000,0
4.5873,2.20,0.09,0.89,0.37,0.13,7,7,-1.000,0
4.5917,2.12,-0.08,0.82,0.34,0.11,7,7,-1.000,0
4.5955,2.14,0.02,0.83,0.34,0.03,7,7,-1.000,0
4.5997,2.12,-0.03,0.84,0.24,0.10,7,7,-1.000,0
4.6040,2.12,0.00,0.83,0.32,0.08,7,7,-1.000,0
4.6086,2.21,0.09,0.85,0.43,0.15,7,7,-1.000,0
4.6122,2.14,-0.07,1.09,0.09,0.42,7,7,-1.000,0
4.6165,2.12,-0.02,0.84,0.32,0.34,7,7,-1.000,0
4.6206,2.19,0.07,0.91,0.38,0.12,7,7,-1.000,0
4.6252,2.18,-0.01,0.91,0.33,0.04,7,7,-1.000,0
4.6291,2.19,0.01,0.88,0.36,0.03,7,7,-1.000,0
4.6330,2.20,0.01,0.93,0.34,0.05,7,7,-1.000,0
4.6373,2.20,0.00,0.87,0.40,0.08,7,7,-1.000,0
4.6419,2.15,-0.05,0.83,0.33,0.09,7,7,-1.000,0
4.6456,2.11,-0.04,0.84,0.27,0.07,7,7,-1.000,0
4.6497,2.19,0.08,0.89,0.34,0.11,7,7,-1.000,0
4.6539,2.18,-0.01,0.95,0.33,0.06,7,7,-1.000,0
4.6585,2.11,-0.08,0.81,0.24,0.19,7,7,-1.000,0
4.6624,2.11,0.01,0.81,0.24,0.01,7,7,-1.000,0
4.6664,2.21,0.09,0.90,0.41,0.21,7,7,-1.000,0
4.6706,2.13,-0.08,0.82,0.30,0.16,7,7,-1.000,0
4.6751,2.19,0.07,0.91,0.37,0.13,7,7,-1.000,0
4.6790,2.20,0.00,0.87,0.41,0.05,7,7,-1.000,0
4.6830,2.19,-0.01,0.89,0.39,0.03,7,7,-1.000,0
4.6872,2.03,-0.16,1.05,-0.09,0.53,7,7,-1.000,0
4.6917,2.18,0.15,0.89,0.35,0.49,7,7,-1.000,0
4.6956,2.13,-0.05,0.79,0.31,0.12,7,7,-1.000,0
4.6996,2.11,-0.02,0.83,0.29,0.05,7,7,-1.000,0
4.7040,2.19,0.08,0.94,0.33,0.15,7,7,-1.000,0
4.7084,2.20,0.01,0.91,0.38,0.06,7,7,-1.000,0
4.7123,2.20,-0.00,0.91,0.38,0.00,7,7,-1.000,0
4.7163,2.12,-0.08,0.84,0.29,0.14,7,7,-1.000,0
4.7205,2.11,-0.01,0.84,0.30,0.01,7,7,-1.000,0
4.7250,2.18,0.07,0.95,0.32,0.13,7,7,-1.000,0
4.7288,2.11,-0.07,0.78,0.30,0.19,7,7,-1.000,0
4.7328,2.13,0.02,0.86,0.28,0.09,7,7,-1.000,0
4.7372,2.11,-0.02,0.85,0.24,0.04,7,7,-1.000,0
4.7416,2.19,0.08,0.89,0.35,0.14,7,7,-1.000,0
4.7454,2.14,-0.05,0.80,0.30,0.12,7,7,-1.000,0
4.7496,2.17,0.03,0.85,0.39,0.10,7,7,-1.000,0
4.7538,2.12,-0.05,0.79,0.29,0.12,7,7,-1.000,0
4.7583,2.12,-0.00,0.83,0.29,0.04,7,7,-1.000,0
4.7622,2.20,0.07,0.86,0.39,0.13,7,7,-1.000,0
4.7663,2.22,0.02,0.90,0.39,0.04,7,7,-1.000,0
4.7706,2.13,-0.09,0.80,0.32,0.15,7,7,-1.000,0
4.7749,2.19,0.06,0.91,0.34,0.13,7,7,-1.000,0
4.7788,2.14,-0.05,1.05,0.08,0.30,7,7,-1.000,0
4.7828,2.19,0.06,0.86,0.41,0.39,7,7,-1.000,0
4.7870,2.11,-0.09,0.83,0.29,0.15,7,7,-1.000,0
4.7916,2.06,-0.05,1.04,-0.01,0.37,7,7,-1.000,0
4.7955,2.23,0.17,0.91,0.43,0.49,7,7,-1.000,0
4.7995,2.12,-0.10,0.85,0.29,0.19,7,7,-1.000,0
4.8039,2.21,0.09,0.93,0.36,0.14,7,7,-1.000,0
4.8082,2.20,-0.01,0.88,0.37,0.05,7,7,-1.000,0
4.8125,2.19,-0.01,0.90,0.37,0.02,7,7,-1.000,0
4.8165,2.13,-0.06,0.85,0.28,0.12,7,7,-1.000,0
4.8205,2.13,-0.00,1.11,0.06,0.34,7,7,-1.000,0
4.8248,2.14,0.01,0.85,0.28,0.34,7,7,-1.000,0
4.8289,2.18,0.04,0.93,0.34,0.11,7,7,-1.000,0
4.8330,2.12,-0.06,0.78,0.35,0.16,7,7,-1.000,0
4.8372,2.18,0.06,0.91,0.38,0.14,7,7,-1.000,0
4.8416,2.19,0.01,0.92,0.36,0.02,7,7,-1.000,0
4.8455,2.19,0.00,0.93,0.33,0.03,7,7,-1.000,0
4.8495,2.16,-0.03,0.89,0.35,0.05,7,7,-1.000,0
4.8539,2.20,0.04,0.92,0.35,0.05,7,7,-1.000,0
4.8582,2.21,0.01,0.88,0.41,0.08,7,7,-1.000,0
4.8622,2.13,-0.08,0.81,0.32,0.14,7,7,-1.000,0
4.8663,2.20,0.08,0.88,0.44,0.16,7,7,-1.000,0
4.8705,2.12,-0.08,0.82,0.34,0.14,7,7,-1.000,0
4.8747,2.17,0.05,0.95,0.35,0.14,7,7,-1.000,0
4.8787,2.21,0.03,0.91,0.40,0.07,7,7,-1.000,0
4.8827,2.19,-0.02,0.89,0.40,0.03,7,7,-1.000,0
4.8872,2.14,-0.05,0.85,0.32,0.10,7,7,-1.000,0
4.8917,2.16,0.02,0.81,0.36,0.06,7,7,-1.000,0
4.8955,2.12,-0.04,0.86,0.31,0.08,7,7,-1.000,0
4.8995,2.14,0.02,0.85,0.30,0.02,7,7,-1.000,0
4.9039,2.21,0.07,0.86,0.44,0.15,7,7,-1.000,0
4.9083,2.19,-0.01,0.89,0.39,0.06,7,7,-1.000,0
4.9122,2.20,0.00,0.88,0.36,0.03,7,7,-1.000,0
4.9163,2.18,-0.02,0.94,0.33,0.07,7,7,-1.000,0
4.9206,2.14,-0.03,0.85,0.32,0.09,7,7,-1.000,0
4.9251,2.14,-0.00,0.86,0.31,0.01,7,7,-1.000,0
4.9290,2.20,0.06,0.89,0.41,0.12,7,7,-1.000,0
4.9330,2.22,0.01,0.91,0.37,0.05,7,7,-1.000,0
4.9372,2.13,-0.08,0.85,0.30,0.12,7,7,-1.000,0
4.9416,2.21,0.07,0.93,0.36,0.13,7,7,-1.000,0
4.9455,2.19,-0.02,0.85,0.41,0.10,7,7,-1.000,0
4.9497,2.12,-0.07,0.77,0.36,0.12,7,7,-1.000,0
4.9538,2.15,0.03,0.84,0.31,0.09,7,7,-1.000,0
4.9585,2.22,0.08,1.00,0.38,0.19,7,7,-1.000,0
4.9624,2.14,-0.08,0.82,0.31,0.21,7,7,-1.000,0
4.9663,2.18,0.04,0.85,0.38,0.09,7,7,-1.000,0
4.9705,2.13,-0.05,0.82,0.33,0.07,7,7,-1.000,0
4.9750,2.17,0.05,0.87,0.36,0.07,7,7,-1.000,0
4.9790,2.18,0.01,0.91,0.38,0.05,7,7,-1.000,0
4.9829,2.20,0.02,0.91,0.40,0.02,7,7,-1.000,0
4.9871,2.14,-0.06,0.84,0.31,0.13,7,7,-1.000,0
4.9917,2.21,0.07,0.87,0.44,0.16,7,7,-1.000,0
4.9955,2.11,-0.10,0.83,0.34,0.15,7,7,-1.000,0
4.9996,2.12,0.01,0.79,0.33,0.04,7,7,-1.000,0
5.0038,2.18,0.06,0.89,0.36,0.11,7,7,-1.000,0
5.0082,2.19,0.01,0.96,0.39,0.08,7,7,-1.000,0
5.0123,2.21,0.01,0.88,0.36,0.08,7,7,-1.000,0
5.0162,2.12,-0.09,0.83,0.28,0.13,7,7,-1.000,0
5.0204,2.19,0.07,0.95,0.41,0.19,7,7,-1.000,0
5.0251,2.12,-0.07,0.81,0.32,0.18,7,7,-1.000,0
5.0289,2.18,0.07,0.96,0.32,0.17,7,7,-1.000,0
5.0329,2.19,0.01,0.83,0.41,0.15,7,7,-1.000,0
5.0372,2.19,-0.00,0.85,0.39,0.03,7,7,-1.000,0
5.0416,2.20,0.01,0.93,0.39,0.08,7,7,-1.000,0
5.0455,2.07,-0.14,1.01,0.05,0.37,7,7,-1.000,0
5.0496,2.12,0.06,0.82,0.30,0.32,7,7,-1.000,0
5.0539,2.14,0.02,0.80,0.34,0.05,7,7,-1.000,0
5.0583,2.13,-0.01,0.83,0.33,0.03,7,7,-1.000,0
5.0622,2.18,0.05,0.91,0.33,0.10,7,7,-1.000,0
5.0663,2.20,0.02,0.90,0.38,0.05,7,7,-1.000,0
5.0705,2.14,-0.07,0.85,0.26,0.14,7,7,-1.000,0
5.0749,2.13,-0.01,0.79,0.31,0.07,7,7,-1.000,0
5.0788,2.19,0.06,0.88,0.39,0.13,7,7,-1.000,0
5.0829,2.20,0.02,0.89,0.36,0.03,7,7,-1.000,0
5.0872,2.13,-0.07,0.81,0.31,0.12,7,7,-1.000,0
5.0916,2.19,0.05,0.88,0.34,0.10,7,7,-1.000,0
5.0955,2.22,0.03,0.90,0.39,0.06,7,7,-1.000,0
5.0997,2.20,-0.02,0.87,0.36,0.04,7,7,-1.000,0
5.1041,2.10,-0.11,0.76,0.30,0.17,7,7,-1.000,0
5.1101,2.19,0.10,0.90,0.36,0.18,7,7,-1.000,0
5.1143,2.11,-0.09,0.85,0.29,0.12,7,7,-1.000,0
5.1182,2.18,0.07,0.87,0.37,0.11,7,7,-1.000,0
5.1225,2.20,0.02,0.93,0.36,0.06,7,7,-1.000,0
5.1264,2.18,-0.01,0.92,0.38,0.03,7,7,-1.000,0
5.1309,2.20,0.02,0.92,0.36,0.03,7,7,-1.000,0
5.1358,2.15,-0.05,1.06,0.13,0.27,7,7,-1.000,0
5.1398,2.14,-0.02,0.81,0.31,0.31,7,7,-1.000,0
5.1439,2.21,0.08,0.89,0.39,0.14,7,7,-1.000,0
5.1473,2.23,0.02,0.86,0.44,0.06,7,7,-1.000,0
5.1518,2.12,-0.10,0.81,0.33,0.16,7,7,-1.000,0
5.1564,2.23,0.11,0.92,0.38,0.16,7,7,-1.000,0
5.1603,2.20,-0.03,0.88,0.37,0.05,7,7,-1.000,0
5.1639,2.20,0.01,0.88,0.38,0.01,7,7,-1.000,0
5.1673,2.22,0.02,0.95,0.36,0.07,7,7,-1.000,0
5.1729,2.11,-0.11,0.77,0.36,0.20,7,7,-1.000,0
5.1774,2.12,0.00,0.84,0.27,0.11,7,7,-1.000,0
5.1812,2.13,0.01,0.84,0.27,0.01,7,7,-1.000,0
5.1845,2.20,0.07,0.92,0.40,0.17,7,7,-1.000,0
5.1875,2.19,-0.01,0.90,0.35,0.06,7,7,-1.000,0
5.1915,2.21,0.02,0.90,0.42,0.07,7,7,-1.000,0
5.1960,2.15,-0.07,0.84,0.30,0.15,7,7,-1.000,0
5.1997,2.13,-0.02,0.84,0.30,0.02,7,7,-1.000,0
5.2039,2.18,0.05,0.92,0.35,0.10,7,7,-1.000,0
5.2079,2.13,-0.05,0.86,0.29,0.10,7,7,-1.000,0
5.2127,2.18,0.05,0.92,0.36,0.11,7,7,-1.000,0
5.2168,2.19,0.01,0.88,0.33,0.05,7,7,-1.000,0
5.2210,2.13,-0.06,0.84,0.32,0.08,7,7,-1.000,0
5.2247,2.19,0.06,0.87,0.36,0.08,7,7,-1.000,0
5.2287,2.12,-0.07,0.82,0.31,0.10,7,7,-1.000,0
5.2327,2.20,0.08,0.88,0.41,0.14,7,7,-1.000,0
5.2371,2.13,-0.07,0.84,0.30,0.14,7,7,-1.000,0
5.2416,2.13,-0.01,0.79,0.34,0.07,7,7,-1.000,0
5.2456,2.20,0.08,0.92,0.33,0.16,7,7,-1.000,0
5.2496,2.19,-0.01,0.90,0.37,0.06,7,7,-1.000,0
5.2537,2.18,-0.01,0.88,0.35,0.03,7,7,-1.000,0
5.2582,2.12,-0.06,0.80,0.30,0.11,7,7,-1.000,0
5.2622,2.14,0.03,0.83,0.35,0.06,7,7,-1.000,0
5.2663,2.12,-0.03,0.82,0.31,0.05,7,7,-1.000,0
5.2704,2.11,-0.00,0.84,0.25,0.06,7,7,-1.000,0
5.2745,2.20,0.09,0.93,0.35,0.16,7,7,-1.000,0
5.2788,2.22,0.02,0.90,0.41,0.07,7,7,-1.000,0
5.2829,2.12,-0.09,0.83,0.30,0.16,7,7,-1.000,0
5.2870,2.13,0.01,0.82,0.32,0.02,7,7,-1.000,0
5.2914,2.21,0.08,0.92,0.37,0.14,7,7,-1.000,0
5.2958,2.13,-0.08,0.81,0.28,0.16,7,7,-1.000,0
5.2998,2.07,-0.06,1.03,0.01,0.35,7,7,-1.000,0
5.3040,2.19,0.12,0.88,0.35,0.39,7,7,-1.000,0
5.3083,2.23,0.04,0.89,0.45,0.10,7,7,-1.000,0
5.3122,2.17,-0.05,0.92,0.31,0.15,7,7,-1.000,0
5.3163,2.20,0.03,0.92,0.33,0.04,7,7,-1.000,0
5.3205,2.13,-0.07,0.81,0.33,0.12,7,7,-1.000,0
5.3247,2.18,0.05,0.89,0.38,0.10,7,7,-1.000,0
5.3286,2.14,-0.04,0.77,0.36,0.13,7,7,-1.000,0
5.3327,2.15,0.00,0.78,0.36,0.01,7,7,-1.000,0
5.3371,2.04,-0.10,1.04,-0.07,0.52,7,7,-1.000,0
5.3416,2.19,0.15,0.90,0.33,0.45,7,7,-1.000,0
5.3455,2.20,0.01,0.91,0.38,0.05,7,7,-1.000,0
5.3495,2.19,-0.01,0.93,0.33,0.05,7,7,-1.000,0
5.3538,2.12,-0.08,0.84,0.28,0.13,7,7,-1.000,0
5.3581,2.17,0.05,0.89,0.34,0.09,7,7,-1.000,0
5.3620,2.13,-0.04,0.81,0.35,0.08,7,7,-1.000,0
5.3661,2.18,0.05,0.91,0.37,0.12,7,7,-1.000,0
5.3703,2.21,0.03,0.91,0.38,0.03,7,7,-1.000,0
5.3747,2.22,0.01,0.84,0.44,0.10,7,7,-1.000,0
5.3787,2.15,-0.07,0.78,0.37,0.12,7,7,-1.000,0
5.3826,2.21,0.07,0.89,0.43,0.14,7,7,-1.000,0
5.3872,2.22,0.01,0.89,0.41,0.03,7,7,-1.000,0
5.3914,2.16,-0.06,0.86,0.33,0.10,7,7,-1.000,0
5.3953,2.18,0.02,0.92,0.36,0.08,7,7,-1.000,0
5.3994,2.15,-0.04,0.83,0.34,0.11,7,7,-1.000,0
5.4037,2.22,0.07,0.90,0.38,0.11,7,7,-1.000,0
5.4081,2.20,-0.01,0.92,0.37,0.03,7,7,-1.000,0
5.4120,2.12,-0.08,0.84,0.31,0.13,7,7,-1.000,0
5.4161,2.24,0.12,0.92,0.39,0.16,7,7,-1.000,0
5.4204,2.12,-0.12,0.83,0.31,0.17,7,7,-1.000,0
5.4248,2.17,0.04,0.91,0.33,0.09,7,7,-1.000,0
5.4287,2.13,-0.04,0.80,0.34,0.11,7,7,-1.000,0
5.4327,2.20,0.07,0.87,0.42,0.13,7,7,-1.000,0
5.4372,2.20,0.00,0.86,0.40,0.02,7,7,-1.000,0
5.4414,2.19,-0.00,0.91,0.37,0.06,7,7,-1.000,0
5.4453,2.19,-0.01,0.87,0.35,0.05,7,7,-1.000,0
5.4494,2.23,0.04,0.91,0.35,0.06,7,7,-1.000,0
5.4537,2.14,-0.09,0.83,0.31,0.13,7,7,-1.000,0
5.4581,2.14,-0.00,0.81,0.31,0.01,7,7,-1.000,0
5.4620,2.18,0.04,0.92,0.37,0.13,7,7,-1.000,0
5.4660,2.13,-0.05,0.81,0.34,0.12,7,7,-1.000,0
5.4703,2.16,0.03,0.82,0.36,0.04,7,7,-1.000,0
5.4748,2.20,0.04,0.91,0.35,0.10,7,7,-1.000,0
5.4788,2.20,-0.00,0.94,0.38,0.04,7,7,-1.000,0
5.4827,2.11,-0.09,0.83,0.29,0.17,7,7,-1.000,0
5.4871,2.12,0.01,0.83,0.26,0.03,7,7,-1.000,0
5.4915,2.13,0.01,0.81,0.32,0.07,7,7,-1.000,0
5.4955,2.20,0.07,0.89,0.39,0.13,7,7,-1.000,0
5.4995,2.14,-0.06,0.83,0.33,0.10,7,7,-1.000,0
5.5038,2.18,0.04,0.89,0.38,0.09,7,7,-1.000,0
5.5082,2.15,-0.03,0.82,0.30,0.10,7,7,-1.000,0
5.5120,2.20,0.05,0.92,0.37,0.12,7,7,-1.000,0
5.5162,2.22,0.02,0.89,0.38,0.03,7,7,-1.000,0
5.5203,2.21,-0.01,0.93,0.34,0.06,7,7,-1.000,0
5.5248,2.19,-0.02,0.90,0.36,0.05,7,7,-1.000,0
5.5287,2.20,0.01,0.93,0.36,0.03,7,7,-1.000,0
5.5327,2.19,-0.01,0.88,0.38,0.05,7,7,-1.000,0
5.5370,2.19,0.00,0.88,0.37,0.01,7,7,-1.000,0
5.5415,2.13,-0.07,0.81,0.36,0.10,7,7,-1.000,0
5.5454,2.15,0.02,0.79,0.36,0.03,7,7,-1.000,0
5.5494,2.21,0.06,0.87,0.41,0.11,7,7,-1.000,0
5.5536,2.23,0.02,0.85,0.44,0.04,7,7,-1.000,0
5.5582,2.23,0.00,0.90,0.40,0.06,7,7,-1.000,0
5.5620,2.19,-0.04,0.91,0.35,0.06,7,7,-1.000,0
5.5661,2.22,0.03,0.93,0.37,0.04,7,7,-1.000,0
5.5703,2.21,-0.01,0.94,0.37,0.02,7,7,-1.000,0
5.5746,2.18,-0.03,0.91,0.37,0.05,7,7,-1.000,0
5.5786,2.22,0.04,0.93,0.38,0.05,7,7,-1.000,0
5.5827,2.22,-0.00,0.91,0.36,0.03,7,7,-1.000,0
5.5870,2.12,-0.09,0.80,0.31,0.16,7,7,-1.000,0
5.5915,2.20,0.08,0.90,0.39,0.15,7,7,-1.000,0
5.5953,2.20,0.00,0.93,0.37,0.04,7,7,-1.000,0
5.5994,2.11,-0.09,0.83,0.26,0.17,7,7,-1.000,0
5.6036,2.20,0.09,0.91,0.36,0.15,7,7,-1.000,0
5.6082,2.21,0.01,0.95,0.35,0.05,7,7,-1.000,0
5.6121,2.12,-0.09,0.86,0.29,0.14,7,7,-1.000,0
5.6162,2.20,0.08,0.93,0.37,0.13,7,7,-1.000,0
5.6203,2.14,-0.06,0.82,0.32,0.13,7,7,-1.000,0
5.6246,2.12,-0.01,0.79,0.35,0.04,7,7,-1.000,0
5.6286,2.23,0.11,0.91,0.36,0.16,7,7,-1.000,0
5.6326,2.14,-0.09,0.82,0.33,0.13,7,7,-1.000,0
5.6370,2.14,-0.00,0.85,0.32,0.03,7,7,-1.000,0
5.6414,2.13,-0.00,0.82,0.32,0.03,7,7,-1.000,0
5.6454,2.14,0.01,0.86,0.27,0.06,7,7,-1.000,0
5.6494,2.19,0.04,0.88,0.42,0.16,7,7,-1.000,0
5.6536,2.12,-0.07,1.09,0.04,0.45,7,7,-1.000,0
5.6581,2.13,0.02,0.80,0.34,0.42,7,7,-1.000,0
5.6621,2.19,0.05,0.90,0.40,0.13,7,7,-1.000,0
5.6661,2.13,-0.06,0.79,0.34,0.14,7,7,-1.000,0
5.6703,2.18,0.05,0.89,0.34,0.11,7,7,-1.000,0
5.6747,2.12,-0.06,0.80,0.33,0.11,7,7,-1.000,0
5.6787,2.21,0.09,0.91,0.40,0.16,7,7,-1.000,0
5.6827,2.13,-0.08,1.07,0.03,0.41,7,7,-1.000,0
5.6870,2.13,-0.01,0.85,0.30,0.35,7,7,-1.000,0
5.6914,2.22,0.09,0.90,0.40,0.14,7,7,-1.000,0
5.6953,2.20,-0.01,0.92,0.41,0.02,7,7,-1.000,0
5.6994,2.18,-0.02,0.85,0.40,0.07,7,7,-1.000,0
5.7036,2.13,-0.05,0.78,0.38,0.09,7,7,-1.000,0
5.7081,2.14,0.01,0.87,0.30,0.12,7,7,-1.000,0
5.7121,2.07,-0.07,1.02,0.01,0.33,7,7,-1.000,0
5.7161,2.20,0.13,0.94,0.34,0.36,7,7,-1.000,0
5.7203,2.15,-0.05,1.07,0.12,0.26,7,7,-1.000,0
5.7248,2.20,0.05,0.87,0.38,0.34,7,7,-1.000,0
5.7287,2.21,0.01,0.94,0.39,0.07,7,7,-1.000,0
5.7327,2.20,-0.01,0.91,0.32,0.07,7,7,-1.000,0
5.7370,2.21,0.01,0.94,0.36,0.05,7,7,-1.000,0
5.7415,2.18,-0.03,0.94,0.32,0.05,7,7,-1.000,0
5.7453,2.12,-0.06,0.80,0.31,0.16,7,7,-1.000,0
5.7494,2.11,-0.01,0.83,0.27,0.05,7,7,-1.000,0
5.7536,2.20,0.09,0.91,0.42,0.19,7,7,-1.000,0
5.7581,2.19,-0.01,0.89,0.36,0.06,7,7,-1.000,0
5.7621,2.18,-0.01,0.90,0.36,0.02,7,7,-1.000,0
5.7661,2.21,0.03,0.95,0.37,0.06,7,7,-1.000,0
5.7703,2.20,-0.01,0.92,0.37,0.03,7,7,-1.000,0
5.7748,2.20,-0.00,0.93,0.36,0.01,7,7,-1.000,0
5.7787,2.21,0.01,0.89,0.35,0.05,7,7,-1.000,0
5.7827,2.19,-0.02,0.92,0.33,0.05,7,7,-1.000,0
5.7869,2.21,0.02,0.91,0.43,0.11,7,7,-1.000,0
5.7914,2.14,-0.07,0.81,0.35,0.14,7,7,-1.000,0
5.7953,2.11,-0.03,0.84,0.26,0.10,7,7,-1.000,0
5.7994,2.11,0.00,0.85,0.27,0.01,7,7,-1.000,0
5.8036,2.12,0.01,0.85,0.30,0.04,7,7,-1.000,0
5.8079,2.21,0.09,0.86,0.41,0.14,7,7,-1.000,0
5.8123,2.12,-0.09,0.83,0.27,0.16,7,7,-1.000,0
5.8164,2.14,0.03,0.82,0.32,0.06,7,7,-1.000,0
5.8205,2.10,-0.04,0.87,0.26,0.09,7,7,-1.000,0
5.8246,2.11,0.00,0.86,0.26,0.01,7,7,-1.000,0
5.8291,2.22,0.12,0.92,0.42,0.21,7,7,-1.000,0
5.8327,2.22,0.00,0.91,0.37,0.06,7,7,-1.000,0
5.8370,2.17,-0.05,0.91,0.37,0.05,7,7,-1.000,0
5.8415,2.22,0.05,0.92,0.38,0.05,7,7,-1.000,0
5.8454,2.12,-0.10,0.81,0.29,0.17,7,7,-1.000,0
5.8495,2.19,0.07,0.89,0.38,0.14,7,7,-1.000,0
5.8536,2.11,-0.09,0.84,0.28,0.14,7,7,-1.000,0
5.8582,2.11,0.01,0.87,0.25,0.05,7,7,-1.000,0
5.8619,2.18,0.07,0.89,0.41,0.18,7,7,-1.000,0
5.8661,2.21,0.03,0.90,0.39,0.03,7,7,-1.000,0
5.8703,2.13,-0.08,0.85,0.31,0.13,7,7,-1.000,0
5.8747,2.21,0.08,0.92,0.38,0.12,7,7,-1.000,0
5.8787,2.21,0.00,0.98,0.35,0.07,7,7,-1.000,0
5.8828,2.19,-0.02,0.92,0.37,0.07,7,7,-1.000,0
5.8871,2.12,-0.07,0.82,0.31,0.13,7,7,-1.000,0
5.8914,2.22,0.09,0.93,0.37,0.16,7,7,-1.000,0
5.8954,2.15,-0.06,0.83,0.32,0.13,7,7,-1.000,0
5.8994,2.13,-0.02,0.82,0.27,0.05,7,7,-1.000,0
5.9037,2.18,0.05,0.97,0.34,0.16,7,7,-1.000,0
5.9080,2.19,0.01,0.89,0.37,0.08,7,7,-1.000,0
5.9123,2.10,-0.09,0.76,0.31,0.17,7,7,-1.000,0
5.9162,2.13,0.03,0.82,0.28,0.07,7,7,-1.000,0
5.9203,2.20,0.07,0.93,0.37,0.15,7,7,-1.000,0
5.9248,2.14,-0.06,0.81,0.37,0.13,7,7,-1.000,0
5.9290,2.23,0.09,0.91,0.38,0.14,7,7,-1.000,0
5.9329,2.12,-0.12,0.82,0.32,0.16,7,7,-1.000,0
5.9370,2.10,-0.01,0.81,0.27,0.05,7,7,-1.000,0
5.9413,2.20,0.09,0.85,0.41,0.17,7,7,-1.000,0
5.9457,2.12,-0.07,0.82,0.28,0.15,7,7,-1.000,0
5.9496,2.19,0.07,0.91,0.41,0.17,7,7,-1.000,0
5.9537,2.21,0.01,0.88,0.38,0.05,7,7,-1.000,0
5.9581,2.21,0.00,0.88,0.43,0.05,7,7,-1.000,0
5.9623,2.18,-0.02,0.90,0.39,0.05,7,7,-1.000,0
5.9662,2.19,0.00,0.94,0.37,0.05,7,7,-1.000,0
5.9703,2.14,-0.05,0.86,0.31,0.11,7,7,-1.000,0
5.9745,2.14,-0.01,0.85,0.29,0.03,7,7,-1.000,0
5.9787,2.19,0.05,0.86,0.36,0.09,7,7,-1.000,0
5.9828,2.13,-0.06,0.86,0.25,0.12,7,7,-1.000,0
5.9871,2.19,0.06,0.90,0.38,0.15,7,7,-1.000,0
5.9916,2.19,0.01,0.95,0.32,0.08,7,7,-1.000,0
5.9954,2.18,-0.02,0.88,0.36,0.08,7,7,-1.000,0
5.9994,2.20,0.02,0.88,0.40,0.05,7,7,-1.000,0
6.0037,2.19,-0.00,0.94,0.35,0.08,7,7,-1.000,0
6.0080,2.24,0.04,0.89,0.44,0.11,7,7,-1.000,0
6.0123,2.12,-0.11,0.83,0.28,0.20,7,7,-1.000,0
6.0162,2.11,-0.01,0.83,0.27,0.02,7,7,-1.000,0
6.0203,2.11,0.00,0.81,0.30,0.03,7,7,-1.000,0
6.0247,2.21,0.10,0.87,0.42,0.16,7,7,-1.000,0
6.0290,2.19,-0.02,0.88,0.40,0.04,7,7,-1.000,0
6.0329,2.18,-0.01,0.93,0.34,0.07,7,7,-1.000,0
6.0370,2.14,-0.03,0.83,0.32,0.10,7,7,-1.000,0
6.0412,2.14,-0.01,0.80,0.32,0.03,7,7,-1.000,0
6.0453,2.12,-0.02,0.84,0.31,0.05,7,7,-1.000,0
6.0494,2.21,0.09,0.89,0.39,0.13,7,7,-1.000,0
6.0537,2.19,-0.01,0.90,0.39,0.02,7,7,-1.000,0
6.0581,2.18,-0.02,0.92,0.35,0.05,7,7,-1.000,0
6.0619,2.23,0.05,0.91,0.37,0.05,7,7,-1.000,0
6.0661,2.19,-0.03,0.90,0.41,0.05,7,7,-1.000,0
6.0703,2.15,-0.05,0.85,0.33,0.11,7,7,-1.000,0
6.0748,2.23,0.08,0.91,0.37,0.11,7,7,-1.000,0
6.0789,2.19,-0.03,0.92,0.39,0.04,7,7,-1.000,0
6.0829,2.13,-0.07,0.86,0.25,0.16,7,7,-1.000,0
6.0871,2.12,-0.00,0.85,0.29,0.04,7,7,-1.000,0
6.0913,2.19,0.07,0.87,0.37,0.10,7,7,-1.000,0
6.0954,2.21,0.02,0.86,0.43,0.07,7,7,-1.000,0
6.0994,2.20,-0.01,0.90,0.40,0.05,7,7,-1.000,0
6.1038,2.18,-0.02,0.89,0.37,0.04,7,7,-1.000,0
6.1103,2.21,0.02,0.89,0.40,0.03,7,7,-1.000,0
6.1143,2.14,-0.06,0.90,0.25,0.16,7,7,-1.000,0
6.1187,2.12,-0.03,0.81,0.34,0.13,7,7,-1.000,0
6.1224,2.21,0.10,0.87,0.41,0.14,7,7,-1.000,0
6.1267,2.12,-0.09,0.82,0.32,0.14,7,7,-1.000,0
6.1316,2.20,0.08,0.92,0.32,0.13,7,7,-1.000,0
6.1352,2.12,-0.08,1.09,0.03,0.34,7,7,-1.000,0
6.1398,2.22,0.10,0.91,0.42,0.43,7,7,-1.000,0
6.1433,2.11,-0.11,0.84,0.30,0.17,7,7,-1.000,0
6.1474,2.19,0.07,0.94,0.32,0.12,7,7,-1.000,0
6.1516,2.19,0.00,0.91,0.35,0.04,7,7,-1.000,0
6.1557,2.20,0.01,0.86,0.38,0.06,7,7,-1.000,0
6.1598,2.13,-0.07,0.83,0.30,0.11,7,7,-1.000,0
6.1641,2.19,0.06,0.94,0.36,0.14,7,7,-1.000,0
6.1690,2.22,0.03,0.93,0.36,0.03,7,7,-1.000,0
6.1726,2.14,-0.09,0.86,0.32,0.12,7,7,-1.000,0
6.1773,2.21,0.08,0.93,0.40,0.13,7,7,-1.000,0
6.1796,2.12,-0.10,0.83,0.33,0.15,7,7,-1.000,0
6.1833,2.15,0.03,0.85,0.32,0.03,7,7,-1.000,0
6.1875,2.23,0.08,0.92,0.42,0.15,7,7,-1.000,0
6.1915,2.14,-0.09,0.85,0.31,0.15,7,7,-1.000,0
6.1958,2.13,-0.01,0.88,0.29,0.04,7,7,-1.000,0
6.1997,2.19,0.06,0.92,0.37,0.11,7,7,-1.000,0
6.2038,2.20,0.01,0.92,0.33,0.04,7,7,-1.000,0
6.2081,2.19,-0.01,0.92,0.35,0.02,7,7,-1.000,0
6.2123,2.19,-0.00,0.92,0.35,0.01,7,7,-1.000,0
6.2161,2.21,0.02,0.92,0.36,0.02,7,7,-1.000,0
6.2204,2.22,0.01,0.88,0.39,0.05,7,7,-1.000,0
6.2248,2.19,-0.02,0.92,0.35,0.06,7,7,-1.000,0
6.2289,2.21,0.02,0.96,0.35,0.04,7,7,-1.000,0
6.2329,2.12,-0.09,0.81,0.34,0.17,7,7,-1.000,0
6.2375,2.21,0.10,0.90,0.41,0.15,7,7,-1.000,0
6.2422,2.13,-0.08,0.85,0.31,0.14,7,7,-1.000,0
6.2458,2.21,0.07,0.92,0.40,0.13,7,7,-1.000,0
6.2495,2.18,-0.02,0.84,0.39,0.08,7,7,-1.000,0
6.2538,2.19,0.01,0.88,0.38,0.04,7,7,-1.000,0
6.2581,2.13,-0.07,0.82,0.31,0.12,7,7,-1.000,0
6.2620,2.19,0.06,0.91,0.35,0.12,7,7,-1.000,0
6.2660,2.21,0.02,0.91,0.40,0.05,7,7,-1.000,0
6.2703,2.15,-0.06,0.83,0.32,0.13,7,7,-1.000,0
6.2747,2.13,-0.01,0.87,0.30,0.05,7,7,-1.000,0
6.2787,2.22,0.09,0.91,0.39,0.13,7,7,-1.000,0
6.2828,2.22,-0.00,0.91,0.40,0.01,7,7,-1.000,0
6.2871,2.18,-0.04,0.88,0.36,0.06,7,7,-1.000,0
6.2913,2.20,0.02,0.87,0.40,0.04,7,7,-1.000,0
6.2954,2.14,-0.06,0.81,0.33,0.10,7,7,-1.000,0
6.2994,2.13,-0.01,0.84,0.28,0.06,7,7,-1.000,0
6.3038,2.18,0.05,0.90,0.37,0.12,7,7,-1.000,0
6.3082,2.23,0.04,0.93,0.40,0.06,7,7,-1.000,0
6.3120,2.12,-0.11,0.84,0.26,0.19,7,7,-1.000,0
6.3162,2.15,0.03,0.82,0.32,0.07,7,7,-1.000,0
6.3203,2.18,0.03,0.93,0.36,0.12,7,7,-1.000,0
6.3247,2.13,-0.05,0.85,0.31,0.11,7,7,-1.000,0
6.3289,2.15,0.02,0.87,0.30,0.03,7,7,-1.000,0
6.3328,2.12,-0.03,0.86,0.25,0.05,7,7,-1.000,0
6.3371,2.19,0.07,0.93,0.32,0.12,7,7,-1.000,0
6.3416,2.22,0.03,0.94,0.35,0.04,7,7,-1.000,0
6.3454,2.19,-0.03,0.89,0.38,0.07,7,7,-1.000,0
6.3494,2.20,0.01,0.92,0.36,0.03,7,7,-1.000,0
6.3536,2.14,-0.06,0.83,0.33,0.11,7,7,-1.000,0
6.3582,2.14,-0.00,1.05,0.11,0.32,7,7,-1.000,0
6.3621,2.20,0.06,0.88,0.36,0.31,7,7,-1.000,0
6.3662,2.14,-0.05,0.85,0.30,0.08,7,7,-1.000,0
6.3704,2.14,-0.00,0.85,0.29,0.02,7,7,-1.000,0
6.3745,2.14,-0.00,0.82,0.32,0.04,7,7,-1.000,0
6.3787,2.21,0.07,0.89,0.38,0.11,7,7,-1.000,0
6.3829,2.12,-0.08,0.90,0.28,0.13,7,7,-1.000,0
6.3873,2.12,-0.00,0.83,0.31,0.09,7,7,-1.000,0
6.3916,2.21,0.09,0.90,0.40,0.14,7,7,-1.000,0
6.3954,2.20,-0.01,0.92,0.37,0.03,7,7,-1.000,0
6.3996,2.21,0.01,0.91,0.36,0.02,7,7,-1.000,0
6.4037,2.20,-0.01,0.88,0.39,0.04,7,7,-1.000,0
6.4082,2.19,-0.01,0.93,0.33,0.07,7,7,-1.000,0
6.4121,2.11,-0.08,0.87,0.24,0.14,7,7,-1.000,0
6.4162,2.19,0.08,0.96,0.35,0.16,7,7,-1.000,0
6.4204,2.21,0.02,0.89,0.40,0.08,7,7,-1.000,0
6.4245,2.12,-0.08,0.81,0.36,0.12,7,7,-1.000,0
6.4287,2.19,0.07,0.91,0.34,0.12,7,7,-1.000,0
6.4329,2.18,-0.01,0.88,0.37,0.04,7,7,-1.000,0
6.4372,2.13,-0.06,0.82,0.31,0.10,7,7,-1.000,0
6.4415,2.12,-0.00,0.83,0.30,0.02,7,7,-1.000,0
6.4456,2.13,0.01,0.82,0.33,0.03,7,7,-1.000,0
6.4497,2.19,0.06,0.92,0.35,0.12,7,7,-1.000,0
6.4541,2.20,0.02,0.93,0.35,0.02,7,7,-1.000,0
6.4583,2.10,-0.10,0.82,0.27,0.17,7,7,-1.000,0
6.4625,2.15,0.04,0.82,0.30,0.05,7,7,-1.000,0
6.4663,2.21,0.06,0.88,0.41,0.14,7,7,-1.000,0
6.4705,2.12,-0.09,0.83,0.27,0.17,7,7,-1.000,0
6.4749,2.18,0.06,0.88,0.36,0.11,7,7,-1.000,0
6.4790,2.14,-0.04,0.84,0.30,0.08,7,7,-1.000,0
6.4830,2.20,0.06,0.96,0.36,0.15,7,7,-1.000,0
6.4872,2.14,-0.06,0.81,0.34,0.16,7,7,-1.000,0
6.4914,2.13,-0.01,1.08,0.07,0.38,7,7,-1.000,0
6.4955,2.19,0.06,0.90,0.39,0.37,7,7,-1.000,0
6.4996,2.12,-0.07,0.83,0.28,0.15,7,7,-1.000,0
6.5038,2.22,0.10,0.99,0.35,0.20,7,7,-1.000,0
6.5081,2.19,-0.02,0.93,0.32,0.07,7,7,-1.000,0
6.5125,2.21,0.02,0.94,0.38,0.06,7,7,-1.000,0
6.5163,2.24,0.03,0.96,0.37,0.03,7,7,-1.000,0
6.5205,2.12,-0.11,0.83,0.30,0.19,7,7,-1.000,0
6.5248,2.13,0.01,0.81,0.28,0.03,7,7,-1.000,0
6.5291,2.22,0.09,0.91,0.37,0.16,7,7,-1.000,0
6.5330,2.19,-0.04,0.93,0.34,0.05,7,7,-1.000,0
6.5372,2.20,0.01,0.92,0.36,0.03,7,7,-1.000,0
6.5415,2.22,0.02,0.96,0.34,0.05,7,7,-1.000,0
6.5455,2.12,-0.10,0.83,0.35,0.16,7,7,-1.000,0
6.5496,2.18,0.06,0.87,0.40,0.09,7,7,-1.000,0
6.5538,2.20,0.02,0.83,0.47,0.08,7,7,-1.000,0
6.5581,2.16,-0.04,0.90,0.30,0.18,7,7,-1.000,0
6.5624,2.11,-0.05,0.81,0.30,0.10,7,7,-1.000,0
6.5662,2.21,0.10,0.93,0.35,0.17,7,7,-1.000,0
6.5705,2.13,-0.09,0.85,0.31,0.12,7,7,-1.000,0
6.5749,2.10,-0.03,0.82,0.29,0.05,7,7,-1.000,0
6.5791,2.18,0.08,0.86,0.36,0.11,7,7,-1.000,0
6.5830,2.20,0.01,0.92,0.37,0.06,7,7,-1.000,0
6.5872,2.18,-0.01,0.90,0.39,0.03,7,7,-1.000,0
6.5914,2.19,0.01,0.94,0.34,0.06,7,7,-1.000,0
6.5957,2.10,-0.09,0.86,0.27,0.14,7,7,-1.000,0
6.5997,2.12,0.01,0.83,0.29,0.04,7,7,-1.000,0
6.6038,2.18,0.06,0.92,0.29,0.11,7,7,-1.000,0
6.6082,2.17,-0.00,0.92,0.35,0.06,7,7,-1.000,0
6.6123,2.17,-0.00,0.87,0.35,0.05,7,7,-1.000,0
6.6162,2.18,0.01,0.88,0.35,0.02,7,7,-1.000,0
6.6204,2.09,-0.10,0.81,0.25,0.15,7,7,-1.000,0
6.6247,2.10,0.01,0.84,0.27,0.04,7,7,-1.000,0
6.6289,2.22,0.12,0.89,0.37,0.16,7,7,-1.000,0
6.6328,2.17,-0.04,0.93,0.32,0.08,7,7,-1.000,0
6.6371,2.17,-0.00,0.91,0.38,0.06,7,7,-1.000,0
6.6415,2.09,-0.08,0.80,0.27,0.17,7,7,-1.000,0
6.6453,2.12,0.03,0.83,0.33,0.07,7,7,-1.000,0
6.6495,2.18,0.06,0.89,0.39,0.11,7,7,-1.000,0
6.6537,2.10,-0.08,0.84,0.24,0.18,7,7,-1.000,0
6.6580,2.10,0.00,0.84,0.27,0.04,7,7,-1.000,0
6.6623,2.12,0.03,0.85,0.28,0.03,7,7,-1.000,0
6.6662,2.20,0.08,0.84,0.43,0.17,7,7,-1.000,0
6.6704,2.13,-0.07,0.82,0.31,0.14,7,7,-1.000,0
6.6747,2.17,0.03,0.83,0.31,0.03,7,7,-1.000,0
6.6790,2.19,0.03,0.84,0.36,0.06,7,7,-1.000,0
6.6828,2.11,-0.08,0.84,0.27,0.12,7,7,-1.000,0
6.6872,2.15,0.03,0.83,0.35,0.09,7,7,-1.000,0
6.6914,2.06,-0.09,1.02,-0.01,0.43,7,7,-1.000,0
6.6954,2.18,0.11,0.86,0.35,0.42,7,7,-1.000,0
6.6995,2.16,-0.01,0.86,0.28,0.08,7,7,-1.000,0
6.7037,2.22,0.05,0.95,0.37,0.14,7,7,-1.000,0
6.7082,2.16,-0.05,0.81,0.34,0.15,7,7,-1.000,0
6.7122,2.20,0.03,0.88,0.35,0.08,7,7,-1.000,0
6.7162,2.15,-0.05,0.84,0.28,0.09,7,7,-1.000,0
6.7204,2.15,-0.00,1.04,0.12,0.25,7,7,-1.000,0
6.7249,2.14,-0.01,0.84,0.31,0.27,7,7,-1.000,0
6.7289,2.20,0.07,0.92,0.33,0.10,7,7,-1.000,0
6.7329,2.23,0.03,0.88,0.47,0.14,7,7,-1.000,0
6.7373,2.22,-0.01,0.91,0.41,0.06,7,7,-1.000,0
6.7416,2.20,-0.02,0.90,0.41,0.02,7,7,-1.000,0
6.7455,2.22,0.02,0.91,0.40,0.03,7,7,-1.000,0
6.7496,2.23,0.01,0.91,0.39,0.01,7,7,-1.000,0
6.7538,2.23,0.00,0.93,0.39,0.02,7,7,-1.000,0
6.7583,2.14,-0.09,0.85,0.31,0.14,7,7,-1.000,0
6.7620,2.19,0.05,0.86,0.34,0.05,7,7,-1.000,0
6.7661,2.09,-0.09,0.85,0.26,0.12,7,7,-1.000,0
6.7704,2.19,0.10,0.86,0.38,0.15,7,7,-1.000,0
6.7748,2.19,-0.00,0.91,0.36,0.06,7,7,-1.000,0
6.7787,2.19,-0.00,0.86,0.39,0.06,7,7,-1.000,0
6.7828,2.22,0.03,0.93,0.39,0.07,7,7,-1.000,0
6.7871,2.20,-0.02,0.90,0.38,0.04,7,7,-1.000,0
6.7916,2.22,0.02,0.95,0.33,0.08,7,7,-1.000,0
6.7954,2.14,-0.08,0.80,0.30,0.17,7,7,-1.000,0
6.7995,2.11,-0.03,0.82,0.26,0.05,7,7,-1.000,0
6.8037,2.18,0.07,0.94,0.34,0.16,7,7,-1.000,0
6.8079,2.12,-0.06,0.85,0.28,0.12,7,7,-1.000,0
6.8120,2.21,0.09,0.93,0.44,0.20,7,7,-1.000,0
6.8164,2.19,-0.02,0.90,0.36,0.09,7,7,-1.000,0
6.8207,2.12,-0.07,0.82,0.29,0.13,7,7,-1.000,0
6.8248,2.23,0.11,0.92,0.38,0.18,7,7,-1.000,0
6.8288,2.14,-0.09,0.84,0.31,0.13,7,7,-1.000,0
6.8328,2.20,0.06,0.89,0.40,0.11,7,7,-1.000,0
6.8370,2.20,-0.01,0.91,0.39,0.03,7,7,-1.000,0
6.8415,2.24,0.05,0.90,0.41,0.05,7,7,-1.000,0
6.8453,2.23,-0.01,0.87,0.42,0.03,7,7,-1.000,0
6.8494,2.20,-0.03,0.90,0.38,0.06,7,7,-1.000,0
6.8538,2.13,-0.07,0.83,0.31,0.13,7,7,-1.000,0
6.8584,2.21,0.09,0.92,0.40,0.15,7,7,-1.000,0
6.8621,2.16,-0.05,0.83,0.34,0.12,7,7,-1.000,0
6.8661,2.24,0.08,0.93,0.41,0.14,7,7,-1.000,0
6.8702,2.23,-0.02,0.91,0.41,0.03,7,7,-1.000,0
6.8745,2.12,-0.10,0.87,0.29,0.17,7,7,-1.000,0
6.8785,2.22,0.09,0.90,0.32,0.10,7,7,-1.000,0
6.8827,2.15,-0.06,0.85,0.34,0.08,7,7,-1.000,0
6.8871,2.20,0.05,0.90,0.42,0.10,7,7,-1.000,0
6.8916,2.21,0.01,0.92,0.39,0.04,7,7,-1.000,0
6.8953,2.22,0.02,0.86,0.42,0.06,7,7,-1.000,0
6.8995,2.07,-0.15,1.01,0.03,0.45,7,7,-1.000,0
6.9037,2.16,0.09,0.88,0.37,0.38,7,7,-1.000,0
6.9082,2.13,-0.04,0.84,0.29,0.10,7,7,-1.000,0
6.9120,2.19,0.07,0.92,0.37,0.13,7,7,-1.000,0
6.9161,2.22,0.02,0.92,0.38,0.03,7,7,-1.000,0
6.9204,2.12,-0.09,0.83,0.29,0.15,7,7,-1.000,0
6.9249,2.14,0.02,0.87,0.29,0.04,7,7,-1.000,0
6.9288,2.20,0.07,0.93,0.37,0.12,7,7,-1.000,0
6.9328,2.14,-0.07,0.85,0.27,0.14,7,7,-1.000,0
6.9371,2.21,0.07,0.88,0.39,0.14,7,7,-1.000,0
6.9416,2.18,-0.03,0.89,0.33,0.06,7,7,-1.000,0
6.9455,2.19,0.01,0.86,0.39,0.06,7,7,-1.000,0
6.9495,2.21,0.02,0.89,0.38,0.04,7,7,-1.000,0
6.9540,2.14,-0.08,0.79,0.35,0.13,7,7,-1.000,0
6.9583,2.15,0.01,0.82,0.32,0.05,7,7,-1.000,0
6.9623,2.18,0.03,0.92,0.33,0.10,7,7,-1.000,0
6.9662,2.19,0.01,0.91,0.34,0.02,7,7,-1.000,0
6.9703,2.19,-0.01,0.88,0.39,0.05,7,7,-1.000,0
6.9749,2.19,0.00,0.90,0.35,0.04,7,7,-1.000,0
6.9788,2.11,-0.08,0.79,0.29,0.15,7,7,-1.000,0
6.9829,2.19,0.08,0.93,0.31,0.16,7,7,-1.000,0
6.9872,2.20,0.00,0.89,0.38,0.08,7,7,-1.000,0
6.9917,2.12,-0.07,0.80,0.29,0.15,7,7,-1.000,0
6.9956,2.21,0.08,0.93,0.37,0.17,7,7,-1.000,0
6.9997,2.12,-0.09,0.82,0.29,0.16,7,7,-1.000,0
7.0040,2.15,0.03,0.87,0.30,0.06,7,7,-1.000,0
7.0080,2.20,0.05,0.97,0.32,0.11,7,7,-1.000,0
7.0121,2.12,-0.08,0.85,0.26,0.16,7,7,-1.000,0
7.0162,2.20,0.08,0.95,0.34,0.15,7,7,-1.000,0
7.0206,2.12,-0.08,0.81,0.30,0.16,7,7,-1.000,0
7.0251,2.12,-0.00,0.84,0.30,0.03,7,7,-1.000,0
7.0290,2.23,0.11,0.91,0.45,0.20,7,7,-1.000,0
7.0330,2.19,-0.04,0.92,0.33,0.13,7,7,-1.000,0
7.0371,2.21,0.01,0.87,0.42,0.11,7,7,-1.000,0
7.0417,2.20,-0.01,0.87,0.39,0.03,7,7,-1.000,0
7.0456,2.10,-0.10,1.13,-0.03,0.51,7,7,-1.000,0
7.0496,2.15,0.04,1.04,0.10,0.17,7,7,-1.000,0
7.0538,2.13,-0.02,0.84,0.32,0.30,7,7,-1.000,0
7.0584,2.12,-0.01,0.88,0.26,0.07,7,7,-1.000,0
7.0622,2.13,0.01,0.85,0.36,0.10,7,7,-1.000,0
7.0664,2.19,0.06,0.89,0.40,0.08,7,7,-1.000,0
7.0706,2.20,0.02,0.88,0.36,0.04,7,7,-1.000,0
7.0751,2.13,-0.07,0.83,0.27,0.12,7,7,-1.000,0
7.0790,2.14,0.01,0.83,0.30,0.03,7,7,-1.000,0
7.0830,2.11,-0.04,0.86,0.26,0.06,7,7,-1.000,0
7.0872,2.10,-0.01,0.82,0.28,0.05,7,7,-1.000,0
7.0916,2.19,0.09,0.88,0.38,0.15,7,7,-1.000,0
7.0955,2.09,-0.10,0.81,0.26,0.17,7,7,-1.000,0
7.0996,2.17,0.08,0.92,0.31,0.15,7,7,-1.000,0
7.1038,2.20,0.03,0.89,0.39,0.09,7,7,-1.000,0
7.1105,2.18,-0.02,0.86,0.39,0.03,7,7,-1.000,0
7.1145,2.10,-0.09,0.79,0.25,0.17,7,7,-1.000,0
7.1183,2.19,0.09,0.91,0.37,0.19,7,7,-1.000,0
7.1226,2.17,-0.02,0.86,0.34,0.06,7,7,-1.000,0
7.1269,2.11,-0.06,0.84,0.29,0.09,7,7,-1.000,0
7.1312,2.19,0.08,0.90,0.38,0.14,7,7,-1.000,0
7.1352,2.24,0.05,0.89,0.45,0.08,7,7,-1.000,0
7.1391,2.10,-0.14,0.79,0.29,0.23,7,7,-1.000,0
7.1437,2.14,0.04,0.84,0.32,0.07,7,7,-1.000,0
7.1477,2.21,0.07,0.90,0.37,0.10,7,7,-1.000,0
7.1520,2.20,-0.01,0.91,0.33,0.03,7,7,-1.000,0
7.1563,2.19,-0.01,0.92,0.36,0.03,7,7,-1.000,0
7.1607,2.18,-0.01,0.90,0.34,0.03,7,7,-1.000,0
7.1643,2.19,0.00,0.91,0.34,0.01,7,7,-1.000,0
7.1683,2.11,-0.08,0.80,0.28,0.14,7,7,-1.000,0
7.1729,2.20,0.09,0.90,0.34,0.15,7,7,-1.000,0
7.1755,2.14,-0.06,0.85,0.26,0.11,7,7,-1.000,0
7.1791,2.18,0.04,0.88,0.36,0.11,7,7,-1.000,0
7.1859,2.12,-0.07,0.84,0.28,0.11,7,7,-1.000,0
7.1891,2.13,0.01,0.81,0.32,0.04,7,7,-1.000,0
7.1916,2.14,0.01,0.80,0.34,0.03,7,7,-1.000,0
7.1956,2.13,-0.01,0.88,0.27,0.10,7,7,-1.000,0
7.1996,2.09,-0.04,0.89,0.21,0.07,7,7,-1.000,0
7.2039,2.17,0.08,0.90,0.35,0.16,7,7,-1.000,0
7.2082,2.09,-0.08,0.80,0.32,0.14,7,7,-1.000,0
7.2121,2.19,0.09,0.89,0.39,0.14,7,7,-1.000,0
7.2162,2.15,-0.04,1.01,0.12,0.30,7,7,-1.000,0
7.2204,2.11,-0.03,0.81,0.30,0.27,7,7,-1.000,0
7.2249,2.14,0.02,0.81,0.31,0.03,7,7,-1.000,0
7.2287,2.11,-0.03,0.84,0.26,0.06,7,7,-1.000,0
7.2328,2.19,0.08,0.93,0.35,0.15,7,7,-1.000,0
7.2370,2.14,-0.04,0.81,0.32,0.12,7,7,-1.000,0
7.2413,2.18,0.04,0.89,0.34,0.09,7,7,-1.000,0
7.2454,2.10,-0.09,0.85,0.26,0.13,7,7,-1.000,0
7.2495,2.19,0.09,0.90,0.34,0.13,7,7,-1.000,0
7.2537,2.12,-0.06,0.80,0.33,0.12,7,7,-1.000,0
7.2587,2.20,0.08,0.89,0.38,0.14,7,7,-1.000,0
7.2632,2.15,-0.06,0.84,0.30,0.11,7,7,-1.000,0
7.2663,2.19,0.04,0.91,0.37,0.11,7,7,-1.000,0
7.2705,2.21,0.02,0.97,0.32,0.08,7,7,-1.000,0
7.2749,2.20,-0.01,0.92,0.32,0.05,7,7,-1.000,0
7.2788,2.19,-0.01,0.89,0.37,0.06,7,7,-1.000,0
7.2828,2.13,-0.06,0.83,0.31,0.10,7,7,-1.000,0
7.2871,2.13,0.00,0.81,0.32,0.02,7,7,-1.000,0
7.2915,2.13,-0.00,0.86,0.27,0.07,7,7,-1.000,0
7.2954,2.12,-0.01,0.87,0.26,0.01,7,7,-1.000,0
7.2995,2.13,0.00,0.85,0.28,0.03,7,7,-1.000,0
7.3037,2.12,-0.01,0.87,0.25,0.03,7,7,-1.000,0
7.3082,2.11,-0.01,1.07,0.03,0.30,7,7,-1.000,0
7.3121,2.19,0.08,0.90,0.34,0.36,7,7,-1.000,0
7.3161,2.20,0.00,0.92,0.36,0.02,7,7,-1.000,0
7.3203,2.18,-0.02,0.89,0.35,0.04,7,7,-1.000,0
7.3246,2.21,0.03,0.89,0.40,0.06,7,7,-1.000,0
7.3286,2.14,-0.07,0.85,0.25,0.17,7,7,-1.000,0
7.3328,2.12,-0.02,1.07,0.09,0.28,7,7,-1.000,0
7.3370,2.15,0.03,0.87,0.27,0.28,7,7,-1.000,0
7.3415,2.20,0.05,0.87,0.37,0.11,7,7,-1.000,0
7.3452,2.13,-0.07,1.08,0.05,0.39,7,7,-1.000,0
7.3495,2.13,-0.00,0.81,0.31,0.37,7,7,-1.000,0
7.3537,2.14,0.01,0.87,0.28,0.07,7,7,-1.000,0
7.3582,2.13,-0.01,0.85,0.30,0.03,7,7,-1.000,0
7.3620,2.13,0.01,0.84,0.30,0.01,7,7,-1.000,0
7.3661,2.20,0.07,0.92,0.36,0.12,7,7,-1.000,0
7.3703,2.19,-0.01,0.90,0.34,0.03,7,7,-1.000,0
7.3749,2.20,0.01,0.90,0.39,0.06,7,7,-1.000,0
7.3788,2.18,-0.02,0.91,0.33,0.07,7,7,-1.000,0
7.3828,2.20,0.02,0.86,0.40,0.09,7,7,-1.000,0
7.3870,2.16,-0.04,0.83,0.35,0.07,7,7,-1.000,0
7.3915,2.22,0.06,0.91,0.39,0.11,7,7,-1.000,0
7.3954,2.20,-0.02,0.91,0.36,0.04,7,7,-1.000,0
7.3994,2.12,-0.08,0.83,0.28,0.13,7,7,-1.000,0
7.4038,2.14,0.02,0.85,0.33,0.05,7,7,-1.000,0
7.4080,2.13,-0.01,0.83,0.30,0.03,7,7,-1.000,0
7.4119,2.17,0.04,0.92,0.33,0.10,7,7,-1.000,0
7.4160,2.22,0.05,0.93,0.37,0.07,7,7,-1.000,0
7.4204,2.24,0.03,0.94,0.41,0.05,7,7,-1.000,0
7.4249,2.15,-0.10,0.79,0.37,0.17,7,7,-1.000,0
7.4288,2.17,0.03,1.14,0.11,0.43,7,7,-1.000,0
7.4328,2.13,-0.04,0.82,0.31,0.38,7,7,-1.000,0
7.4371,2.21,0.07,0.90,0.40,0.14,7,7,-1.000,0
7.4415,2.20,-0.00,0.92,0.39,0.02,7,7,-1.000,0
7.4456,2.21,0.01,0.94,0.34,0.06,7,7,-1.000,0
7.4495,2.12,-0.09,0.83,0.32,0.14,7,7,-1.000,0
7.4538,2.19,0.07,0.95,0.35,0.14,7,7,-1.000,0
7.4582,2.20,0.01,0.93,0.33,0.03,7,7,-1.000,0
7.4621,2.22,0.02,0.92,0.36,0.04,7,7,-1.000,0
7.4661,2.23,0.02,0.92,0.40,0.05,7,7,-1.000,0
7.4703,2.11,-0.12,0.83,0.30,0.18,7,7,-1.000,0
7.4748,2.14,0.03,0.83,0.34,0.05,7,7,-1.000,0
7.4788,2.20,0.06,0.92,0.33,0.11,7,7,-1.000,0
7.4828,2.13,-0.07,0.81,0.30,0.14,7,7,-1.000,0
7.4872,2.22,0.09,0.99,0.38,0.22,7,7,-1.000,0
7.4915,2.19,-0.04,0.95,0.34,0.07,7,7,-1.000,0
7.4954,2.21,0.02,0.93,0.35,0.03,7,7,-1.000,0
7.4995,2.13,-0.07,0.81,0.31,0.15,7,7,-1.000,0
7.5037,2.13,-0.00,0.89,0.28,0.09,7,7,-1.000,0
7.5082,2.15,0.02,0.84,0.35,0.08,7,7,-1.000,0
7.5121,2.21,0.05,0.92,0.38,0.10,7,7,-1.000,0
7.5162,2.15,-0.06,0.80,0.33,0.15,7,7,-1.000,0
7.5204,2.21,0.06,0.90,0.39,0.13,7,7,-1.000,0
7.5249,2.20,-0.01,0.90,0.37,0.03,7,7,-1.000,0
7.5289,2.20,0.00,0.91,0.39,0.03,7,7,-1.000,0
7.5329,2.13,-0.07,0.84,0.28,0.16,7,7,-1.000,0
7.5371,2.16,0.03,0.83,0.35,0.08,7,7,-1.000,0
7.5417,2.22,0.06,0.90,0.39,0.11,7,7,-1.000,0
7.5454,2.19,-0.03,0.91,0.36,0.05,7,7,-1.000,0
7.5496,2.18,-0.01,0.87,0.35,0.04,7,7,-1.000,0
7.5538,2.14,-0.04,0.81,0.32,0.08,7,7,-1.000,0
7.5583,2.13,-0.01,0.79,0.35,0.04,7,7,-1.000,0
7.5623,2.04,-0.10,1.03,-0.07,0.50,7,7,-1.000,0
7.5662,2.19,0.15,0.87,0.36,0.48,7,7,-1.000,0
7.5705,2.20,0.01,0.90,0.41,0.06,7,7,-1.000,0
7.5748,2.12,-0.08,0.83,0.35,0.13,7,7,-1.000,0
7.5789,2.20,0.07,0.92,0.39,0.12,7,7,-1.000,0
7.5830,2.15,-0.04,0.86,0.33,0.09,7,7,-1.000,0
7.5871,2.20,0.05,0.91,0.35,0.07,7,7,-1.000,0
7.5918,2.21,0.01,0.96,0.32,0.06,7,7,-1.000,0
7.5956,2.12,-0.09,0.82,0.34,0.17,7,7,-1.000,0
7.5996,2.15,0.03,0.86,0.34,0.05,7,7,-1.000,0
7.6038,2.12,-0.04,0.82,0.31,0.05,7,7,-1.000,0
7.6081,2.21,0.10,0.97,0.34,0.18,7,7,-1.000,0
7.6120,2.12,-0.09,0.79,0.31,0.20,7,7,-1.000,0
7.6161,2.21,0.08,0.92,0.40,0.18,7,7,-1.000,0
7.6205,2.22,0.01,0.90,0.37,0.03,7,7,-1.000,0
7.6250,2.18,-0.03,0.92,0.34,0.05,7,7,-1.000,0
7.6289,2.10,-0.08,0.84,0.28,0.13,7,7,-1.000,0
7.6329,2.14,0.04,0.84,0.29,0.04,7,7,-1.000,0
7.6371,2.12,-0.02,0.86,0.30,0.03,7,7,-1.000,0
7.6414,2.19,0.07,0.91,0.36,0.10,7,7,-1.000,0
7.6454,2.17,-0.02,0.92,0.34,0.03,7,7,-1.000,0
7.6495,2.13,-0.05,1.09,0.01,0.37,7,7,-1.000,0
7.6540,2.20,0.08,0.94,0.35,0.37,7,7,-1.000,0
7.6582,2.21,0.01,0.93,0.38,0.04,7,7,-1.000,0
7.6621,2.13,-0.08,0.81,0.32,0.16,7,7,-1.000,0
7.6662,2.21,0.08,0.94,0.39,0.17,7,7,-1.000,0
7.6705,2.23,0.02,0.88,0.43,0.07,7,7,-1.000,0
7.6750,2.19,-0.04,0.89,0.41,0.04,7,7,-1.000,0
7.6788,2.20,0.00,0.90,0.34,0.07,7,7,-1.000,0
7.6829,2.08,-0.11,1.02,-0.01,0.38,7,7,-1.000,0
7.6871,2.14,0.06,0.83,0.31,0.37,7,7,-1.000,0
7.6912,2.13,-0.01,0.83,0.31,0.01,7,7,-1.000,0
7.6954,2.23,0.09,0.94,0.42,0.18,7,7,-1.000,0
7.6996,2.12,-0.10,0.84,0.27,0.21,7,7,-1.000,0
7.7039,2.21,0.08,0.90,0.36,0.14,7,7,-1.000,0
7.7082,2.22,0.01,0.94,0.33,0.05,7,7,-1.000,0
7.7121,2.12,-0.09,0.84,0.28,0.14,7,7,-1.000,0
7.7162,2.18,0.06,0.92,0.34,0.11,7,7,-1.000,0
7.7205,2.13,-0.05,0.78,0.33,0.14,7,7,-1.000,0
7.7247,2.12,-0.02,0.84,0.24,0.10,7,7,-1.000,0
7.7287,2.19,0.07,0.91,0.36,0.15,7,7,-1.000,0
7.7329,2.12,-0.07,0.86,0.29,0.11,7,7,-1.000,0
7.7372,2.08,-0.04,0.98,0.07,0.25,7,7,-1.000,0
7.7416,2.13,0.05,0.86,0.30,0.27,7,7,-1.000,0
7.7455,2.13,-0.00,0.83,0.32,0.03,7,7,-1.000,0
7.7495,2.20,0.07,0.90,0.35,0.11,7,7,-1.000,0
7.7539,2.19,-0.01,0.91,0.37,0.02,7,7,-1.000,0
7.7582,2.12,-0.07,0.82,0.31,0.13,7,7,-1.000,0
7.7621,2.13,0.01,0.83,0.32,0.02,7,7,-1.000,0
7.7661,2.13,-0.00,0.85,0.29,0.04,7,7,-1.000,0
7.7704,2.07,-0.06,0.98,0.03,0.30,7,7,-1.000,0
7.7749,2.06,-0.01,0.99,0.02,0.02,7,7,-1.000,0
7.7789,2.15,0.09,0.90,0.34,0.34,7,7,-1.000,0
7.7829,2.17,0.03,0.85,0.37,0.07,7,7,-1.000,0
7.7871,2.11,-0.07,0.78,0.28,0.13,7,7,-1.000,0
7.7916,2.12,0.01,0.79,0.32,0.04,7,7,-1.000,0
7.7955,2.16,0.04,0.89,0.33,0.10,7,7,-1.000,0
7.7996,2.18,0.02,0.91,0.32,0.03,7,7,-1.000,0
7.8039,2.11,-0.07,0.79,0.28,0.14,7,7,-1.000,0
7.8079,2.19,0.08,0.87,0.37,0.14,7,7,-1.000,0
7.8121,2.19,0.01,0.86,0.40,0.04,7,7,-1.000,0
7.8166,2.20,0.00,0.90,0.37,0.05,7,7,-1.000,0
7.8207,2.18,-0.01,0.93,0.34,0.05,7,7,-1.000,0
7.8249,2.13,-0.06,0.85,0.23,0.15,7,7,-1.000,0
7.8290,2.20,0.07,0.91,0.38,0.18,7,7,-1.000,0
7.8328,2.20,-0.00,0.87,0.40,0.04,7,7,-1.000,0
7.8370,2.19,-0.01,0.91,0.40,0.04,7,7,-1.000,0
7.8414,2.19,-0.00,0.91,0.35,0.05,7,7,-1.000,0
7.8452,2.11,-0.07,0.79,0.34,0.14,7,7,-1.000,0
7.8494,2.13,0.02,0.83,0.32,0.05,7,7,-1.000,0
7.8537,2.19,0.05,0.90,0.35,0.10,7,7,-1.000,0
7.8582,2.18,-0.00,0.87,0.39,0.05,7,7,-1.000,0
7.8621,2.18,0.00,0.88,0.35,0.04,7,7,-1.000,0
7.8661,2.18,-0.00,0.89,0.35,0.01,7,7,-1.000,0
7.8703,2.18,-0.01,0.93,0.31,0.06,7,7,-1.000,0
7.8749,2.16,-0.02,0.85,0.34,0.09,7,7,-1.000,0
7.8788,2.17,0.01,0.85,0.40,0.07,7,7,-1.000,0
7.8828,2.15,-0.02,0.90,0.35,0.08,7,7,-1.000,0
7.8870,2.16,0.01,0.88,0.34,0.02,7,7,-1.000,0
7.8915,2.17,0.01,0.89,0.35,0.01,7,7,-1.000,0
7.8953,2.19,0.02,0.88,0.35,0.02,7,7,-1.000,0
7.8995,2.18,-0.00,0.88,0.33,0.01,7,7,-1.000,0
7.9037,2.17,-0.01,0.90,0.35,0.03,7,7,-1.000,0
7.9083,2.17,-0.00,0.88,0.35,0.02,7,7,-1.000,0
7.9121,2.17,0.00,0.93,0.34,0.05,7,7,-1.000,0
7.9161,2.18,0.01,0.91,0.33,0.02,7,7,-1.000,0
7.9203,2.19,0.01,0.85,0.38,0.08,7,7,-1.000,0
7.9248,2.16,-0.03,0.94,0.33,0.10,7,7,-1.000,0
7.9288,2.20,0.04,0.84,0.38,0.12,7,7,-1.000,0
7.9329,2.11,-0.09,0.79,0.32,0.13,7,7,-1.000,0
7.9372,2.09,-0.03,0.80,0.26,0.07,7,7,-1.000,0
7.9416,2.20,0.11,0.93,0.34,0.19,7,7,-1.000,0
7.9455,2.19,-0.01,0.89,0.34,0.04,7,7,-1.000,0
7.9496,2.17,-0.02,0.90,0.33,0.03,7,7,-1.000,0
7.9538,2.17,0.00,0.89,0.35,0.02,7,7,-1.000,0
7.9582,2.18,0.01,0.89,0.35,0.01,7,7,-1.000,0
7.9622,2.10,-0.08,0.79,0.33,0.13,7,7,-1.000,0
7.9662,2.11,0.01,1.10,-0.06,0.50,7,7,-1.000,0
7.9704,2.12,0.01,0.79,0.31,0.48,7,7,-1.000,0
7.9747,2.10,-0.02,0.87,0.26,0.09,7,7,-1.000,0
7.9788,2.18,0.08,0.91,0.36,0.13,7,7,-1.000,0
7.9828,2.17,-0.01,0.84,0.33,0.07,7,7,-1.000,0
7.9870,2.10,-0.07,0.84,0.24,0.12,7,7,-1.000,0
7.9916,2.18,0.08,0.86,0.38,0.16,7,7,-1.000,0
7.9955,2.20,0.02,0.88,0.39,0.03,7,7,-1.000,0
7.9995,2.19,-0.02,0.89,0.41,0.03,7,7,-1.000,0
8.0039,2.12,-0.07,0.84,0.29,0.15,7,7,-1.000,0
8.0083,2.18,0.06,0.89,0.38,0.12,7,7,-1.000,0
8.0122,2.18,0.00,0.93,0.37,0.04,7,7,-1.000,0
8.0162,2.12,-0.06,0.84,0.29,0.14,7,7,-1.000,0
8.0204,2.12,0.00,0.83,0.29,0.01,7,7,-1.000,0
8.0250,2.12,-0.01,0.85,0.29,0.02,7,7,-1.000,0
8.0289,2.18,0.06,0.91,0.37,0.11,7,7,-1.000,0
8.0329,2.10,-0.07,0.82,0.27,0.15,7,7,-1.000,0
8.0371,2.09,-0.01,1.04,0.00,0.35,7,7,-1.000,0
8.0415,2.20,0.11,0.92,0.34,0.38,7,7,-1.000,0
8.0455,2.23,0.02,0.91,0.38,0.04,7,7,-1.000,0
8.0494,2.09,-0.14,0.82,0.29,0.19,7,7,-1.000,0
8.0537,2.19,0.10,0.89,0.36,0.14,7,7,-1.000,0
8.0581,2.09,-0.10,0.80,0.30,0.14,7,7,-1.000,0
8.0620,2.18,0.09,0.89,0.34,0.13,7,7,-1.000,0
8.0660,2.18,0.01,0.92,0.36,0.03,7,7,-1.000,0
8.0704,2.14,-0.05,0.85,0.30,0.10,7,7,-1.000,0
8.0747,2.20,0.07,0.93,0.37,0.12,7,7,-1.000,0
8.0787,2.18,-0.02,0.92,0.35,0.03,7,7,-1.000,0
8.0828,2.18,-0.00,0.87,0.40,0.06,7,7,-1.000,0
8.0872,2.13,-0.05,0.84,0.31,0.10,7,7,-1.000,0
8.0913,2.21,0.08,0.88,0.41,0.14,7,7,-1.000,0
8.0954,2.13,-0.08,0.86,0.23,0.20,7,7,-1.000,0
8.0995,2.14,0.01,0.87,0.28,0.05,7,7,-1.000,0
8.1037,2.15,0.01,0.88,0.31,0.03,7,7,-1.000,0
8.1102,2.14,-0.01,0.84,0.30,0.03,7,7,-1.000,0
8.1142,2.20,0.06,0.92,0.34,0.11,7,7,-1.000,0
8.1183,2.13,-0.07,0.86,0.26,0.12,7,7,-1.000,0
8.1228,2.23,0.10,0.91,0.39,0.17,7,7,-1.000,0
8.1275,2.14,-0.09,0.83,0.32,0.14,7,7,-1.000,0
8.1311,2.15,0.00,0.86,0.29,0.04,7,7,-1.000,0
8.1352,2.24,0.09,0.94,0.34,0.13,7,7,-1.000,0
8.1390,2.21,-0.02,0.93,0.38,0.04,7,7,-1.000,0
8.1432,2.20,-0.01,0.96,0.35,0.04,7,7,-1.000,0
8.1472,2.15,-0.05,1.09,0.07,0.31,7,7,-1.000,0
8.1517,2.14,-0.01,0.81,0.33,0.38,7,7,-1.000,0
8.1564,2.14,0.00,0.86,0.29,0.06,7,7,-1.000,0
8.1606,2.24,0.10,0.91,0.43,0.18,7,7,-1.000,0
8.1644,2.14,-0.10,0.85,0.32,0.16,7,7,-1.000,0
8.1684,2.22,0.08,0.95,0.39,0.14,7,7,-1.000,0
8.1712,2.17,-0.05,0.88,0.32,0.11,7,7,-1.000,0
8.1747,2.14,-0.03,1.07,0.09,0.30,7,7,-1.000,0
8.1788,2.24,0.10,0.91,0.41,0.37,7,7,-1.000,0
8.1833,2.15,-0.09,0.82,0.32,0.16,7,7,-1.000,0
8.1873,2.23,0.08,0.91,0.40,0.15,7,7,-1.000,0
8.1912,2.13,-0.10,0.81,0.30,0.18,7,7,-1.000,0
8.1953,2.14,0.01,0.89,0.25,0.09,7,7,-1.000,0
8.1994,2.16,0.02,1.10,0.07,0.28,7,7,-1.000,0
8.2038,2.19,0.03,0.92,0.36,0.34,7,7,-1.000,0
8.2083,2.14,-0.05,0.84,0.31,0.11,7,7,-1.000,0
8.2121,2.15,0.01,0.83,0.31,0.02,7,7,-1.000,0
8.2160,2.16,0.01,0.91,0.27,0.09,7,7,-1.000,0
8.2203,2.14,-0.02,0.89,0.28,0.03,7,7,-1.000,0
8.2249,2.22,0.09,0.94,0.37,0.14,7,7,-1.000,0
8.2287,2.21,-0.01,0.92,0.37,0.02,7,7,-1.000,0
8.2328,2.14,-0.07,1.10,0.07,0.36,7,7,-1.000,0
8.2372,2.14,-0.01,0.84,0.28,0.34,7,7,-1.000,0
8.2416,2.22,0.09,0.89,0.43,0.18,7,7,-1.000,0
8.2455,2.12,-0.11,0.86,0.26,0.21,7,7,-1.000,0
8.2496,2.20,0.09,0.88,0.38,0.15,7,7,-1.000,0
8.2538,2.19,-0.01,0.91,0.35,0.04,7,7,-1.000,0
8.2584,2.15,-0.04,0.85,0.32,0.08,7,7,-1.000,0
8.2621,2.17,0.02,0.88,0.32,0.04,7,7,-1.000,0
8.2662,2.19,0.02,0.90,0.39,0.08,7,7,-1.000,0
8.2704,2.18,-0.01,0.89,0.35,0.04,7,7,-1.000,0
8.2753,2.15,-0.03,0.89,0.29,0.07,7,7,-1.000,0
8.2794,2.20,0.05,0.88,0.41,0.13,7,7,-1.000,0
8.2830,2.20,0.00,0.86,0.42,0.03,7,7,-1.000,0
8.2872,2.13,-0.08,0.80,0.32,0.15,7,7,-1.000,0
8.2916,2.14,0.01,0.86,0.33,0.06,7,7,-1.000,0
8.2954,2.15,0.01,0.87,0.29,0.05,7,7,-1.000,0
8.2995,2.19,0.04,0.89,0.35,0.08,7,7,-1.000,0
8.3038,2.21,0.02,0.93,0.32,0.06,7,7,-1.000,0
8.3082,2.20,-0.01,0.87,0.43,0.13,7,7,-1.000,0
8.3122,2.19,-0.02,0.92,0.34,0.10,7,7,-1.000,0
8.3162,2.18,-0.00,0.90,0.35,0.02,7,7,-1.000,0
8.3204,2.20,0.01,0.89,0.38,0.03,7,7,-1.000,0
8.3250,2.11,-0.08,0.85,0.29,0.12,7,7,-1.000,0
8.3288,2.18,0.07,0.88,0.40,0.13,7,7,-1.000,0
8.3329,2.14,-0.05,0.82,0.29,0.13,7,7,-1.000,0
8.3371,2.22,0.08,0.87,0.40,0.15,7,7,-1.000,0
8.3415,2.20,-0.01,0.87,0.36,0.04,7,7,-1.000,0
8.3454,2.18,-0.02,0.87,0.38,0.03,7,7,-1.000,0
8.3495,2.11,-0.07,0.86,0.29,0.12,7,7,-1.000,0
8.3538,2.12,0.01,0.76,0.33,0.11,7,7,-1.000,0
8.3582,2.18,0.06,0.91,0.34,0.16,7,7,-1.000,0
8.3621,2.10,-0.08,0.82,0.26,0.15,7,7,-1.000,0
8.3661,2.18,0.08,0.90,0.34,0.14,7,7,-1.000,0
8.3704,2.13,-0.05,0.79,0.33,0.11,7,7,-1.000,0
8.3749,2.12,-0.01,0.84,0.27,0.08,7,7,-1.000,0
8.3789,2.13,0.01,0.85,0.28,0.01,7,7,-1.000,0
8.3829,2.21,0.08,0.89,0.41,0.16,7,7,-1.000,0
8.3871,2.12,-0.08,0.85,0.28,0.16,7,7,-1.000,0
8.3916,2.20,0.08,0.91,0.37,0.14,7,7,-1.000,0
8.3954,2.18,-0.02,0.90,0.36,0.03,7,7,-1.000,0
8.3996,2.20,0.02,0.93,0.35,0.04,7,7,-1.000,0
8.4039,2.18,-0.02,0.88,0.38,0.06,7,7,-1.000,0
8.4082,2.18,-0.00,0.84,0.38,0.04,7,7,-1.000,0
8.4121,2.18,-0.00,0.93,0.35,0.09,7,7,-1.000,0
8.4162,2.09,-0.09,0.79,0.29,0.18,7,7,-1.000,0
8.4204,2.11,0.02,0.82,0.30,0.03,7,7,-1.000,0
8.4249,2.11,0.00,0.83,0.32,0.02,7,7,-1.000,0
8.4288,2.18,0.07,0.84,0.39,0.10,7,7,-1.000,0
8.4329,2.17,-0.01,0.90,0.34,0.08,7,7,-1.000,0
8.4371,2.20,0.03,0.95,0.34,0.06,7,7,-1.000,0
8.4413,2.17,-0.03,0.84,0.39,0.12,7,7,-1.000,0
8.4453,2.20,0.03,0.88,0.42,0.06,7,7,-1.000,0
8.4495,2.17,-0.02,0.88,0.31,0.11,7,7,-1.000,0
8.4538,2.17,-0.00,0.85,0.39,0.08,7,7,-1.000,0
8.4582,2.19,0.02,0.83,0.42,0.04,7,7,-1.000,0
8.4621,2.18,-0.01,0.89,0.36,0.08,7,7,-1.000,0
8.4662,2.20,0.02,0.88,0.38,0.03,7,7,-1.000,0
8.4705,2.18,-0.02,0.93,0.34,0.06,7,7,-1.000,0
8.4748,2.10,-0.08,0.84,0.30,0.13,7,7,-1.000,0
8.4789,2.17,0.07,0.87,0.35,0.09,7,7,-1.000,0
8.4830,2.10,-0.07,0.83,0.28,0.11,7,7,-1.000,0
8.4872,2.16,0.06,0.91,0.34,0.12,7,7,-1.000,0
8.4914,2.21,0.05,0.88,0.38,0.07,7,7,-1.000,0
8.4955,2.10,-0.10,0.80,0.27,0.17,7,7,-1.000,0
8.4994,2.12,0.02,0.85,0.28,0.05,7,7,-1.000,0
8.5037,2.11,-0.02,0.78,0.33,0.08,7,7,-1.000,0
8.5082,2.19,0.08,0.87,0.37,0.13,7,7,-1.000,0
8.5121,2.10,-0.09,0.85,0.26,0.15,7,7,-1.000,0
8.5160,2.11,0.02,0.82,0.29,0.05,7,7,-1.000,0
8.5204,2.18,0.07,0.85,0.37,0.11,7,7,-1.000,0
8.5247,2.12,-0.06,0.82,0.33,0.08,7,7,-1.000,0
8.5288,2.17,0.05,0.93,0.35,0.12,7,7,-1.000,0
8.5329,2.10,-0.07,0.80,0.31,0.15,7,7,-1.000,0
8.5371,2.21,0.11,0.92,0.40,0.19,7,7,-1.000,0
8.5414,2.16,-0.05,0.90,0.35,0.07,7,7,-1.000,0
8.5455,2.18,0.02,0.90,0.34,0.02,7,7,-1.000,0
8.5496,2.13,-0.05,0.85,0.30,0.08,7,7,-1.000,0
8.5538,2.23,0.10,0.91,0.40,0.15,7,7,-1.000,0
8.5581,2.19,-0.03,0.90,0.39,0.04,7,7,-1.000,0
8.5623,2.11,-0.08,0.86,0.26,0.16,7,7,-1.000,0
8.5662,2.17,0.05,0.89,0.36,0.12,7,7,-1.000,0
8.5704,2.13,-0.03,0.85,0.29,0.09,7,7,-1.000,0
8.5748,2.05,-0.09,1.06,-0.05,0.41,7,7,-1.000,0
8.5790,2.12,0.07,1.07,0.06,0.14,7,7,-1.000,0
8.5829,2.20,0.08,0.88,0.38,0.38,7,7,-1.000,0
8.5872,2.12,-0.08,1.13,0.02,0.45,7,7,-1.000,0
8.5914,2.21,0.09,0.94,0.32,0.37,7,7,-1.000,0
8.5954,2.21,-0.00,0.93,0.39,0.07,7,7,-1.000,0
8.5995,2.20,-0.00,0.91,0.39,0.02,7,7,-1.000,0
8.6037,2.21,0.00,0.90,0.42,0.03,7,7,-1.000,0
8.6081,2.18,-0.03,0.97,0.32,0.12,7,7,-1.000,0
8.6122,2.20,0.01,0.89,0.38,0.10,7,7,-1.000,0
8.6162,2.19,-0.00,0.87,0.37,0.02,7,7,-1.000,0
8.6205,2.13,-0.07,0.86,0.31,0.09,7,7,-1.000,0
8.6247,2.15,0.03,0.82,0.34,0.06,7,7,-1.000,0
8.6290,2.12,-0.03,0.83,0.28,0.07,7,7,-1.000,0
8.6329,2.21,0.08,0.90,0.39,0.16,7,7,-1.000,0
8.6371,2.12,-0.08,0.80,0.32,0.15,7,7,-1.000,0
8.6414,2.21,0.09,0.89,0.38,0.14,7,7,-1.000,0
8.6455,2.13,-0.08,0.82,0.29,0.14,7,7,-1.000,0
8.6496,2.19,0.06,0.92,0.36,0.14,7,7,-1.000,0
8.6538,2.22,0.03,0.95,0.39,0.05,7,7,-1.000,0
8.6581,2.11,-0.11,0.85,0.29,0.18,7,7,-1.000,0
8.6622,2.20,0.09,0.86,0.39,0.13,7,7,-1.000,0
8.6662,2.21,0.00,0.93,0.35,0.08,7,7,-1.000,0
8.6705,2.20,-0.00,0.90,0.36,0.03,7,7,-1.000,0
8.6749,2.20,-0.00,0.89,0.34,0.02,7,7,-1.000,0
8.6787,2.21,0.01,0.92,0.38,0.04,7,7,-1.000,0
8.6828,2.13,-0.07,0.84,0.26,0.15,7,7,-1.000,0
8.6869,2.12,-0.02,0.85,0.27,0.02,7,7,-1.000,0
8.6913,2.13,0.01,0.84,0.30,0.03,7,7,-1.000,0
8.6955,2.13,-0.00,0.82,0.30,0.02,7,7,-1.000,0
8.6994,2.22,0.09,0.93,0.35,0.15,7,7,-1.000,0
8.7036,2.19,-0.02,0.91,0.34,0.04,7,7,-1.000,0
8.7080,2.16,-0.03,0.80,0.34,0.11,7,7,-1.000,0
8.7121,2.08,-0.08,0.97,0.06,0.34,7,7,-1.000,0
8.7161,2.14,0.07,0.82,0.33,0.32,7,7,-1.000,0
8.7203,2.21,0.06,0.89,0.39,0.11,7,7,-1.000,0
8.7246,2.14,-0.07,0.84,0.26,0.15,7,7,-1.000,0
8.7288,2.14,0.01,0.82,0.32,0.06,7,7,-1.000,0
8.7327,2.21,0.07,0.89,0.38,0.12,7,7,-1.000,0
8.7370,2.13,-0.08,0.83,0.33,0.12,7,7,-1.000,0
8.7413,2.13,0.01,1.07,0.05,0.37,7,7,-1.000,0
8.7454,2.13,-0.00,0.86,0.28,0.32,7,7,-1.000,0
8.7495,2.14,0.01,0.81,0.33,0.07,7,7,-1.000,0
8.7536,2.21,0.07,0.90,0.37,0.12,7,7,-1.000,0
8.7579,2.17,-0.04,1.08,0.10,0.32,7,7,-1.000,0
8.7622,2.11,-0.06,0.82,0.26,0.32,7,7,-1.000,0
8.7663,2.20,0.09,0.97,0.28,0.18,7,7,-1.000,0
8.7705,2.11,-0.09,0.83,0.27,0.17,7,7,-1.000,0
8.7748,2.21,0.10,0.87,0.40,0.17,7,7,-1.000,0
8.7789,2.18,-0.03,0.85,0.37,0.05,7,7,-1.000,0
8.7828,2.20,0.02,0.88,0.38,0.04,7,7,-1.000,0
8.7870,2.21,0.01,0.92,0.40,0.05,7,7,-1.000,0
8.7911,2.20,-0.01,0.89,0.36,0.06,7,7,-1.000,0
8.7952,2.12,-0.07,0.83,0.27,0.13,7,7,-1.000,0
8.7994,2.07,-0.05,1.04,-0.03,0.37,7,7,-1.000,0
8.8036,2.18,0.10,0.92,0.36,0.42,7,7,-1.000,0
8.8078,2.12,-0.06,1.10,-0.02,0.42,7,7,-1.000,0
8.8120,2.22,0.11,0.91,0.37,0.45,7,7,-1.000,0
8.8166,2.20,-0.02,0.87,0.42,0.06,7,7,-1.000,0
8.8205,2.11,-0.10,0.84,0.23,0.21,7,7,-1.000,0
8.8248,2.20,0.09,0.95,0.33,0.16,7,7,-1.000,0
8.8289,2.20,0.00,0.92,0.36,0.04,7,7,-1.000,0
8.8330,2.22,0.02,0.87,0.40,0.07,7,7,-1.000,0
8.8372,2.19,-0.03,0.92,0.34,0.08,7,7,-1.000,0
8.8415,2.20,0.00,0.91,0.35,0.01,7,7,-1.000,0
8.8454,2.19,-0.00,0.92,0.35,0.01,7,7,-1.000,0
8.8496,2.11,-0.09,0.81,0.26,0.16,7,7,-1.000,0
8.8540,2.22,0.11,0.91,0.36,0.17,7,7,-1.000,0
8.8582,2.12,-0.10,1.06,0.05,0.36,7,7,-1.000,0
8.8620,2.19,0.07,0.90,0.37,0.36,7,7,-1.000,0
8.8662,2.17,-0.02,0.86,0.35,0.05,7,7,-1.000,0
8.8704,2.20,0.03,0.92,0.35,0.06,7,7,-1.000,0
8.8747,2.19,-0.01,0.85,0.35,0.07,7,7,-1.000,0
8.8788,2.18,-0.01,0.90,0.34,0.06,7,7,-1.000,0
8.8829,2.18,0.01,0.92,0.32,0.03,7,7,-1.000,0
8.8870,2.11,-0.08,1.13,-0.02,0.41,7,7,-1.000,0
8.8912,2.18,0.08,0.87,0.39,0.49,7,7,-1.000,0
8.8953,2.12,-0.06,0.86,0.28,0.12,7,7,-1.000,0
8.8995,2.18,0.06,0.92,0.36,0.12,7,7,-1.000,0
8.9037,2.17,-0.01,0.84,0.35,0.08,7,7,-1.000,0
8.9082,2.19,0.01,0.93,0.32,0.09,7,7,-1.000,0
8.9122,2.12,-0.06,0.84,0.29,0.12,7,7,-1.000,0
8.9162,2.21,0.08,0.88,0.39,0.14,7,7,-1.000,0
8.9204,2.20,-0.01,0.96,0.33,0.10,7,7,-1.000,0
8.9249,2.11,-0.09,0.79,0.29,0.19,7,7,-1.000,0
8.9289,2.19,0.08,0.93,0.35,0.17,7,7,-1.000,0
8.9329,2.18,-0.02,0.93,0.33,0.03,7,7,-1.000,0
8.9372,2.21,0.04,0.91,0.38,0.07,7,7,-1.000,0
8.9416,2.20,-0.02,0.87,0.41,0.05,7,7,-1.000,0
8.9455,2.19,-0.01,0.93,0.37,0.07,7,7,-1.000,0
8.9495,2.12,-0.06,0.83,0.30,0.14,7,7,-1.000,0
8.9538,2.11,-0.02,0.81,0.30,0.03,7,7,-1.000,0
8.9582,2.20,0.10,0.90,0.35,0.14,7,7,-1.000,0
8.9622,2.19,-0.01,0.89,0.35,0.01,7,7,-1.000,0
8.9661,2.15,-0.04,0.85,0.31,0.07,7,7,-1.000,0
8.9704,2.20,0.05,0.91,0.37,0.10,7,7,-1.000,0
8.9749,2.19,-0.01,0.92,0.34,0.03,7,7,-1.000,0
8.9789,2.14,-0.06,0.81,0.30,0.13,7,7,-1.000,0
8.9829,2.19,0.06,0.91,0.31,0.12,7,7,-1.000,0
8.9871,2.16,-0.04,0.90,0.32,0.04,7,7,-1.000,0
8.9916,2.19,0.03,0.91,0.36,0.06,7,7,-1.000,0
8.9955,2.11,-0.08,0.82,0.31,0.13,7,7,-1.000,0
8.9995,2.18,0.06,0.90,0.33,0.11,7,7,-1.000,0
9.0038,2.18,0.01,0.92,0.34,0.02,7,7,-1.000,0
9.0083,2.20,0.02,0.89,0.38,0.06,7,7,-1.000,0
9.0122,2.20,-0.01,0.92,0.35,0.04,7,7,-1.000,0
9.0162,2.14,-0.06,1.05,0.07,0.32,7,7,-1.000,0
9.0204,2.19,0.05,0.89,0.35,0.33,7,7,-1.000,0
9.0249,2.20,0.02,0.91,0.38,0.04,7,7,-1.000,0
9.0289,2.19,-0.01,0.89,0.35,0.04,7,7,-1.000,0
9.0329,2.20,0.00,0.95,0.34,0.07,7,7,-1.000,0
9.0371,2.17,-0.02,0.89,0.38,0.08,7,7,-1.000,0
9.0416,2.20,0.02,0.92,0.35,0.04,7,7,-1.000,0
9.0455,2.19,-0.00,0.91,0.35,0.00,7,7,-1.000,0
9.0496,2.13,-0.07,0.87,0.26,0.12,7,7,-1.000,0
9.0538,2.23,0.10,0.91,0.36,0.15,7,7,-1.000,0
9.0582,2.12,-0.10,0.83,0.29,0.15,7,7,-1.000,0
9.0622,2.13,0.00,1.08,0.02,0.37,7,7,-1.000,0
9.0662,2.14,0.01,0.85,0.31,0.37,7,7,-1.000,0
9.0704,2.21,0.07,0.97,0.36,0.15,7,7,-1.000,0
9.0750,2.20,-0.01,0.89,0.35,0.08,7,7,-1.000,0
9.0788,2.23,0.03,0.89,0.41,0.07,7,7,-1.000,0
9.0829,2.20,-0.03,0.97,0.29,0.15,7,7,-1.000,0
9.0871,2.21,0.01,0.94,0.38,0.09,7,7,-1.000,0
9.0915,2.20,-0.01,0.96,0.37,0.03,7,7,-1.000,0
9.0954,2.14,-0.06,0.86,0.28,0.15,7,7,-1.000,0
9.0995,2.13,-0.01,0.85,0.31,0.04,7,7,-1.000,0
9.1041,2.14,0.01,0.89,0.29,0.05,7,7,-1.000,0
9.1102,2.21,0.06,0.92,0.40,0.13,7,7,-1.000,0
9.1143,2.21,0.01,0.85,0.41,0.07,7,7,-1.000,0
9.1184,2.18,-0.03,0.90,0.32,0.11,7,7,-1.000,0
9.1225,2.22,0.04,0.98,0.37,0.11,7,7,-1.000,0
9.1271,2.14,-0.08,0.81,0.30,0.20,7,7,-1.000,0
9.1315,2.22,0.08,0.93,0.37,0.16,7,7,-1.000,0
9.1355,2.16,-0.06,0.83,0.33,0.12,7,7,-1.000,0
9.1395,2.19,0.03,0.88,0.34,0.05,7,7,-1.000,0
9.1433,2.09,-0.10,0.99,0.07,0.31,7,7,-1.000,0
9.1472,2.17,0.09,0.89,0.35,0.31,7,7,-1.000,0
9.1517,2.14,-0.03,0.85,0.33,0.05,7,7,-1.000,0
9.1558,2.13,-0.01,0.83,0.31,0.02,7,7,-1.000,0
9.1603,2.15,0.02,0.84,0.33,0.02,7,7,-1.000,0
9.1647,2.18,0.03,0.89,0.39,0.08,7,7,-1.000,0
9.1689,2.20,0.02,0.87,0.41,0.04,7,7,-1.000,0
9.1726,2.11,-0.09,0.81,0.29,0.17,7,7,-1.000,0
9.1765,2.13,0.02,0.84,0.34,0.06,7,7,-1.000,0
9.1802,2.15,0.02,0.86,0.35,0.03,7,7,-1.000,0
9.1848,2.21,0.05,0.87,0.41,0.08,7,7,-1.000,0
9.1885,2.15,-0.06,0.84,0.31,0.12,7,7,-1.000,0
9.1917,2.20,0.06,0.87,0.41,0.12,7,7,-1.000,0
9.1956,2.14,-0.07,1.15,0.01,0.50,7,7,-1.000,0
9.1999,2.20,0.06,0.92,0.37,0.43,7,7,-1.000,0
9.2039,2.22,0.02,0.92,0.40,0.04,7,7,-1.000,0
9.2080,2.12,-0.10,0.84,0.31,0.16,7,7,-1.000,0
9.2120,2.18,0.06,0.89,0.39,0.11,7,7,-1.000,0
9.2161,2.12,-0.05,0.83,0.30,0.12,7,7,-1.000,0
9.2204,2.22,0.09,0.92,0.40,0.16,7,7,-1.000,0
9.2250,2.12,-0.10,0.82,0.29,0.18,7,7,-1.000,0
9.2289,2.19,0.07,0.90,0.35,0.13,7,7,-1.000,0
9.2329,2.13,-0.07,0.83,0.31,0.11,7,7,-1.000,0
9.2371,2.13,0.00,0.80,0.33,0.04,7,7,-1.000,0
9.2413,2.13,0.00,0.84,0.28,0.06,7,7,-1.000,0
9.2454,2.12,-0.01,0.86,0.29,0.03,7,7,-1.000,0
9.2496,2.13,0.01,0.81,0.31,0.05,7,7,-1.000,0
9.2538,2.12,-0.01,0.84,0.28,0.04,7,7,-1.000,0
9.2583,2.17,0.05,0.90,0.37,0.11,7,7,-1.000,0
9.2622,2.12,-0.05,0.87,0.28,0.11,7,7,-1.000,0
9.2662,2.12,0.01,0.80,0.31,0.09,7,7,-1.000,0
9.2705,2.19,0.07,0.85,0.40,0.12,7,7,-1.000,0
9.2751,2.19,-0.00,0.88,0.38,0.03,7,7,-1.000,0
9.2789,2.10,-0.08,0.84,0.28,0.14,7,7,-1.000,0
9.2829,2.11,0.01,0.81,0.30,0.04,7,7,-1.000,0
9.2871,2.19,0.07,0.95,0.35,0.16,7,7,-1.000,0
9.2914,2.19,0.01,0.90,0.35,0.05,7,7,-1.000,0
9.2955,2.18,-0.01,0.87,0.37,0.04,7,7,-1.000,0
9.2998,2.19,0.00,0.88,0.35,0.02,7,7,-1.000,0
9.3040,2.10,-0.09,1.09,-0.02,0.43,7,7,-1.000,0
9.3084,2.10,0.00,1.05,0.05,0.08,7,7,-1.000,0
9.3121,2.19,0.08,0.85,0.38,0.39,7,7,-1.000,0
9.3162,2.13,-0.05,0.82,0.31,0.09,7,7,-1.000,0
9.3204,2.18,0.05,0.89,0.36,0.11,7,7,-1.000,0
9.3247,2.19,0.01,0.93,0.35,0.04,7,7,-1.000,0
9.3288,2.21,0.02,0.90,0.36,0.04,7,7,-1.000,0
9.3329,2.19,-0.02,0.92,0.40,0.05,7,7,-1.000,0
9.3372,2.10,-0.09,0.80,0.28,0.19,7,7,-1.000,0
9.3417,2.19,0.08,0.89,0.34,0.13,7,7,-1.000,0
9.3455,2.12,-0.06,0.85,0.24,0.12,7,7,-1.000,0
9.3496,2.11,-0.02,0.82,0.29,0.06,7,7,-1.000,0
9.3538,2.09,-0.01,0.84,0.24,0.06,7,7,-1.000,0
9.3583,2.14,0.05,0.81,0.36,0.13,7,7,-1.000,0
9.3621,2.11,-0.03,0.80,0.34,0.04,7,7,-1.000,0
9.3661,2.11,-0.01,0.79,0.32,0.02,7,7,-1.000,0
9.3704,2.19,0.09,0.87,0.39,0.14,7,7,-1.000,0
9.3749,2.20,0.00,0.90,0.37,0.04,7,7,-1.000,0
9.3788,2.20,0.00,0.86,0.37,0.03,7,7,-1.000,0
9.3828,2.20,0.00,0.91,0.35,0.05,7,7,-1.000,0
9.3871,2.12,-0.09,0.81,0.32,0.14,7,7,-1.000,0
9.3916,2.10,-0.01,0.79,0.28,0.04,7,7,-1.000,0
9.3956,2.18,0.08,0.87,0.35,0.13,7,7,-1.000,0
9.3995,2.12,-0.06,0.86,0.28,0.09,7,7,-1.000,0
9.4037,2.13,0.01,1.03,0.09,0.26,7,7,-1.000,0
9.4082,2.11,-0.01,0.78,0.34,0.35,7,7,-1.000,0
9.4121,2.19,0.07,0.92,0.35,0.16,7,7,-1.000,0
9.4161,2.17,-0.02,0.89,0.36,0.04,7,7,-1.000,0
9.4205,2.18,0.01,0.92,0.36,0.03,7,7,-1.000,0
9.4249,2.20,0.01,0.87,0.40,0.07,7,7,-1.000,0
9.4288,2.19,-0.00,0.88,0.39,0.01,7,7,-1.000,0
9.4329,2.18,-0.01,0.93,0.30,0.11,7,7,-1.000,0
9.4371,2.12,-0.07,0.87,0.25,0.11,7,7,-1.000,0
9.4416,2.18,0.07,0.91,0.34,0.12,7,7,-1.000,0
9.4454,2.14,-0.05,0.83,0.30,0.10,7,7,-1.000,0
9.4495,2.21,0.07,0.95,0.33,0.14,7,7,-1.000,0
9.4537,2.11,-0.10,0.89,0.27,0.12,7,7,-1.000,0
9.4580,2.22,0.10,0.94,0.35,0.14,7,7,-1.000,0
9.4620,2.12,-0.10,0.83,0.28,0.17,7,7,-1.000,0
9.4662,2.19,0.08,0.89,0.38,0.14,7,7,-1.000,0
9.4704,2.19,0.00,0.90,0.37,0.02,7,7,-1.000,0
9.4749,2.13,-0.06,0.87,0.26,0.13,7,7,-1.000,0
9.4789,2.21,0.07,0.94,0.35,0.14,7,7,-1.000,0
9.4830,2.20,-0.01,0.90,0.37,0.04,7,7,-1.000,0
9.4872,2.18,-0.02,0.92,0.33,0.05,7,7,-1.000,0
9.4916,2.13,-0.05,0.88,0.25,0.10,7,7,-1.000,0
9.4955,2.12,-0.01,0.81,0.29,0.08,7,7,-1.000,0
9.4995,2.19,0.07,0.93,0.37,0.16,7,7,-1.000,0
9.5038,2.21,0.02,0.92,0.39,0.02,7,7,-1.000,0
9.5082,2.12,-0.08,0.85,0.32,0.13,7,7,-1.000,0
9.5122,2.13,0.01,0.76,0.31,0.09,7,7,-1.000,0
9.5162,2.12,-0.01,0.82,0.31,0.06,7,7,-1.000,0
9.5205,2.14,0.02,0.82,0.31,0.02,7,7,-1.000,0
9.5249,2.24,0.09,0.94,0.39,0.16,7,7,-1.000,0
9.5288,2.14,-0.10,0.89,0.25,0.17,7,7,-1.000,0
9.5329,2.23,0.09,0.95,0.35,0.15,7,7,-1.000,0
9.5372,2.21,-0.02,0.97,0.36,0.03,7,7,-1.000,0
9.5416,2.19,-0.01,0.92,0.36,0.05,7,7,-1.000,0
9.5454,2.22,0.02,0.95,0.40,0.05,7,7,-1.000,0
9.5496,2.20,-0.01,0.92,0.35,0.06,7,7,-1.000,0
9.5538,2.21,0.01,0.93,0.34,0.02,7,7,-1.000,0
9.5582,2.13,-0.08,0.82,0.32,0.14,7,7,-1.000,0
9.5622,2.13,0.00,0.82,0.29,0.03,7,7,-1.000,0
9.5661,2.21,0.08,0.88,0.42,0.16,7,7,-1.000,0
9.5704,2.21,0.00,0.88,0.40,0.02,7,7,-1.000,0
9.5747,2.22,0.01,0.92,0.37,0.05,7,7,-1.000,0
9.5787,2.15,-0.07,0.89,0.29,0.11,7,7,-1.000,0
9.5829,2.23,0.08,0.95,0.35,0.12,7,7,-1.000,0
9.5873,2.24,0.01,0.91,0.41,0.08,7,7,-1.000,0
9.5915,2.19,-0.04,0.94,0.36,0.07,7,7,-1.000,0
9.5953,2.15,-0.04,0.85,0.32,0.10,7,7,-1.000,0
9.5996,2.15,-0.01,0.85,0.31,0.01,7,7,-1.000,0
9.6038,2.09,-0.05,1.10,-0.01,0.41,7,7,-1.000,0
9.6083,2.14,0.05,0.85,0.30,0.40,7,7,-1.000,0
9.6121,2.21,0.07,0.91,0.38,0.12,7,7,-1.000,0
9.6162,2.13,-0.08,0.82,0.28,0.16,7,7,-1.000,0
9.6204,2.15,0.02,0.87,0.29,0.05,7,7,-1.000,0
9.6247,2.12,-0.03,0.85,0.29,0.03,7,7,-1.000,0
9.6288,2.12,-0.01,0.86,0.24,0.05,7,7,-1.000,0
9.6329,2.21,0.09,0.94,0.39,0.20,7,7,-1.000,0
9.6372,2.20,-0.01,0.95,0.34,0.05,7,7,-1.000,0
9.6416,2.22,0.01,0.95,0.35,0.02,7,7,-1.000,0
9.6454,2.22,0.01,0.96,0.40,0.05,7,7,-1.000,0
9.6496,2.14,-0.09,0.78,0.34,0.21,7,7,-1.000,0
9.6539,2.20,0.07,0.92,0.34,0.16,7,7,-1.000,0
9.6582,2.13,-0.07,0.82,0.31,0.13,7,7,-1.000,0
9.6620,2.12,-0.01,0.85,0.27,0.05,7,7,-1.000,0
9.6662,2.13,0.01,0.86,0.28,0.02,7,7,-1.000,0
9.6705,2.23,0.09,0.93,0.39,0.16,7,7,-1.000,0
9.6752,2.19,-0.04,0.93,0.32,0.08,7,7,-1.000,0
9.6788,2.20,0.01,0.93,0.35,0.03,7,7,-1.000,0
9.6829,2.16,-0.04,1.10,0.08,0.32,7,7,-1.000,0
9.6872,2.11,-0.04,0.86,0.28,0.32,7,7,-1.000,0
9.6916,2.12,0.00,0.85,0.29,0.01,7,7,-1.000,0
9.6954,2.19,0.07,0.93,0.37,0.13,7,7,-1.000,0
9.6996,2.21,0.02,0.97,0.32,0.06,7,7,-1.000,0
9.7038,2.21,-0.00,0.88,0.42,0.14,7,7,-1.000,0
9.7084,2.08,-0.13,1.04,0.03,0.44,7,7,-1.000,0
9.7124,2.18,0.10,0.93,0.37,0.37,7,7,-1.000,0
9.7164,2.22,0.05,0.90,0.39,0.06,7,7,-1.000,0
9.7205,2.19,-0.04,0.92,0.34,0.07,7,7,-1.000,0
9.7251,2.19,0.00,0.89,0.37,0.05,7,7,-1.000,0
9.7290,2.16,-0.03,0.90,0.33,0.06,7,7,-1.000,0
9.7331,2.19,0.03,0.88,0.37,0.06,7,7,-1.000,0
9.7557,2.20,0.01,0.88,0.38,0.01,7,7,-1.000,0
9.7584,2.20,0.00,0.87,0.41,0.03,7,7,-1.000,0
9.7623,2.10,-0.10,0.80,0.27,0.18,7,7,-1.000,0
9.7663,2.20,0.10,0.93,0.34,0.17,7,7,-1.000,0
9.7707,2.14,-0.06,0.81,0.33,0.13,7,7,-1.000,0
9.7751,2.15,0.01,0.87,0.28,0.08,7,7,-1.000,0
9.7789,2.12,-0.03,0.82,0.33,0.08,7,7,-1.000,0
9.7831,2.21,0.09,0.91,0.36,0.13,7,7,-1.000,0
9.7873,2.17,-0.04,0.92,0.33,0.05,7,7,-1.000,0
9.7917,2.19,0.02,0.90,0.36,0.04,7,7,-1.000,0
9.7956,2.18,-0.00,0.90,0.33,0.02,7,7,-1.000,0
9.7996,2.18,-0.00,0.91,0.34,0.01,7,7,-1.000,0
9.8038,2.17,-0.01,0.91,0.32,0.02,7,7,-1.000,0
9.8081,2.19,0.03,0.85,0.44,0.14,7,7,-1.000,0
9.8124,2.17,-0.02,0.95,0.31,0.16,7,7,-1.000,0
9.8164,2.18,0.01,0.91,0.36,0.06,7,7,-1.000,0
9.8206,2.15,-0.02,0.87,0.38,0.04,7,7,-1.000,0
9.8248,2.17,0.02,0.85,0.36,0.04,7,7,-1.000,0
9.8292,2.14,-0.04,1.10,0.03,0.42,7,7,-1.000,0
9.8330,2.19,0.06,0.86,0.37,0.42,7,7,-1.000,0
9.8372,2.20,0.01,0.87,0.41,0.04,7,7,-1.000,0
9.8417,2.18,-0.02,0.94,0.34,0.10,7,7,-1.000,0
9.8456,2.20,0.02,0.90,0.36,0.04,7,7,-1.000,0
9.8495,2.22,0.02,0.91,0.38,0.02,7,7,-1.000,0
9.8538,2.19,-0.03,0.90,0.36,0.03,7,7,-1.000,0
9.8583,2.18,-0.01,0.95,0.31,0.07,7,7,-1.000,0
9.8622,2.18,0.00,0.91,0.38,0.08,7,7,-1.000,0
9.8662,2.12,-0.06,0.81,0.33,0.13,7,7,-1.000,0
9.8704,2.12,-0.01,0.81,0.29,0.04,7,7,-1.000,0
9.8749,2.13,0.02,1.05,0.09,0.31,7,7,-1.000,0
9.8789,2.11,-0.02,0.84,0.26,0.27,7,7,-1.000,0
9.8829,2.20,0.09,0.89,0.36,0.14,7,7,-1.000,0
9.8872,2.20,-0.00,0.90,0.37,0.02,7,7,-1.000,0
9.8916,2.17,-0.02,0.91,0.30,0.08,7,7,-1.000,0
9.8955,2.21,0.04,0.94,0.35,0.07,7,7,-1.000,0
9.8996,2.11,-0.10,0.79,0.30,0.19,7,7,-1.000,0
9.9039,2.18,0.08,0.88,0.39,0.15,7,7,-1.000,0
9.9083,2.20,0.02,0.92,0.37,0.04,7,7,-1.000,0
9.9121,2.17,-0.03,0.88,0.35,0.05,7,7,-1.000,0
9.9162,2.18,0.00,0.90,0.35,0.02,7,7,-1.000,0
9.9205,2.12,-0.06,0.81,0.31,0.11,7,7,-1.000,0
9.9250,2.12,0.00,0.79,0.31,0.02,7,7,-1.000,0
9.9290,2.19,0.07,0.94,0.33,0.17,7,7,-1.000,0
9.9329,2.18,-0.01,0.91,0.34,0.03,7,7,-1.000,0
9.9371,2.20,0.02,0.88,0.39,0.07,7,7,-1.000,0
9.9415,2.19,-0.01,0.86,0.37,0.03,7,7,-1.000,0
9.9454,2.19,-0.00,0.87,0.37,0.01,7,7,-1.000,0
9.9495,2.14,-0.05,0.80,0.29,0.12,7,7,-1.000,0
9.9537,2.21,0.07,0.92,0.38,0.16,7,7,-1.000,0
9.9582,2.20,-0.02,0.94,0.35,0.04,7,7,-1.000,0
9.9623,2.14,-0.06,0.86,0.28,0.12,7,7,-1.000,0
9.9663,2.17,0.04,0.91,0.32,0.07,7,7,-1.000,0
9.9704,2.12,-0.06,0.83,0.32,0.10,7,7,-1.000,0
9.9746,2.13,0.01,0.84,0.27,0.06,7,7,-1.000,0
9.9790,2.17,0.05,0.90,0.34,0.10,7,7,-1.000,0
9.9829,2.22,0.04,0.89,0.40,0.08,7,7,-1.000,0
9.9871,2.10,-0.12,1.02,0.02,0.42,7,7,-1.000,0
9.9917,2.18,0.08,0.88,0.34,0.36,7,7,-1.000,0
9.9956,2.14,-0.04,0.84,0.30,0.07,7,7,-1.000,0
9.9996,2.21,0.07,0.89,0.39,0.12,7,7,-1.000,0
10.0038,2.21,-0.00,0.63,0.54,0.29,7,7,-1.000,0
10.0081,2.20,-0.01,0.32,0.84,0.44,7,7,-1.000,0
10.0120,2.18,-0.02,0.14,0.94,0.21,7,7,-1.000,0
10.0161,2.18,0.01,0.14,0.96,0.03,7,7,-1.000,0
10.0204,2.17,-0.02,0.10,0.95,0.04,7,7,-1.000,0
10.0250,2.25,0.09,0.26,0.99,0.19,7,7,-1.000,0
10.0289,2.19,-0.07,0.12,0.96,0.16,7,7,-1.000,0
10.0329,2.19,0.01,0.21,0.91,0.10,7,7,-1.000,0
10.0371,2.19,-0.01,0.46,0.68,0.35,7,7,-1.000,0
10.0413,2.25,0.06,0.28,0.96,0.34,7,7,-1.000,0
10.0454,2.24,-0.00,0.22,0.96,0.05,7,7,-1.000,0
10.0495,2.09,-0.16,0.51,0.44,0.61,7,7,-1.000,0
10.0538,1.98,-0.10,0.81,-0.04,0.58,7,7,-1.000,0
10.0583,1.97,-0.01,0.92,0.01,0.12,7,7,-1.000,0
10.0622,2.03,0.06,1.14,0.20,0.30,7,7,-1.000,0
10.0661,2.01,-0.02,1.25,0.22,0.11,7,7,-1.000,0
10.0704,2.03,0.02,1.33,0.38,0.18,7,7,-1.000,0
10.0750,2.02,-0.01,1.44,0.26,0.16,7,7,-1.000,0
10.0789,2.09,0.07,1.39,0.35,0.13,7,7,-1.000,0
10.0830,2.07,-0.02,1.43,0.32,0.06,7,7,-1.000,0
10.0871,2.13,0.06,1.43,0.38,0.08,7,7,-1.000,0
10.0916,2.06,-0.07,1.36,0.33,0.11,7,7,-1.000,0
10.0955,2.12,0.06,1.48,0.30,0.14,7,7,-1.000,0
10.0996,2.03,-0.09,1.39,0.31,0.13,7,7,-1.000,0
10.1037,2.12,0.09,1.40,0.43,0.15,7,7,-1.000,0
10.1107,2.08,-0.04,1.42,0.33,0.12,7,7,-1.000,0
10.1143,2.07,-0.00,1.39,0.34,0.03,7,7,-1.000,0
10.1183,2.06,-0.01,1.34,0.37,0.06,7,7,-1.000,0
10.1225,2.02,-0.04,1.39,0.26,0.13,7,7,-1.000,0
10.1268,2.03,0.01,1.40,0.33,0.07,7,7,-1.000,0
10.1309,2.10,0.07,1.45,0.34,0.09,7,7,-1.000,0
10.1349,2.12,0.02,1.43,0.43,0.09,7,7,-1.000,0
10.1389,2.07,-0.06,1.44,0.28,0.16,7,7,-1.000,0
10.1432,2.11,0.04,1.46,0.38,0.11,7,7,-1.000,0
10.1473,2.03,-0.08,1.38,0.30,0.14,7,7,-1.000,0
10.1514,2.06,0.04,1.40,0.33,0.06,7,7,-1.000,0
10.1555,2.01,-0.05,1.36,0.31,0.07,7,7,-1.000,0
10.1595,2.02,0.01,1.37,0.32,0.01,7,7,-1.000,0
10.1638,2.02,-0.00,1.40,0.31,0.03,7,7,-1.000,0
10.1690,2.11,0.09,1.39,0.40,0.13,7,7,-1.000,0
10.1722,2.09,-0.02,1.42,0.34,0.07,7,7,-1.000,0
10.1750,2.01,-0.08,1.32,0.32,0.13,7,7,-1.000,0
10.1791,2.08,0.07,1.43,0.30,0.13,7,7,-1.000,0
10.1832,2.01,-0.07,1.40,0.27,0.08,7,7,-1.000,0
10.1877,2.03,0.02,1.38,0.33,0.07,7,7,-1.000,0
10.1918,2.11,0.08,1.40,0.40,0.10,7,7,-1.000,0
10.1955,2.02,-0.09,1.37,0.27,0.16,7,7,-1.000,0
10.1996,2.07,0.05,1.48,0.31,0.13,7,7,-1.000,0
10.2038,2.00,-0.07,1.39,0.29,0.11,7,7,-1.000,0
10.2083,2.08,0.08,1.45,0.35,0.12,7,7,-1.000,0
10.2121,2.10,0.02,1.46,0.33,0.03,7,7,-1.000,0
10.2162,2.02,-0.08,1.40,0.32,0.11,7,7,-1.000,0
10.2205,2.14,0.12,1.41,0.40,0.15,7,7,-1.000,0
10.2250,2.11,-0.02,1.39,0.44,0.05,7,7,-1.000,0
10.2288,2.04,-0.08,1.34,0.40,0.10,7,7,-1.000,0
10.2331,2.01,-0.03,1.43,0.28,0.15,7,7,-1.000,0
10.2372,2.10,0.09,1.46,0.37,0.13,7,7,-1.000,0
10.2415,2.11,0.01,1.51,0.30,0.09,7,7,-1.000,0
10.2453,2.05,-0.06,1.33,0.41,0.22,7,7,-1.000,0
10.2494,2.01,-0.04,1.40,0.29,0.14,7,7,-1.000,0
10.2536,2.03,0.02,1.42,0.30,0.03,7,7,-1.000,0
10.2582,2.08,0.06,1.47,0.33,0.08,7,7,-1.000,0
10.2621,2.01,-0.08,1.36,0.29,0.14,7,7,-1.000,0
10.2661,1.99,-0.01,1.39,0.25,0.04,7,7,-1.000,0
10.2703,1.98,-0.01,1.35,0.31,0.07,7,7,-1.000,0
10.2749,2.11,0.13,1.47,0.41,0.20,7,7,-1.000,0
10.2789,2.08,-0.03,1.40,0.39,0.08,7,7,-1.000,0
10.2831,2.10,0.02,1.39,0.41,0.03,7,7,-1.000,0
10.2872,2.00,-0.10,1.39,0.25,0.20,7,7,-1.000,0
10.2918,2.08,0.08,1.42,0.37,0.15,7,7,-1.000,0
10.2956,2.05,-0.03,1.34,0.39,0.08,7,7,-1.000,0
10.2998,2.13,0.08,1.48,0.37,0.16,7,7,-1.000,0
10.3040,2.05,-0.08,1.42,0.33,0.11,7,7,-1.000,0
10.3083,2.06,0.01,1.41,0.38,0.05,7,7,-1.000,0
10.3122,2.10,0.03,1.42,0.35,0.05,7,7,-1.000,0
10.3164,2.11,0.01,1.46,0.33,0.05,7,7,-1.000,0
10.3208,2.03,-0.08,1.41,0.31,0.10,7,7,-1.000,0
10.3252,2.08,0.05,1.42,0.38,0.09,7,7,-1.000,0
10.3288,2.04,-0.04,1.34,0.38,0.09,7,7,-1.000,0
10.3329,2.03,-0.00,1.36,0.35,0.03,7,7,-1.000,0
10.3371,2.06,0.02,1.36,0.38,0.03,7,7,-1.000,0
10.3416,2.11,0.05,1.46,0.36,0.11,7,7,-1.000,0
10.3455,2.01,-0.10,1.33,0.31,0.17,7,7,-1.000,0
10.3496,2.04,0.03,1.36,0.34,0.05,7,7,-1.000,0
10.3538,2.01,-0.03,1.45,0.31,0.10,7,7,-1.000,0
10.3581,2.09,0.08,1.49,0.40,0.12,7,7,-1.000,0
10.3619,2.04,-0.05,1.46,0.39,0.06,7,7,-1.000,0
10.3660,2.10,0.06,1.52,0.36,0.09,7,7,-1.000,0
10.3704,2.08,-0.02,1.45,0.41,0.08,7,7,-1.000,0
10.3751,2.16,0.08,1.56,0.42,0.13,7,7,-1.000,0
10.3790,2.16,0.00,1.57,0.41,0.02,7,7,-1.000,0
10.3830,2.17,0.00,1.50,0.51,0.13,7,7,-1.000,0
10.3871,2.18,0.02,1.57,0.43,0.11,7,7,-1.000,0
10.3917,2.15,-0.03,1.57,0.41,0.04,7,7,-1.000,0
10.3956,2.10,-0.05,1.47,0.41,0.12,7,7,-1.000,0
10.3996,2.07,-0.04,1.45,0.36,0.06,7,7,-1.000,0
10.4038,2.14,0.07,1.55,0.45,0.15,7,7,-1.000,0
10.4085,2.15,0.01,1.61,0.37,0.10,7,7,-1.000,0
10.4122,2.07,-0.09,1.48,0.35,0.16,7,7,-1.000,0
10.4162,2.11,0.05,1.50,0.37,0.05,7,7,-1.000,0
10.4205,2.16,0.04,1.76,0.25,0.29,7,7,-1.000,0
10.4251,2.00,-0.15,1.58,0.30,0.24,7,7,-1.000,0
10.4290,2.01,0.01,1.65,0.20,0.12,7,7,-1.000,0
10.4330,2.07,0.05,1.54,0.32,0.17,7,7,-1.000,0
10.4373,2.00,-0.07,1.64,0.15,0.21,7,7,-1.000,0
10.4414,1.93,-0.07,1.55,0.11,0.12,7,7,-1.000,0
10.4454,2.06,0.13,1.45,0.18,0.18,7,7,-1.000,0
10.4495,2.03,-0.03,1.40,0.14,0.06,7,7,-1.000,0
10.4538,1.95,-0.08,1.23,0.02,0.22,7,7,-1.000,0
10.4583,1.93,-0.02,1.15,-0.01,0.09,7,7,-1.000,0
10.4622,1.95,0.02,1.08,-0.06,0.10,7,7,-1.000,0
10.4661,1.86,-0.09,0.96,-0.24,0.23,7,7,-1.000,0
10.4704,2.08,0.22,0.94,-0.07,0.27,7,7,-1.000,0
10.4749,2.06,-0.01,0.90,-0.15,0.09,7,7,-1.000,0
10.4788,2.02,-0.05,0.76,-0.12,0.15,7,7,-1.000,0
10.4829,2.03,0.01,0.88,-0.12,0.12,7,7,-1.000,0
10.4872,2.05,0.02,0.86,-0.24,0.12,7,7,-1.000,0
10.4916,2.09,0.04,0.68,0.04,0.33,7,7,-1.000,0
10.4955,2.07,-0.03,0.74,-0.07,0.12,7,7,-1.000,0
10.4995,2.09,0.02,0.73,-0.01,0.06,7,7,-1.000,0
10.5038,2.12,0.03,0.72,0.01,0.04,7,7,-1.000,0
10.5082,2.06,-0.06,0.74,0.05,0.07,7,7,-1.000,0
10.5121,2.14,0.08,0.72,0.06,0.09,7,7,-1.000,0
10.5160,2.13,-0.01,0.60,0.16,0.16,7,7,-1.000,0
10.5203,2.13,0.00,0.57,0.18,0.04,7,7,-1.000,0
10.5248,2.22,0.09,0.38,0.48,0.36,7,7,-1.000,0
10.5288,2.31,0.08,0.22,0.77,0.34,7,7,-1.000,0
10.5328,2.31,-0.00,0.13,0.82,0.11,7,7,-1.000,0
10.5371,2.30,-0.01,0.30,0.70,0.21,7,7,-1.000,0
10.5415,2.33,0.03,0.19,0.83,0.17,7,7,-1.000,0
10.5454,2.36,0.02,-0.02,1.13,0.36,7,7,-1.000,0
10.5494,2.40,0.05,0.01,1.18,0.07,7,7,-1.000,0
10.5536,2.35,-0.05,0.15,0.89,0.33,7,7,-1.000,0
10.5581,2.42,0.06,-0.08,1.30,0.47,7,7,-1.000,0
10.5621,2.42,0.00,-0.15,1.35,0.09,7,7,-1.000,0
10.5660,2.30,-0.12,0.15,0.88,0.58,7,7,-1.000,0
10.5703,2.40,0.10,-0.08,1.29,0.49,7,7,-1.000,0
10.5748,2.33,-0.07,0.22,0.87,0.52,7,7,-1.000,0
10.5787,2.47,0.13,-0.16,1.45,0.70,7,7,-1.000,0
10.5828,2.44,-0.02,-0.15,1.40,0.05,7,7,-1.000,0
10.5869,2.38,-0.06,0.28,0.85,0.70,7,7,-1.000,0
10.5914,2.47,0.09,-0.13,1.43,0.71,7,7,-1.000,0
10.5954,2.45,-0.02,-0.20,1.39,0.08,7,7,-1.000,0
10.5995,2.47,0.02,-0.02,1.37,0.19,7,7,-1.000,0
10.6036,2.44,-0.03,-0.15,1.41,0.14,7,7,-1.000,0
10.6084,2.35,-0.09,0.05,1.05,0.43,7,7,-1.000,0
10.6122,2.44,0.09,-0.22,1.48,0.52,7,7,-1.000,0
10.6162,2.41,-0.03,-0.18,1.29,0.20,7,7,-1.000,0
10.6205,2.47,0.06,-0.09,1.38,0.14,7,7,-1.000,0
10.6251,2.44,-0.03,-0.14,1.35,0.06,7,7,-1.000,0
10.6290,2.43,-0.01,-0.16,1.36,0.02,7,7,-1.000,0
10.6329,2.42,-0.01,-0.16,1.32,0.04,7,7,-1.000,0
10.6371,2.33,-0.09,0.21,0.83,0.62,7,7,-1.000,0
10.6416,2.39,0.06,-0.20,1.40,0.71,7,7,-1.000,0
10.6455,2.43,0.04,-0.19,1.44,0.05,7,7,-1.000,0
10.6495,2.34,-0.09,0.11,0.97,0.56,7,7,-1.000,0
10.6536,2.47,0.13,-0.14,1.37,0.49,7,7,-1.000,0
10.6582,2.46,-0.01,0.04,1.24,0.22,7,7,-1.000,0
10.6621,2.11,-0.35,0.86,-0.18,1.67,7,7,-1.000,0
10.6660,2.04,-0.06,0.83,-0.24,0.09,7,7,-1.000,0
10.6703,2.03,-0.01,0.88,-0.34,0.12,7,7,-1.000,0
10.6748,2.06,0.03,0.83,-0.26,0.10,7,7,-1.000,0
10.6787,2.06,0.00,0.97,-0.11,0.20,7,7,-1.000,0
10.6828,2.09,0.03,1.63,0.30,0.77,7,7,-1.000,0
10.6870,2.13,0.03,1.69,0.29,0.07,7,7,-1.000,0
10.6915,2.12,-0.01,1.66,0.30,0.04,7,7,-1.000,0
10.6954,2.12,-0.00,1.67,0.26,0.04,7,7,-1.000,0
10.6994,2.12,-0.00,1.70,0.21,0.06,7,7,-1.000,0
10.7037,2.08,-0.04,1.66,0.20,0.06,7,7,-1.000,0
10.7080,2.12,0.03,1.70,0.23,0.07,7,7,-1.000,0
10.7122,2.10,-0.02,1.55,0.35,0.19,7,7,-1.000,0
10.7161,2.11,0.02,1.62,0.28,0.10,7,7,-1.000,0
10.7203,2.07,-0.04,1.67,0.20,0.10,7,7,-1.000,0
10.7247,2.12,0.05,1.61,0.33,0.16,7,7,-1.000,0
10.7287,2.07,-0.05,1.76,0.09,0.29,7,7,-1.000,0
10.7326,2.10,0.03,1.74,0.20,0.11,7,7,-1.000,0
10.7369,2.11,0.01,1.59,0.32,0.19,7,7,-1.000,0
10.7412,2.08,-0.03,1.66,0.24,0.11,7,7,-1.000,0
10.7455,2.07,-0.01,1.78,0.12,0.17,7,7,-1.000,0
10.7494,2.12,0.05,1.70,0.25,0.15,7,7,-1.000,0
10.7535,2.09,-0.03,1.66,0.28,0.06,7,7,-1.000,0
10.7579,2.16,0.06,1.61,0.35,0.11,7,7,-1.000,0
10.7621,2.12,-0.03,1.77,0.16,0.25,7,7,-1.000,0
10.7660,2.10,-0.03,1.73,0.14,0.05,7,7,-1.000,0
10.7702,2.14,0.05,1.60,0.37,0.27,7,7,-1.000,0
10.7746,2.08,-0.06,1.67,0.24,0.16,7,7,-1.000,0
10.7788,2.10,0.02,1.65,0.29,0.05,7,7,-1.000,0
10.7828,2.04,-0.06,1.78,0.03,0.30,7,7,-1.000,0
10.7869,2.09,0.05,1.70,0.19,0.19,7,7,-1.000,0
10.7911,2.10,0.01,1.73,0.17,0.04,7,7,-1.000,0
10.7951,2.05,-0.05,1.68,0.14,0.07,7,7,-1.000,0
10.7992,2.13,0.08,1.62,0.33,0.22,7,7,-1.000,0
10.8035,2.15,0.01,1.63,0.34,0.02,7,7,-1.000,0
10.8077,2.09,-0.06,1.75,0.12,0.26,7,7,-1.000,0
10.8119,2.15,0.06,1.61,0.32,0.25,7,7,-1.000,0
10.8163,2.09,-0.06,1.79,0.12,0.27,7,7,-1.000,0
10.8203,2.09,-0.00,1.77,0.10,0.02,7,7,-1.000,0
10.8245,2.08,-0.01,1.71,0.13,0.07,7,7,-1.000,0
10.8287,2.15,0.07,1.69,0.26,0.14,7,7,-1.000,0
10.8330,2.10,-0.05,1.74,0.20,0.10,7,7,-1.000,0
10.8369,2.08,-0.01,1.76,0.15,0.06,7,7,-1.000,0
10.8411,2.17,0.09,1.62,0.39,0.29,7,7,-1.000,0
10.8454,2.13,-0.04,1.67,0.27,0.14,7,7,-1.000,0
10.8492,2.17,0.04,1.65,0.37,0.11,7,7,-1.000,0
10.8536,2.15,-0.02,1.73,0.27,0.13,7,7,-1.000,0
10.8577,2.13,-0.02,1.70,0.28,0.03,7,7,-1.000,0
10.8618,2.07,-0.06,1.71,0.17,0.13,7,7,-1.000,0
10.8659,2.13,0.06,1.72,0.27,0.11,7,7,-1.000,0
10.8702,2.11,-0.02,1.71,0.24,0.03,7,7,-1.000,0
10.8746,2.09,-0.02,1.72,0.22,0.03,7,7,-1.000,0
10.8788,2.12,0.02,1.68,0.27,0.07,7,7,-1.000,0
10.8827,2.12,0.01,1.75,0.21,0.10,7,7,-1.000,0
10.8869,2.08,-0.04,1.81,0.08,0.15,7,7,-1.000,0
10.8911,2.10,0.02,1.84,0.10,0.04,7,7,-1.000,0
10.8952,2.09,-0.01,1.88,0.00,0.10,7,7,-1.000,0
10.8994,2.02,-0.07,2.06,-0.28,0.33,7,7,-1.000,0
10.9037,2.03,0.01,2.15,-0.25,0.10,7,7,-1.000,0
10.9080,2.04,0.01,2.19,-0.27,0.05,7,7,-1.000,0
10.9121,2.06,0.02,2.21,-0.26,0.03,7,7,-1.000,0
10.9162,1.98,-0.08,2.37,-0.59,0.37,7,7,-1.000,0
10.9204,1.96,-0.02,2.43,-0.70,0.13,7,7,-1.000,0
10.9248,1.95,-0.01,2.50,-0.77,0.10,7,7,-1.000,0
10.9288,2.01,0.05,2.41,-0.54,0.26,7,7,-1.000,0
10.9328,1.98,-0.03,2.43,-0.58,0.06,7,7,-1.000,0
10.9370,2.02,0.04,2.41,-0.51,0.09,7,7,-1.000,0
10.9413,2.07,0.05,2.35,-0.47,0.08,7,7,-1.000,0
10.9454,1.95,-0.12,2.53,-0.81,0.39,7,7,-1.000,0
10.9493,1.96,0.01,2.52,-0.86,0.06,7,7,-1.000,0
10.9536,2.02,0.06,2.61,-0.77,0.14,7,7,-1.000,0
10.9580,2.03,0.01,2.53,-0.67,0.13,7,7,-1.000,0
10.9622,2.03,0.00,2.54,-0.79,0.12,7,7,-1.000,0
10.9661,2.05,0.02,2.53,-0.72,0.08,7,7,-1.000,0
10.9703,2.04,-0.00,2.61,-0.68,0.09,7,7,-1.000,0
10.9746,1.99,-0.06,2.50,-0.70,0.13,7,7,-1.000,0
10.9787,2.00,0.01,2.44,-0.77,0.09,7,7,-1.000,0
10.9827,2.00,0.01,2.35,-0.85,0.12,7,7,-1.000,0
10.9871,2.00,-0.01,2.46,-0.94,0.14,7,7,-1.000,0
10.9915,2.00,0.01,2.39,-1.10,0.17,7,7,-1.000,0
10.9953,2.02,0.02,2.31,-1.09,0.09,7,7,-1.000,0
10.9993,2.28,0.26,1.39,-0.59,1.07,7,7,-1.000,0
11.0036,2.40,0.11,0.91,0.04,0.80,7,7,-1.000,0
11.0080,2.37,-0.03,0.97,0.01,0.07,7,7,-1.000,0
11.0120,2.39,0.02,0.93,-0.03,0.05,7,7,-1.000,0
11.0161,2.32,-0.06,0.99,-0.15,0.15,7,7,-1.000,0
11.0203,2.30,-0.02,1.10,-0.15,0.11,7,7,-1.000,0
11.0246,2.40,0.10,1.03,0.05,0.23,7,7,-1.000,0
11.0287,2.35,-0.05,0.97,0.01,0.09,7,7,-1.000,0
11.0328,2.40,0.05,0.92,-0.02,0.07,7,7,-1.000,0
11.0369,2.38,-0.01,0.92,-0.05,0.04,7,7,-1.000,0
11.0413,2.41,0.03,0.92,0.02,0.08,7,7,-1.000,0
11.0455,2.35,-0.07,0.98,-0.08,0.13,7,7,-1.000,0
11.0493,2.30,-0.05,1.07,-0.13,0.11,7,7,-1.000,0
11.0537,2.23,-0.07,1.27,-0.37,0.32,7,7,-1.000,0
11.0580,2.10,-0.13,1.51,-0.76,0.48,7,7,-1.000,0
11.0620,2.10,-0.00,1.53,-0.73,0.04,7,7,-1.000,0
11.0660,2.11,0.01,1.54,-0.74,0.02,7,7,-1.000,0
11.0703,2.14,0.04,1.49,-0.73,0.06,7,7,-1.000,0
11.0746,2.12,-0.02,1.53,-0.74,0.04,7,7,-1.000,0
11.0788,2.10,-0.02,1.49,-0.76,0.04,7,7,-1.000,0
11.0828,2.24,0.14,1.35,-0.26,0.53,7,7,-1.000,0
11.0870,2.14,-0.10,1.46,-0.72,0.49,7,7,-1.000,0
11.0913,2.06,-0.08,1.49,-0.81,0.12,7,7,-1.000,0
11.0952,2.10,0.04,1.53,-0.75,0.09,7,7,-1.000,0
11.0993,2.12,0.03,1.47,-0.72,0.07,7,7,-1.000,0
11.1043,2.09,-0.03,1.50,-0.79,0.08,7,7,-1.000,0
11.1100,2.10,0.01,1.51,-0.80,0.02,7,7,-1.000,0
11.1142,2.12,0.02,1.50,-0.74,0.07,7,7,-1.000,0
11.1179,2.13,0.01,1.48,-0.76,0.03,7,7,-1.000,0
11.1222,2.12,-0.01,1.52,-0.72,0.06,7,7,-1.000,0
11.1263,2.11,-0.01,1.51,-0.73,0.02,7,7,-1.000,0
11.1304,2.10,-0.01,1.48,-0.78,0.05,7,7,-1.000,0
11.1342,2.10,-0.00,1.47,-0.76,0.02,7,7,-1.000,0
11.1388,2.09,-0.01,1.45,-0.84,0.09,7,7,-1.000,0
11.1426,2.12,0.03,1.45,-0.73,0.11,7,7,-1.000,0
11.1463,2.10,-0.02,1.46,-0.77,0.04,7,7,-1.000,0
11.1504,2.12,0.02,1.51,-0.74,0.06,7,7,-1.000,0
11.1552,2.11,-0.01,1.51,-0.80,0.07,7,7,-1.000,0
11.1599,2.10,-0.01,1.53,-0.77,0.04,7,7,-1.000,0
11.1639,2.11,0.02,1.51,-0.78,0.03,7,7,-1.000,0
11.1680,2.10,-0.01,1.46,-0.72,0.08,7,7,-1.000,0
11.1705,2.05,-0.05,1.52,-0.82,0.13,7,7,-1.000,0
11.1747,2.11,0.06,1.52,-0.82,0.06,7,7,-1.000,0
11.1790,2.09,-0.02,1.49,-0.84,0.04,7,7,-1.000,0
11.1831,2.12,0.03,1.42,-0.81,0.08,7,7,-1.000,0
11.1873,2.11,-0.01,1.46,-0.81,0.03,7,7,-1.000,0
11.1913,2.10,-0.01,1.49,-0.80,0.03,7,7,-1.000,0
11.1959,2.11,0.01,1.39,-0.81,0.10,7,7,-1.000,0
11.1997,2.10,-0.00,1.42,-0.80,0.03,7,7,-1.000,0
11.2038,2.10,-0.00,1.51,-0.75,0.10,7,7,-1.000,0
11.2079,2.12,0.02,1.48,-0.70,0.06,7,7,-1.000,0
11.2120,2.11,-0.02,1.41,-0.81,0.14,7,7,-1.000,0
11.2161,2.14,0.04,1.48,-0.76,0.09,7,7,-1.000,0
11.2204,2.16,0.02,1.50,-0.70,0.07,7,7,-1.000,0
11.2248,2.15,-0.01,1.50,-0.72,0.03,7,7,-1.000,0
11.2288,2.14,-0.01,1.50,-0.71,0.02,7,7,-1.000,0
11.2329,2.16,0.02,1.43,-0.71,0.08,7,7,-1.000,0
11.2370,2.18,0.02,1.39,-0.68,0.05,7,7,-1.000,0
11.2414,2.17,-0.00,1.39,-0.72,0.04,7,7,-1.000,0
11.2455,2.16,-0.01,1.52,-0.67,0.14,7,7,-1.000,0
11.2495,2.19,0.03,1.48,-0.65,0.06,7,7,-1.000,0
11.2537,2.15,-0.04,1.49,-0.72,0.08,7,7,-1.000,0
11.2581,2.15,0.00,1.48,-0.75,0.03,7,7,-1.000,0
11.2624,2.16,0.01,1.40,-0.80,0.09,7,7,-1.000,0
11.2662,2.16,-0.00,1.44,-0.70,0.11,7,7,-1.000,0
11.2703,2.19,0.03,1.40,-0.79,0.10,7,7,-1.000,0
11.2747,2.18,-0.01,1.47,-0.66,0.14,7,7,-1.000,0
11.2789,2.17,-0.01,1.43,-0.71,0.07,7,7,-1.000,0
11.2829,2.17,0.01,1.48,-0.67,0.07,7,7,-1.000,0
11.2870,2.16,-0.02,1.50,-0.73,0.06,7,7,-1.000,0
11.2912,2.16,0.01,1.44,-0.65,0.10,7,7,-1.000,0
11.2953,2.17,0.01,1.48,-0.66,0.04,7,7,-1.000,0
11.2994,2.14,-0.03,1.48,-0.74,0.08,7,7,-1.000,0
11.3038,2.18,0.03,1.48,-0.67,0.08,7,7,-1.000,0
11.3081,2.17,-0.01,1.50,-0.65,0.03,7,7,-1.000,0
11.3122,2.17,0.00,1.44,-0.68,0.07,7,7,-1.000,0
11.3162,2.18,0.01,1.45,-0.70,0.02,7,7,-1.000,0
11.3205,2.14,-0.03,1.51,-0.67,0.07,7,7,-1.000,0
11.3249,2.18,0.04,1.49,-0.66,0.04,7,7,-1.000,0
11.3289,2.13,-0.05,1.48,-0.73,0.08,7,7,-1.000,0
11.3330,2.16,0.03,1.47,-0.66,0.07,7,7,-1.000,0
11.3373,2.18,0.01,1.40,-0.71,0.09,7,7,-1.000,0
11.3420,2.15,-0.03,1.47,-0.70,0.08,7,7,-1.000,0
11.3460,2.13,-0.02,1.45,-0.72,0.03,7,7,-1.000,0
11.3497,2.16,0.03,1.43,-0.76,0.06,7,7,-1.000,0
11.3539,2.15,-0.02,1.49,-0.70,0.09,7,7,-1.000,0
11.3583,2.15,0.00,1.46,-0.72,0.03,7,7,-1.000,0
11.3622,2.18,0.03,1.48,-0.68,0.05,7,7,-1.000,0
11.3662,2.16,-0.02,1.48,-0.69,0.02,7,7,-1.000,0
11.3704,2.18,0.02,1.48,-0.72,0.04,7,7,-1.000,0
11.3748,2.16,-0.02,1.51,-0.70,0.04,7,7,-1.000,0
11.3789,2.15,-0.01,1.51,-0.70,0.01,7,7,-1.000,0
11.3830,2.17,0.02,1.55,-0.71,0.04,7,7,-1.000,0
11.3871,2.14,-0.04,1.50,-0.73,0.06,7,7,-1.000,0
11.3915,2.15,0.01,1.54,-0.69,0.06,7,7,-1.000,0
11.3956,2.16,0.01,1.55,-0.63,0.06,7,7,-1.000,0
11.3996,2.15,-0.01,1.47,-0.71,0.11,7,7,-1.000,0
11.4040,2.15,0.01,1.47,-0.73,0.02,7,7,-1.000,0
11.4083,2.15,-0.00,1.51,-0.70,0.05,7,7,-1.000,0
11.4123,2.14,-0.02,1.52,-0.72,0.03,7,7,-1.000,0
11.4162,2.14,0.01,1.44,-0.73,0.08,7,7,-1.000,0
11.4204,2.15,0.01,1.52,-0.68,0.09,7,7,-1.000,0
11.4247,2.17,0.02,1.49,-0.65,0.05,7,7,-1.000,0
11.4291,2.16,-0.01,1.48,-0.69,0.04,7,7,-1.000,0
11.4329,2.15,-0.01,1.48,-0.74,0.05,7,7,-1.000,0
11.4370,2.14,-0.01,1.44,-0.72,0.05,7,7,-1.000,0
11.4415,2.14,-0.01,1.49,-0.77,0.06,7,7,-1.000,0
11.4457,2.18,0.04,1.45,-0.66,0.13,7,7,-1.000,0
11.4496,2.14,-0.04,1.46,-0.65,0.04,7,7,-1.000,0
11.4537,2.14,0.00,1.45,-0.68,0.03,7,7,-1.000,0
11.4581,2.14,0.00,1.40,-0.66,0.05,7,7,-1.000,0
11.4624,2.16,0.02,1.41,-0.64,0.04,7,7,-1.000,0
11.4663,2.15,-0.01,1.38,-0.65,0.03,7,7,-1.000,0
11.4704,2.21,0.06,1.36,-0.41,0.26,7,7,-1.000,0
11.4748,2.20,-0.02,1.21,-0.40,0.15,7,7,-1.000,0
11.4791,2.27,0.07,1.11,-0.30,0.16,7,7,-1.000,0
11.4830,2.29,0.02,1.03,-0.20,0.13,7,7,-1.000,0
11.4871,2.31,0.02,1.02,-0.19,0.02,7,7,-1.000,0
11.4915,2.27,-0.04,0.95,-0.26,0.11,7,7,-1.000,0
11.4957,2.27,-0.01,0.75,-0.37,0.23,7,7,-1.000,0
11.4995,2.30,0.04,0.70,-0.29,0.11,7,7,-1.000,0
11.5038,2.30,0.00,0.65,-0.42,0.14,7,7,-1.000,0
11.5083,2.33,0.02,0.58,-0.46,0.09,7,7,-1.000,0
11.5122,2.31,-0.02,0.46,-0.53,0.14,7,7,-1.000,0
11.5162,2.28,-0.04,0.34,-0.61,0.15,7,7,-1.000,0
11.5204,2.28,0.01,0.18,-0.63,0.16,7,7,-1.000,0
11.5249,2.30,0.01,0.15,-0.74,0.11,7,7,-1.000,0
11.5288,2.29,-0.01,0.07,-0.81,0.11,7,7,-1.000,0
11.5328,2.27,-0.02,0.09,-0.75,0.06,7,7,-1.000,0
11.5371,2.28,0.01,0.00,-0.80,0.10,7,7,-1.000,0
11.5416,2.31,0.02,0.04,-0.77,0.05,7,7,-1.000,0
11.5455,2.26,-0.05,0.04,-0.75,0.05,7,7,-1.000,0
11.5495,2.28,0.02,0.23,-0.66,0.21,7,7,-1.000,0
11.5538,2.28,-0.00,0.24,-0.68,0.02,7,7,-1.000,0
11.5580,2.40,0.12,-0.03,-0.18,0.58,7,7,-1.000,0
11.5621,2.28,-0.12,0.28,-0.57,0.51,7,7,-1.000,0
11.5662,2.27,-0.01,0.55,-0.52,0.27,7,7,-1.000,0
11.5703,2.27,0.00,0.42,-0.48,0.14,7,7,-1.000,0
11.5750,2.29,0.02,0.67,-0.43,0.26,7,7,-1.000,0
11.5790,2.28,-0.01,0.51,-0.47,0.16,7,7,-1.000,0
11.5829,2.21,-0.06,0.52,-0.46,0.06,7,7,-1.000,0
11.5871,2.26,0.05,0.61,-0.55,0.13,7,7,-1.000,0
11.5913,2.34,0.07,0.72,-0.39,0.20,7,7,-1.000,0
11.5955,2.43,0.09,0.60,-0.30,0.18,7,7,-1.000,0
11.5996,2.52,0.09,0.65,-0.29,0.11,7,7,-1.000,0
11.6039,2.66,0.14,0.06,0.15,0.75,7,7,-1.000,0
11.6084,2.77,0.11,0.01,-0.27,0.44,7,7,-1.000,0
11.6124,2.88,0.11,0.37,-0.10,0.41,7,7,-1.000,0
11.6164,3.18,0.30,-0.02,0.16,0.56,7,7,-1.000,0
11.6206,3.53,0.35,-0.28,0.18,0.44,7,7,-1.000,0
11.6247,3.69,0.16,0.17,-0.45,0.79,7,7,-1.000,0
11.6289,3.79,0.09,0.27,-0.24,0.25,7,7,-1.000,0
11.6331,3.86,0.07,0.36,-0.42,0.21,7,7,-1.000,0
11.6373,3.97,0.11,-0.03,0.06,0.62,7,7,-1.000,0
11.6418,4.27,0.30,-0.34,0.96,1.00,7,7,-1.000,0
11.6456,4.33,0.07,-0.49,0.94,0.16,7,7,-1.000,0
11.6496,4.19,-0.14,0.15,-0.35,1.45,7,7,-1.000,0
11.6540,4.22,0.03,0.71,-0.40,0.56,7,7,-1.000,0
11.6581,4.32,0.10,0.63,-0.58,0.22,7,7,-1.000,0
11.6621,4.40,0.09,0.59,-0.46,0.15,7,7,-1.000,0
11.6663,4.43,0.02,0.37,-0.63,0.28,7,7,-1.000,0
11.6705,4.46,0.03,0.09,-0.92,0.40,7,7,-1.000,0
11.6750,4.45,-0.01,-0.34,-0.60,0.54,7,7,-1.000,0
11.6790,4.43,-0.02,0.23,-0.86,0.62,7,7,-1.000,0
11.6830,4.40,-0.03,0.09,-0.99,0.20,7,7,-1.000,0
11.6872,4.41,0.02,-0.10,-0.69,0.35,7,7,-1.000,0
11.6914,4.40,-0.01,-0.25,-0.82,0.21,7,7,-1.000,0
11.6954,4.36,-0.05,-0.13,-0.64,0.23,7,7,-1.000,0
11.6996,4.53,0.17,-0.58,0.22,0.99,7,7,-1.000,0
11.7039,4.62,0.09,-0.38,0.40,0.29,7,7,-1.000,0
11.7084,4.53,-0.09,-0.55,-0.02,0.47,7,7,-1.000,0
11.7123,4.56,0.03,-0.76,0.10,0.25,7,7,-1.000,0
11.7164,4.55,-0.01,-0.45,-0.13,0.38,7,7,-1.000,0
11.7204,4.38,-0.17,-0.33,-0.59,0.51,7,7,-1.000,0
11.7249,4.51,0.13,-0.43,-0.08,0.54,7,7,-1.000,0
11.7290,4.42,-0.09,-0.19,-0.76,0.73,7,7,-1.000,0
11.7329,4.38,-0.04,-0.26,-0.69,0.11,7,7,-1.000,0
11.7372,4.61,0.22,-0.61,0.27,1.05,7,7,-1.000,0
11.7416,4.59,-0.02,-0.61,0.30,0.03,7,7,-1.000,0
11.7453,4.38,-0.21,-0.29,-0.69,1.06,7,7,-1.000,0
11.7494,4.39,0.01,-0.17,-0.67,0.12,7,7,-1.000,0
11.7537,4.42,0.03,-0.45,-0.82,0.32,7,7,-1.000,0
11.7582,4.42,0.00,-0.24,-0.62,0.29,7,7,-1.000,0
11.7621,4.42,-0.01,-0.14,-0.61,0.11,7,7,-1.000,0
11.7662,4.38,-0.04,0.06,-0.55,0.21,7,7,-1.000,0
11.7704,4.38,-0.00,-0.30,-0.73,0.40,7,7,-1.000,0
11.7749,4.46,0.08,-0.06,-0.74,0.25,7,7,-1.000,0
11.7789,4.47,0.02,-0.07,-0.62,0.12,7,7,-1.000,0
11.7829,4.42,-0.06,-0.07,-0.62,0.06,7,7,-1.000,0
11.7871,4.63,0.21,-0.80,0.12,1.06,7,7,-1.000,0
11.7915,4.55,-0.08,-0.79,0.08,0.09,7,7,-1.000,0
11.7954,4.40,-0.14,-0.27,-0.75,0.99,7,7,-1.000,0
11.7994,4.62,0.21,-0.68,-0.03,0.86,7,7,-1.000,0
11.8039,4.42,-0.20,0.11,-0.89,1.19,7,7,-1.000,0
11.8079,4.46,0.04,-0.31,-0.75,0.45,7,7,-1.000,0
11.8123,4.56,0.10,-0.45,0.05,0.82,7,7,-1.000,0
11.8163,4.60,0.04,-0.51,0.10,0.09,7,7,-1.000,0
11.8205,4.66,0.06,-0.46,0.44,0.35,7,7,-1.000,0
11.8246,4.63,-0.02,-0.60,0.41,0.14,7,7,-1.000,0
11.8291,4.56,-0.08,-0.33,0.13,0.39,7,7,-1.000,0
11.8331,4.47,-0.09,0.14,-0.79,1.04,7,7,-1.000,0
11.8372,4.48,0.01,0.28,-0.68,0.18,7,7,-1.000,0
11.8418,4.61,0.13,0.18,0.06,0.75,7,7,-1.000,0
11.8455,4.38,-0.23,0.31,-0.56,0.67,7,7,-1.000,0
11.8495,4.48,0.09,0.61,-0.30,0.40,7,7,-1.000,0
11.8538,4.53,0.05,0.62,-0.34,0.07,7,7,-1.000,0
11.8583,4.52,-0.01,0.87,-0.06,0.37,7,7,-1.000,0
11.8622,4.51,-0.01,0.96,-0.00,0.11,7,7,-1.000,0
11.8663,4.56,0.05,1.04,0.05,0.11,7,7,-1.000,0
11.8705,4.55,-0.01,0.97,0.06,0.07,7,7,-1.000,0
11.8750,4.54,-0.00,0.98,0.11,0.06,7,7,-1.000,0
11.8789,4.57,0.02,1.03,0.21,0.12,7,7,-1.000,0
11.8829,4.57,0.00,0.87,0.23,0.16,7,7,-1.000,0
11.8873,4.53,-0.04,0.87,0.18,0.06,7,7,-1.000,0
11.8914,4.55,0.02,0.49,0.62,0.58,7,7,-1.000,0
11.8953,4.54,-0.01,0.65,0.41,0.26,7,7,-1.000,0
11.8996,4.63,0.09,0.96,0.12,0.44,7,7,-1.000,0
11.9039,4.57,-0.06,1.35,0.09,0.40,7,7,-1.000,0
11.9084,4.63,0.06,1.56,0.14,0.22,7,7,-1.000,0
11.9123,4.64,0.01,1.72,0.25,0.20,7,7,-1.000,0
11.9164,4.53,-0.11,1.69,0.51,0.28,7,7,-1.000,0
11.9206,4.43,-0.10,1.46,0.61,0.27,7,7,-1.000,0
11.9250,4.38,-0.05,1.15,1.09,0.56,7,7,-1.000,0
11.9289,4.36,-0.02,1.24,0.90,0.21,7,7,-1.000,0
11.9330,4.34,-0.02,0.91,1.41,0.61,7,7,-1.000,0
11.9372,4.22,-0.12,1.11,1.19,0.33,7,7,-1.000,0
11.9416,4.16,-0.06,1.24,1.16,0.15,7,7,-1.000,0
11.9454,3.85,-0.31,1.44,0.52,0.74,7,7,-1.000,0
11.9495,3.66,-0.19,1.41,0.88,0.41,7,7,-1.000,0
11.9539,3.51,-0.15,1.24,1.43,0.60,7,7,-1.000,0
11.9580,3.42,-0.08,1.40,2.13,0.72,7,7,-1.000,0
11.9621,3.30,-0.13,1.37,2.78,0.66,7,7,-1.000,0
11.9662,3.14,-0.16,1.33,3.33,0.57,7,7,-1.000,0
11.9704,2.81,-0.32,1.18,3.73,0.53,7,7,-1.000,0
11.9749,2.55,-0.26,1.10,4.33,0.66,7,7,-1.000,0
11.9788,2.41,-0.14,0.84,4.67,0.44,7,7,-1.000,0
11.9829,2.31,-0.10,0.86,4.84,0.21,7,7,-1.000,0
11.9871,2.27,-0.04,0.86,5.15,0.30,7,7,-1.000,0
11.9913,2.23,-0.04,0.89,5.34,0.20,7,7,-1.000,0
11.9953,2.17,-0.06,0.80,5.65,0.33,7,7,-1.000,0
11.9994,2.14,-0.03,0.93,6.00,0.37,7,7,-1.000,0
12.0041,2.04,-0.10,0.97,6.55,0.56,7,7,-1.000,0
12.0083,1.90,-0.14,0.90,7.26,0.72,7,7,-1.000,0
12.0121,1.86,-0.04,1.11,7.52,0.34,7,7,-1.000,0
12.0163,1.80,-0.06,0.99,8.17,0.67,7,7,-1.000,0
12.0204,1.74,-0.05,0.89,8.71,0.55,7,7,-1.000,0
12.0249,1.78,0.04,0.99,9.15,0.45,7,7,-1.000,0
12.0289,1.76,-0.02,1.22,9.85,0.74,7,7,-1.000,0
12.0330,1.74,-0.01,1.30,11.01,1.16,7,7,-1.000,0
12.0372,1.65,-0.09,1.53,11.78,0.82,7,7,-1.000,0
12.0414,1.65,-0.01,1.63,12.64,0.86,7,7,-1.000,0
12.0454,1.67,0.03,1.46,13.22,0.60,7,7,-1.000,0
12.0495,1.45,-0.22,1.06,13.84,0.74,7,7,-1.000,0
12.0538,1.11,-0.34,0.76,15.11,1.33,7,7,-1.000,0
12.0584,0.81,-0.29,0.57,16.38,1.31,7,7,-1.000,0
12.0623,0.90,0.09,0.65,17.39,1.01,7,7,-1.000,0
12.0663,0.77,-0.13,0.52,18.79,1.41,7,7,-1.000,0
12.0704,0.72,-0.05,0.75,19.97,1.21,7,7,-1.000,0
12.0746,0.91,0.18,0.92,21.09,1.14,7,7,-1.000,0
12.0788,0.39,-0.51,0.13,22.34,1.47,7,7,-1.000,0
12.0829,0.14,-0.25,-0.33,23.95,1.67,7,7,-1.000,0
12.0872,-0.03,-0.17,-0.65,25.44,1.51,7,7,-1.000,0
12.0915,-0.47,-0.44,-1.17,26.74,1.40,7,7,-1.000,0
12.0954,-0.38,0.09,-1.35,27.65,0.94,7,7,-1.000,0
12.0996,-1.14,-0.77,-2.53,28.99,1.71,7,7,-1.000,0
12.1048,-1.33,-0.19,-3.30,30.23,1.42,7,7,-1.000,0
12.1101,-2.20,-0.86,-4.62,31.54,1.74,7,7,-1.000,0
12.1140,-2.63,-0.44,-5.54,32.72,1.42,7,7,-1.000,0
12.1183,-3.57,-0.93,-7.06,34.03,1.83,7,7,-1.000,0
12.1224,-4.41,-0.84,-8.45,35.27,1.68,7,7,-1.000,0
12.1270,-5.15,-0.74,-9.59,36.31,1.40,7,7,-1.000,0
12.1315,-5.78,-0.63,-10.71,37.11,1.20,7,7,-1.000,0
12.1351,-6.92,-1.14,-12.27,37.78,1.42,7,7,-1.000,0
12.1393,-7.77,-0.85,-13.21,38.28,0.93,7,7,-1.000,0
12.1432,-8.26,-0.50,-14.13,39.02,1.03,7,7,-1.000,0
12.1473,-8.87,-0.60,-14.65,39.09,0.49,7,7,-1.000,0
12.1515,-9.44,-0.58,-15.40,39.29,0.62,7,7,-1.000,0
12.1557,-9.54,-0.10,-15.49,39.47,0.20,7,7,-1.000,0
12.1607,-10.13,-0.59,-15.90,39.29,0.49,7,7,-1.000,0
12.1645,-10.08,0.05,-15.90,39.19,0.12,7,7,-1.000,0
12.1691,-9.94,0.14,-15.67,39.30,0.21,7,7,-1.000,0
12.1727,-10.53,-0.60,-16.06,39.15,0.49,7,7,-1.000,0
12.1747,-10.20,0.33,-15.59,39.16,0.37,7,7,-1.000,0
12.1790,-9.92,0.28,-14.99,39.17,0.48,7,7,-1.000,0
12.1831,-9.81,0.12,-14.53,39.27,0.40,7,7,-1.000,0
12.1874,-9.53,0.28,-13.97,39.18,0.45,7,7,-1.000,0
12.1913,-9.26,0.27,-13.23,39.21,0.61,7,7,-1.000,0
12.1958,-9.16,0.10,-13.28,39.68,0.49,7,7,-1.000,0
12.1995,-8.56,0.60,-12.33,39.73,0.73,7,7,-1.000,0
12.2039,-8.60,-0.04,-12.14,40.02,0.36,7,7,-1.000,0
12.2083,-8.36,0.23,-11.80,40.11,0.28,7,7,-1.000,0
12.2121,-8.12,0.24,-11.31,40.28,0.42,7,7,-1.000,0
12.2162,-8.04,0.08,-10.61,40.44,0.67,7,7,-1.000,0
12.2203,-7.79,0.25,-10.26,40.29,0.30,7,7,-1.000,0
12.2249,-7.54,0.25,-9.79,40.70,0.55,7,7,-1.000,0
12.2288,-7.58,-0.04,-9.84,40.56,0.15,7,7,-1.000,0
12.2330,-7.49,0.09,-9.09,40.45,0.71,7,7,-1.000,0
12.2371,-7.12,0.37,-8.95,40.36,0.31,7,7,-1.000,0
12.2416,-7.28,-0.16,-8.73,40.24,0.37,7,7,-1.000,0
12.2455,-6.60,0.67,-8.13,40.09,0.56,7,7,-1.000,0
12.2495,-7.10,-0.50,-8.67,40.26,0.47,7,7,-1.000,0
12.2538,-6.80,0.30,-8.35,40.07,0.32,7,7,-1.000,0
12.2583,-6.56,0.24,-8.09,39.93,0.25,7,7,-1.000,0
12.2622,-6.30,0.26,-7.83,40.11,0.28,7,7,-1.000,0
12.2661,-6.20,0.10,-7.69,39.97,0.18,7,7,-1.000,0
12.2705,-5.92,0.28,-7.26,40.01,0.33,7,7,-1.000,0
12.2750,-5.88,0.04,-7.20,39.84,0.17,7,7,-1.000,0
12.2789,-5.61,0.26,-6.93,39.96,0.25,7,7,-1.000,0
12.2830,-5.32,0.29,-6.52,39.74,0.39,7,7,-1.000,0
12.2872,-5.37,-0.05,-6.47,39.95,0.23,7,7,-1.000,0
12.2915,-5.11,0.26,-6.12,39.79,0.31,7,7,-1.000,0
12.2955,-5.09,0.02,-5.79,39.80,0.32,7,7,-1.000,0
12.2995,-5.13,-0.04,-5.54,39.98,0.33,7,7,-1.000,0
12.3038,-5.02,0.11,-5.31,39.88,0.20,7,7,-1.000,0
12.3083,-4.92,0.10,-4.94,40.08,0.38,7,7,-1.000,0
12.3122,-4.81,0.11,-4.15,40.13,0.73,7,7,-1.000,0
12.3163,-4.84,-0.04,-4.10,40.01,0.15,7,7,-1.000,0
12.3205,-4.68,0.16,-4.03,39.68,0.35,7,7,-1.000,0
12.3250,-4.84,-0.15,-3.97,39.86,0.27,7,7,-1.000,0
12.3289,-4.60,0.23,-3.74,39.65,0.29,7,7,-1.000,0
12.3329,-4.57,0.04,-4.13,39.39,0.49,7,7,-1.000,0
12.3371,-4.77,-0.20,-4.73,39.14,0.56,7,7,-1.000,0
12.3415,-5.14,-0.37,-4.47,39.05,0.58,7,7,-1.000,0
12.3455,-4.75,0.39,-3.52,38.94,0.77,7,7,-1.000,0
12.3496,-4.15,0.59,-2.97,39.08,0.51,7,7,-1.000,0
12.3543,-4.21,-0.06,-2.95,39.23,0.17,7,7,-1.000,0
12.3585,-4.74,-0.53,-3.82,39.55,0.75,7,7,-1.000,0
12.3622,-5.08,-0.34,-3.77,39.66,0.40,7,7,-1.000,0
12.3663,-5.06,0.03,-3.65,39.77,0.15,7,7,-1.000,0
12.3705,-5.35,-0.29,-3.83,39.52,0.33,7,7,-1.000,0
12.3751,-5.24,0.10,-3.51,39.70,0.32,7,7,-1.000,0
12.3789,-4.69,0.55,-3.11,40.07,0.57,7,7,-1.000,0
12.3829,-4.96,-0.28,-3.38,40.26,0.30,7,7,-1.000,0
12.3872,-5.05,-0.08,-3.66,40.49,0.33,7,7,-1.000,0
12.3916,-4.89,0.16,-3.40,40.70,0.29,7,7,-1.000,0
12.3953,-5.20,-0.31,-3.34,40.31,0.52,7,7,-1.000,0
12.3994,-5.63,-0.43,-3.37,40.32,0.41,7,7,-1.000,0
12.4038,-5.57,0.06,-3.75,41.14,0.92,7,7,-1.000,0
12.4082,-5.56,0.01,-3.63,41.37,0.26,7,7,-1.000,0
12.4122,-5.84,-0.28,-3.87,41.49,0.25,7,7,-1.000,0
12.4162,-6.42,-0.57,-4.35,41.91,0.61,7,7,-1.000,0
12.4204,-6.40,0.01,-4.05,42.05,0.33,7,7,-1.000,0
12.4248,-6.46,-0.06,-4.11,42.33,0.29,7,7,-1.000,0
12.4288,-6.57,-0.10,-4.01,42.68,0.39,7,7,-1.000,0
12.4329,-6.42,0.15,-3.94,43.27,0.60,7,7,-1.000,0
12.4370,-6.54,-0.11,-4.28,43.64,0.46,7,7,-1.000,0
12.4415,-6.50,0.03,-4.26,43.93,0.30,7,7,-1.000,0
12.4454,-7.09,-0.59,-4.93,44.19,0.56,7,7,-1.000,0
12.4495,-7.34,-0.25,-5.16,44.53,0.39,7,7,-1.000,0
12.4537,-8.81,-1.47,-6.80,44.48,1.22,7,7,-1.000,0
12.4582,-8.19,0.62,-6.72,45.45,1.12,7,7,-1.000,0
12.4622,-8.27,-0.08,-7.10,46.33,0.94,7,7,-1.000,0
12.4661,-7.85,0.42,-7.27,46.54,0.59,7,7,-1.000,0
12.4704,-7.94,-0.09,-6.28,46.40,1.07,7,7,-1.000,0
12.4749,-7.70,0.24,-6.36,47.24,0.90,7,7,-1.000,0
12.4789,-7.88,-0.18,-7.82,47.61,1.38,7,7,-1.000,0
12.4827,-7.85,0.03,-7.50,48.41,0.85,7,7,-1.000,0
12.4870,-7.74,0.11,-6.70,49.39,1.21,7,7,-1.000,0
12.4915,-7.68,0.06,-6.73,49.94,0.56,7,7,-1.000,0
12.4953,-7.16,0.52,-5.14,50.23,1.27,7,7,-1.000,0
12.4993,-11.74,-4.58,-10.38,49.97,3.42,7,7,-1.000,0
12.5037,-10.57,1.17,-9.43,50.67,1.03,7,7,-1.000,0
12.5084,-10.75,-0.19,-9.48,51.10,0.46,7,7,-1.000,0
12.5122,-10.03,0.73,-8.32,51.53,0.86,7,7,-1.000,0
12.5163,-9.27,0.76,-7.39,51.85,0.65,7,7,-1.000,0
12.5204,-9.10,0.17,-6.82,52.24,0.60,7,7,-1.000,0
12.5249,-8.81,0.29,-6.56,52.27,0.19,7,7,-1.000,0
12.5289,-7.79,1.02,-5.77,52.80,0.81,7,7,-1.000,0
12.5328,-7.32,0.47,-5.53,53.09,0.43,7,7,-1.000,0
12.5371,-7.53,-0.21,-5.62,53.19,0.18,7,7,-1.000,0
12.5417,-6.91,0.62,-4.70,53.44,0.61,7,7,-1.000,0
12.5456,-6.67,0.25,-4.37,53.44,0.20,7,7,-1.000,0
12.5494,-6.60,0.07,-4.15,53.72,0.33,7,7,-1.000,0
12.5538,-6.64,-0.04,-4.33,53.93,0.25,7,7,-1.000,0
12.5582,-7.35,-0.71,-4.84,54.17,0.48,7,7,-1.000,0
12.5622,-6.94,0.41,-5.02,54.62,0.73,7,7,-1.000,0
12.5664,-6.69,0.25,-4.07,53.75,1.16,7,7,-1.000,0
12.5705,-6.14,0.56,-3.67,54.00,0.41,7,7,-1.000,0
12.5750,-6.37,-0.23,-3.95,54.27,0.31,7,7,-1.000,0
12.5789,-6.17,0.20,-3.88,54.22,0.16,7,7,-1.000,0
12.5830,-5.79,0.37,-3.59,54.38,0.28,7,7,-1.000,0
12.5875,-5.56,0.23,-3.34,54.62,0.28,7,7,-1.000,0
12.5917,-5.05,0.51,-2.77,54.78,0.37,7,7,-1.000,0
12.5957,-4.79,0.26,-2.64,55.03,0.30,7,7,-1.000,0
12.5995,-5.71,-0.92,-3.47,54.97,0.54,7,7,-1.000,0
12.6040,-5.09,0.62,-2.98,55.38,0.54,7,7,-1.000,0
12.6083,-4.81,0.29,-2.50,55.46,0.31,7,7,-1.000,0
12.6123,-4.52,0.29,-2.26,55.67,0.27,7,7,-1.000,0
12.6164,-4.29,0.23,-1.94,55.78,0.21,7,7,-1.000,0
12.6205,-4.20,0.08,-1.74,55.67,0.18,7,7,-1.000,0
12.6249,-4.42,-0.22,-1.75,55.51,0.27,7,7,-1.000,0
12.6289,-3.91,0.51,-1.07,55.47,0.39,7,7,-1.000,0
12.6329,-2.67,1.24,-0.77,56.17,1.22,7,7,-1.000,0
12.6370,-3.25,-0.58,-1.35,56.20,0.34,7,7,-1.000,0
12.6415,-1.32,1.93,-0.01,56.17,1.11,7,7,-1.000,0
12.6454,-0.87,0.45,0.47,56.32,0.31,7,7,-1.000,0
12.6494,-1.16,-0.30,0.52,56.43,0.35,7,7,-1.000,0
12.6538,-1.56,-0.39,0.20,56.63,0.30,7,7,-1.000,0
12.6582,-0.98,0.58,0.67,56.75,0.34,7,7,-1.000,0
12.6621,-0.03,0.95,1.21,56.61,0.60,7,7,-1.000,0
12.6661,-0.54,-0.51,1.42,57.24,0.94,7,7,-1.000,0
12.6703,-0.52,0.01,1.13,57.21,0.30,7,7,-1.000,0
12.6749,-0.72,-0.20,1.31,56.83,0.53,7,7,-1.000,0
12.6787,-0.07,0.65,1.54,57.42,0.76,7,7,-1.000,0
12.6828,-0.55,-0.47,1.31,57.68,0.41,7,7,-1.000,0
12.6870,-0.74,-0.19,0.98,57.72,0.20,7,7,-1.000,0
12.6914,-0.56,0.17,1.15,57.81,0.13,7,7,-1.000,0
12.6953,-0.37,0.19,1.16,57.83,0.19,7,7,-1.000,0
12.6994,-0.65,-0.28,1.14,57.87,0.27,7,7,-1.000,0
12.7039,-0.36,0.29,1.58,58.11,0.34,7,7,-1.000,0
12.7081,-0.52,-0.16,1.75,58.11,0.32,7,7,-1.000,0
12.7121,-0.51,0.02,2.09,58.42,0.45,7,7,-1.000,0
12.7161,-0.56,-0.05,2.22,58.73,0.37,7,7,-1.000,0
12.7205,-0.71,-0.15,1.96,59.44,0.73,7,7,-1.000,0
12.7249,0.02,0.73,2.78,59.74,0.51,7,7,-1.000,0
12.7289,-1.13,-1.15,1.90,60.06,0.67,7,7,-1.000,0
12.7329,-1.23,-0.10,1.85,60.32,0.26,7,7,-1.000,0
12.7371,-0.52,0.71,2.73,60.46,0.46,7,7,-1.000,0
12.7416,-0.25,0.27,3.06,60.53,0.18,7,7,-1.000,0
12.7454,0.25,0.50,3.62,60.79,0.38,7,7,-1.000,0
12.7493,0.27,0.02,3.80,60.68,0.19,7,7,-1.000,0
12.7538,0.73,0.46,4.58,60.71,0.44,7,7,-1.000,0
12.7583,0.98,0.25,4.77,61.05,0.36,7,7,-1.000,0
12.7621,1.59,0.61,5.41,61.46,0.52,7,7,-1.000,0
12.7662,1.54,-0.05,5.68,61.48,0.32,7,7,-1.000,0
12.7704,1.67,0.13,6.36,61.34,0.58,7,7,-1.000,0
12.7748,2.69,1.02,6.93,62.00,0.88,7,7,-1.000,0
12.7787,3.65,0.96,8.00,62.18,0.53,7,7,-1.000,0
12.7828,3.78,0.12,8.50,62.32,0.41,7,7,-1.000,0
12.7870,4.02,0.24,8.81,62.51,0.25,7,7,-1.000,0
12.7915,4.32,0.30,9.24,63.02,0.55,7,7,-1.000,0
12.7954,4.57,0.25,9.69,63.15,0.28,7,7,-1.000,0
12.7994,4.75,0.17,10.13,63.20,0.30,7,7,-1.000,0
12.8038,4.90,0.16,10.52,63.31,0.28,7,7,-1.000,0
12.8079,5.06,0.16,10.92,63.49,0.32,7,7,-1.000,0
12.8123,5.00,-0.07,11.12,63.61,0.30,7,7,-1.000,0
12.8163,4.97,-0.03,11.35,63.96,0.43,7,7,-1.000,0
12.8204,4.70,-0.26,11.44,64.01,0.35,7,7,-1.000,0
12.8246,5.16,0.46,11.99,64.33,0.40,7,7,-1.000,0
12.8288,4.93,-0.23,12.06,64.36,0.30,7,7,-1.000,0
12.8331,5.56,0.63,12.83,64.67,0.46,7,7,-1.000,0
12.8375,5.89,0.33,13.24,64.82,0.23,7,7,-1.000,0
12.8417,6.21,0.32,13.83,64.96,0.36,7,7,-1.000,0
12.8455,6.19,-0.02,13.95,65.15,0.23,7,7,-1.000,0
12.8495,6.91,0.72,14.83,65.49,0.51,7,7,-1.000,0
12.8539,7.93,1.02,16.09,65.95,0.70,7,7,-1.000,0
12.8583,7.64,-0.29,16.05,65.88,0.26,7,7,-1.000,0
12.8621,8.03,0.39,16.55,66.09,0.30,7,7,-1.000,0
12.8663,8.59,0.56,17.57,66.05,0.55,7,7,-1.000,0
12.8705,8.91,0.32,18.23,66.30,0.47,7,7,-1.000,0
12.8745,9.30,0.39,18.75,66.41,0.25,7,7,-1.000,0
12.8788,9.02,-0.29,18.71,66.78,0.45,7,7,-1.000,0
12.8828,8.95,-0.06,19.15,66.64,0.51,7,7,-1.000,0
12.8874,9.25,0.30,19.49,67.00,0.38,7,7,-1.000,0
12.8916,9.28,0.03,19.96,67.06,0.44,7,7,-1.000,0
12.8953,8.74,-0.54,19.41,67.34,0.35,7,7,-1.000,0
12.8995,10.57,1.83,21.15,67.57,0.74,7,7,-1.000,0
12.9038,11.09,0.52,21.62,67.75,0.27,7,7,-1.000,0
12.9083,10.79,-0.30,21.58,67.66,0.28,7,7,-1.000,0
12.9122,11.96,1.17,22.62,68.00,0.56,7,7,-1.000,0
12.9164,12.66,0.70,23.23,67.96,0.27,7,7,-1.000,0
12.9205,13.67,1.01,24.29,68.14,0.43,7,7,-1.000,0
12.9251,12.63,-1.04,23.34,68.06,0.40,7,7,-1.000,0
12.9289,12.96,0.33,23.71,68.10,0.14,7,7,-1.000,0
12.9331,13.25,0.29,24.09,68.08,0.16,7,7,-1.000,0
12.9371,13.93,0.69,24.84,68.07,0.28,7,7,-1.000,0
12.9415,14.51,0.57,25.45,67.99,0.24,7,7,-1.000,0
12.9455,15.18,0.67,26.28,68.02,0.32,7,7,-1.000,0
12.9495,15.45,0.27,26.84,68.03,0.33,7,7,-1.000,0
12.9538,16.15,0.69,27.52,68.11,0.27,7,7,-1.000,0
12.9583,16.88,0.73,28.36,67.90,0.38,7,7,-1.000,0
12.9623,16.72,-0.15,27.93,67.81,0.30,7,7,-1.000,0
12.9663,17.09,0.37,28.51,67.73,0.29,7,7,-1.000,0
12.9706,17.23,0.15,28.64,67.97,0.25,7,7,-1.000,0
12.9747,17.22,-0.01,28.66,67.85,0.13,7,7,-1.000,0
12.9786,17.61,0.39,29.01,67.94,0.17,7,7,-1.000,0
12.9828,17.62,0.01,28.62,67.49,0.59,7,7,-1.000,0
12.9871,18.81,1.20,29.80,67.71,0.51,7,7,-1.000,0
12.9915,18.59,-0.22,29.75,67.73,0.17,7,7,-1.000,0
12.9953,19.39,0.80,30.55,67.90,0.35,7,7,-1.000,0
12.9994,19.12,-0.26,30.20,67.81,0.17,7,7,-1.000,0
13.0037,19.15,0.03,30.25,67.76,0.06,7,7,-1.000,0
13.0082,19.51,0.36,30.60,67.93,0.22,7,7,-1.000,0
13.0119,19.54,0.03,30.89,67.89,0.27,7,7,-1.000,0
13.0162,20.19,0.64,31.37,67.99,0.29,7,7,-1.000,0
13.0204,19.98,-0.20,31.19,67.87,0.14,7,7,-1.000,0
13.0248,19.94,-0.05,31.25,67.94,0.12,7,7,-1.000,0
13.0286,20.47,0.54,31.90,67.92,0.25,7,7,-1.000,0
13.0328,20.74,0.27,32.12,68.00,0.13,7,7,-1.000,0
13.0371,21.50,0.76,32.86,67.91,0.30,7,7,-1.000,0
13.0416,21.11,-0.39,32.97,67.42,0.69,7,7,-1.000,0
13.0455,21.27,0.16,33.22,67.41,0.13,7,7,-1.000,0
13.0495,21.26,-0.01,33.45,67.17,0.34,7,7,-1.000,0
13.0539,21.49,0.23,33.11,67.62,0.72,7,7,-1.000,0
13.0581,21.86,0.37,33.25,67.73,0.28,7,7,-1.000,0
13.0621,22.56,0.70,33.96,67.77,0.27,7,7,-1.000,0
13.0661,22.24,-0.32,34.16,67.50,0.58,7,7,-1.000,0
13.0703,22.76,0.52,34.64,67.49,0.20,7,7,-1.000,0
13.0749,24.09,1.33,35.81,67.44,0.52,7,7,-1.000,0
13.0788,24.31,0.22,36.24,67.20,0.34,7,7,-1.000,0
13.0828,24.38,0.07,36.42,67.20,0.12,7,7,-1.000,0
13.0870,24.96,0.59,36.80,67.34,0.31,7,7,-1.000,0
13.0915,24.93,-0.03,36.96,67.15,0.26,7,7,-1.000,0
13.0954,25.22,0.28,37.22,67.02,0.17,7,7,-1.000,0
13.0994,25.70,0.48,37.60,67.01,0.20,7,7,-1.000,0
13.1045,25.48,-0.22,37.85,66.95,0.46,7,7,-1.000,0
13.1103,25.39,-0.09,37.53,67.01,0.26,7,7,-1.000,0
13.1140,25.92,0.53,38.07,66.93,0.23,7,7,-1.000,0
13.1184,25.92,-0.00,38.27,66.79,0.24,7,7,-1.000,0
13.1229,26.01,0.10,38.44,66.66,0.16,7,7,-1.000,0
13.1277,26.25,0.24,38.42,66.79,0.28,7,7,-1.000,0
13.1315,26.01,-0.24,38.32,66.67,0.19,7,7,-1.000,0
13.1353,26.49,0.47,38.94,66.47,0.33,7,7,-1.000,0
13.1392,27.39,0.91,39.76,66.55,0.37,7,7,-1.000,0
13.1433,26.57,-0.82,38.59,66.53,0.53,7,7,-1.000,0
13.1474,26.35,-0.23,38.39,66.37,0.18,7,7,-1.000,0
13.1520,26.61,0.27,38.93,66.20,0.35,7,7,-1.000,0
13.1569,27.05,0.44,39.15,66.40,0.32,7,7,-1.000,0
13.1607,27.72,0.68,39.73,66.28,0.30,7,7,-1.000,0
13.1648,27.58,-0.15,39.31,65.84,0.53,7,7,-1.000,0
13.1685,27.91,0.33,39.76,65.79,0.21,7,7,-1.000,0
13.1725,28.42,0.52,40.03,65.74,0.30,7,7,-1.000,0
13.1768,29.23,0.81,40.89,65.91,0.39,7,7,-1.000,0
13.1807,29.08,-0.15,40.70,65.67,0.25,7,7,-1.000,0
13.1831,29.09,0.00,40.54,65.59,0.18,7,7,-1.000,0
13.1874,29.37,0.29,41.18,65.84,0.46,7,7,-1.000,0
13.1918,29.81,0.44,41.70,65.56,0.36,7,7,-1.000,0
13.1957,29.81,0.00,41.88,65.87,0.36,7,7,-1.000,0
13.1994,30.94,1.12,42.88,65.96,0.47,7,7,-1.000,0
13.2037,30.49,-0.45,42.52,65.87,0.21,7,7,-1.000,0
13.2079,30.92,0.43,43.03,65.92,0.22,7,7,-1.000,0
13.2121,31.01,0.09,43.25,66.05,0.20,7,7,-1.000,0
13.2162,30.91,-0.11,43.43,65.96,0.29,7,7,-1.000,0
13.2203,31.30,0.39,43.80,66.11,0.22,7,7,-1.000,0
13.2248,31.87,0.58,44.34,66.24,0.26,7,7,-1.000,0
13.2288,32.05,0.18,44.46,66.33,0.13,7,7,-1.000,0
13.2328,32.31,0.26,44.83,66.41,0.18,7,7,-1.000,0
13.2371,32.40,0.09,44.88,66.21,0.21,7,7,-1.000,0
13.2415,32.34,-0.06,45.06,66.34,0.26,7,7,-1.000,0
13.2455,32.29,-0.05,44.93,66.08,0.28,7,7,-1.000,0
13.2494,32.32,0.03,44.93,66.00,0.09,7,7,-1.000,0
13.2537,32.78,0.46,45.48,65.74,0.34,7,7,-1.000,0
13.2582,32.38,-0.40,45.20,65.65,0.20,7,7,-1.000,0
13.2621,32.99,0.61,45.54,65.82,0.37,7,7,-1.000,0
13.2662,33.46,0.47,45.88,65.80,0.22,7,7,-1.000,0
13.2705,33.51,0.05,46.03,65.67,0.17,7,7,-1.000,0
13.2750,33.46,-0.05,46.04,65.75,0.09,7,7,-1.000,0
13.2788,33.65,0.19,46.06,66.12,0.40,7,7,-1.000,0
13.2828,34.24,0.59,46.61,66.06,0.24,7,7,-1.000,0
13.2871,34.48,0.25,46.61,66.15,0.26,7,7,-1.000,0
13.2914,34.59,0.11,46.96,66.10,0.26,7,7,-1.000,0
13.2957,35.29,0.70,47.52,66.19,0.31,7,7,-1.000,0
13.2995,35.56,0.27,47.94,66.17,0.20,7,7,-1.000,0
13.3038,36.33,0.77,48.50,66.26,0.35,7,7,-1.000,0
13.3081,35.92,-0.41,48.33,66.11,0.30,7,7,-1.000,0
13.3123,36.74,0.82,49.00,66.19,0.35,7,7,-1.000,0
13.3163,36.30,-0.45,48.84,66.13,0.32,7,7,-1.000,0
13.3204,36.63,0.33,49.22,66.03,0.18,7,7,-1.000,0
13.3245,36.78,0.15,49.40,65.98,0.09,7,7,-1.000,0
13.3287,37.27,0.49,49.85,65.87,0.23,7,7,-1.000,0
13.3327,37.93,0.66,50.33,65.90,0.30,7,7,-1.000,0
13.3370,38.07,0.14,50.68,65.83,0.24,7,7,-1.000,0
13.3415,38.22,0.15,50.87,65.77,0.10,7,7,-1.000,0
13.3453,38.56,0.33,51.14,65.70,0.16,7,7,-1.000,0
13.3495,38.97,0.42,51.63,65.69,0.20,7,7,-1.000,0
13.3538,39.23,0.25,51.89,65.64,0.12,7,7,-1.000,0
13.3580,39.46,0.23,52.08,65.63,0.10,7,7,-1.000,0
13.3621,39.71,0.25,52.27,65.63,0.12,7,7,-1.000,0
13.3663,40.70,0.99,53.23,65.52,0.43,7,7,-1.000,0
13.3707,39.97,-0.73,52.63,65.64,0.33,7,7,-1.000,0
13.3752,40.10,0.13,52.80,65.68,0.08,7,7,-1.000,0
13.3791,40.15,0.05,52.85,65.68,0.02,7,7,-1.000,0
13.3828,39.92,-0.22,52.71,65.78,0.15,7,7,-1.000,0
13.3870,40.52,0.60,53.06,65.62,0.36,7,7,-1.000,0
13.3913,40.46,-0.06,53.11,65.69,0.13,7,7,-1.000,0
13.3955,40.71,0.25,53.34,65.63,0.12,7,7,-1.000,0
13.3994,40.91,0.20,53.50,65.67,0.10,7,7,-1.000,0
13.4038,41.18,0.27,53.77,65.75,0.14,7,7,-1.000,0
13.4080,41.44,0.26,53.98,65.78,0.11,7,7,-1.000,0
13.4120,41.62,0.18,54.25,65.83,0.14,7,7,-1.000,0
13.4162,41.73,0.10,54.49,65.82,0.16,7,7,-1.000,0
13.4204,41.74,0.01,54.58,65.83,0.08,7,7,-1.000,0
13.4247,41.62,-0.12,54.58,65.79,0.12,7,7,-1.000,0
13.4287,41.92,0.30,54.72,65.75,0.18,7,7,-1.000,0
13.4329,41.88,-0.04,54.77,65.74,0.08,7,7,-1.000,0
13.4370,41.97,0.09,54.91,65.72,0.07,7,7,-1.000,0
13.4414,42.66,0.70,55.59,65.66,0.30,7,7,-1.000,0
13.4455,42.79,0.12,55.74,65.71,0.08,7,7,-1.000,0
13.4494,42.57,-0.21,55.53,65.78,0.11,7,7,-1.000,0
13.4537,42.82,0.24,55.77,65.79,0.10,7,7,-1.000,0
13.4579,42.96,0.14,56.03,65.87,0.16,7,7,-1.000,0
13.4622,43.04,0.08,56.16,65.91,0.08,7,7,-1.000,0
13.4662,43.33,0.29,56.37,65.96,0.14,7,7,-1.000,0
13.4703,43.68,0.35,56.66,65.98,0.15,7,7,-1.000,0
13.4747,44.04,0.36,56.95,65.89,0.17,7,7,-1.000,0
13.4788,43.99,-0.05,56.89,65.73,0.16,7,7,-1.000,0
13.4828,44.10,0.11,57.07,65.64,0.12,7,7,-1.000,0
13.4870,44.12,0.02,57.13,65.55,0.10,7,7,-1.000,0
13.4915,44.19,0.07,57.23,65.59,0.07,7,7,-1.000,0
13.4956,44.30,0.11,57.36,65.57,0.06,7,7,-1.000,0
13.4995,44.62,0.32,57.60,65.54,0.15,7,7,-1.000,0
13.5037,44.78,0.16,57.76,65.50,0.08,7,7,-1.000,0
13.5082,45.15,0.37,58.05,65.53,0.17,7,7,-1.000,0
13.5121,45.37,0.22,58.26,65.49,0.10,7,7,-1.000,0
13.5161,45.15,-0.22,58.12,65.51,0.11,7,7,-1.000,0
13.5203,44.77,-0.38,57.94,65.58,0.24,7,7,-1.000,0
13.5249,44.65,-0.11,57.94,65.71,0.17,7,7,-1.000,0
13.5288,44.54,-0.12,57.93,65.67,0.12,7,7,-1.000,0
13.5327,44.67,0.13,58.05,65.66,0.06,7,7,-1.000,0
13.5370,43.40,-1.27,57.33,65.80,0.69,7,7,-1.000,0
13.5415,43.84,0.44,57.73,65.79,0.18,7,7,-1.000,0
13.5454,44.07,0.23,57.94,65.87,0.12,7,7,-1.000,0
13.5494,43.97,-0.10,57.90,65.90,0.07,7,7,-1.000,0
13.5537,44.33,0.36,58.22,65.88,0.15,7,7,-1.000,0
13.5579,44.37,0.04,58.36,65.74,0.17,7,7,-1.000,0
13.5620,44.95,0.58,58.88,65.63,0.27,7,7,-1.000,0
13.5660,46.10,1.15,59.76,65.63,0.50,7,7,-1.000,0
13.5703,46.71,0.61,60.33,65.54,0.27,7,7,-1.000,0
13.5749,46.85,0.14,60.70,65.39,0.29,7,7,-1.000,0
13.5787,47.02,0.16,61.04,65.25,0.26,7,7,-1.000,0
13.5827,47.12,0.10,61.42,65.02,0.37,7,7,-1.000,0
13.5871,47.79,0.68,62.14,64.80,0.38,7,7,-1.000,0
13.5915,48.63,0.84,63.18,64.52,0.53,7,7,-1.000,0
13.5954,48.78,0.15,63.39,64.60,0.14,7,7,-1.000,0
13.5995,48.74,-0.05,63.58,64.53,0.24,7,7,-1.000,0
13.6037,48.90,0.17,63.89,64.42,0.21,7,7,-1.000,0
13.6082,48.83,-0.08,64.20,64.16,0.46,7,7,-1.000,0
13.6120,49.34,0.51,64.72,64.05,0.26,7,7,-1.000,0
13.6161,49.07,-0.27,64.68,64.01,0.24,7,7,-1.000,0
13.6204,49.13,0.06,64.78,63.91,0.12,7,7,-1.000,0
13.6246,49.03,-0.10,64.74,63.88,0.07,7,7,-1.000,0
13.6286,49.05,0.02,64.89,63.82,0.14,7,7,-1.000,0
13.6327,49.35,0.30,65.08,63.87,0.16,7,7,-1.000,0
13.6371,50.22,0.87,65.85,63.83,0.39,7,7,-1.000,0
13.6415,49.85,-0.37,65.46,63.84,0.17,7,7,-1.000,0
13.6454,50.04,0.19,65.64,63.82,0.09,7,7,-1.000,0
13.6495,50.22,0.18,65.81,63.80,0.08,7,7,-1.000,0
13.6537,50.53,0.31,66.15,63.80,0.15,7,7,-1.000,0
13.6582,50.85,0.33,66.59,63.65,0.26,7,7,-1.000,0
13.6622,51.20,0.34,67.05,63.51,0.25,7,7,-1.000,0
13.6662,51.57,0.37,67.51,63.52,0.21,7,7,-1.000,0
13.6703,51.60,0.03,67.87,63.30,0.40,7,7,-1.000,0
13.6748,51.33,-0.27,68.00,63.19,0.40,7,7,-1.000,0
13.6786,51.87,0.54,68.50,63.06,0.28,7,7,-1.000,0
13.6828,52.13,0.26,68.79,62.96,0.16,7,7,-1.000,0
13.6871,52.22,0.09,68.95,63.02,0.10,7,7,-1.000,0
13.6912,52.23,0.01,69.11,62.92,0.18,7,7,-1.000,0
13.6953,52.30,0.07,69.13,62.90,0.06,7,7,-1.000,0
13.6995,52.38,0.07,69.30,62.73,0.20,7,7,-1.000,0
13.7037,52.34,-0.04,69.19,62.72,0.07,7,7,-1.000,0
13.7082,52.45,0.11,69.24,62.74,0.08,7,7,-1.000,0
13.7121,52.51,0.06,69.22,62.73,0.07,7,7,-1.000,0
13.7162,52.40,-0.10,69.23,62.70,0.12,7,7,-1.000,0
13.7204,52.48,0.08,69.17,62.68,0.13,7,7,-1.000,0
13.7246,52.81,0.33,69.33,62.73,0.21,7,7,-1.000,0
13.7286,53.01,0.20,69.52,62.70,0.10,7,7,-1.000,0
13.7327,53.37,0.35,69.79,62.72,0.17,7,7,-1.000,0
13.7371,53.26,-0.11,69.79,62.71,0.11,7,7,-1.000,0
13.7415,53.41,0.14,69.91,62.64,0.09,7,7,-1.000,0
13.7454,53.81,0.40,70.25,62.60,0.19,7,7,-1.000,0
13.7495,53.91,0.11,70.38,62.51,0.11,7,7,-1.000,0
13.7538,53.59,-0.32,70.35,62.41,0.31,7,7,-1.000,0
13.7581,53.15,-0.45,70.23,62.28,0.38,7,7,-1.000,0
13.7621,52.76,-0.38,70.13,62.29,0.30,7,7,-1.000,0
13.7662,52.70,-0.06,70.25,62.25,0.18,7,7,-1.000,0
13.7704,51.97,-0.73,69.78,62.36,0.40,7,7,-1.000,0
13.7749,52.00,0.04,69.75,62.46,0.12,7,7,-1.000,0
13.7788,52.05,0.05,69.59,62.66,0.28,7,7,-1.000,0
13.7827,52.18,0.13,69.55,62.85,0.25,7,7,-1.000,0
13.7870,52.09,-0.08,69.28,63.02,0.26,7,7,-1.000,0
13.7915,51.67,-0.42,68.89,63.18,0.25,7,7,-1.000,0
13.7954,51.16,-0.51,68.47,63.23,0.24,7,7,-1.000,0
13.7996,51.54,0.38,68.47,63.27,0.38,7,7,-1.000,0
13.8038,52.05,0.52,68.75,63.42,0.33,7,7,-1.000,0
13.8078,52.09,0.04,68.77,63.40,0.03,7,7,-1.000,0
13.8122,51.94,-0.15,68.66,63.30,0.13,7,7,-1.000,0
13.8163,51.70,-0.24,68.52,63.33,0.14,7,7,-1.000,0
13.8204,52.45,0.75,68.98,63.26,0.40,7,7,-1.000,0
13.8245,52.31,-0.14,68.88,63.24,0.07,7,7,-1.000,0
13.8289,52.12,-0.18,68.66,63.29,0.11,7,7,-1.000,0
13.8331,51.93,-0.19,68.47,63.22,0.11,7,7,-1.000,0
13.8371,51.60,-0.33,68.19,63.24,0.15,7,7,-1.000,0
13.8417,50.70,-0.90,67.45,63.27,0.41,7,7,-1.000,0
13.8456,50.71,0.01,67.19,63.32,0.27,7,7,-1.000,0
13.8495,50.42,-0.29,66.77,63.34,0.21,7,7,-1.000,0
13.8538,49.91,-0.51,66.04,63.54,0.40,7,7,-1.000,0
13.8580,49.57,-0.33,65.61,63.65,0.23,7,7,-1.000,0
13.8619,49.29,-0.28,65.19,63.78,0.25,7,7,-1.000,0
13.8662,49.28,-0.01,64.92,63.96,0.31,7,7,-1.000,0
13.8704,49.18,-0.10,64.75,64.01,0.11,7,7,-1.000,0
13.8749,48.55,-0.63,64.19,64.11,0.30,7,7,-1.000,0
13.8787,48.27,-0.28,63.85,64.11,0.15,7,7,-1.000,0
13.8827,48.33,0.06,63.67,64.19,0.26,7,7,-1.000,0
13.8870,47.82,-0.52,63.13,64.19,0.24,7,7,-1.000,0
13.8914,47.40,-0.42,62.65,64.06,0.24,7,7,-1.000,0
13.8953,46.69,-0.71,62.07,63.93,0.35,7,7,-1.000,0
13.8994,46.36,-0.33,61.73,63.71,0.27,7,7,-1.000,0
13.9038,46.07,-0.29,61.35,63.58,0.22,7,7,-1.000,0
13.9083,45.46,-0.61,60.75,63.51,0.29,7,7,-1.000,0
13.9121,45.19,-0.27,60.37,63.50,0.19,7,7,-1.000,0
13.9162,44.59,-0.60,59.84,63.12,0.47,7,7,-1.000,0
13.9204,43.97,-0.62,59.30,62.99,0.31,7,7,-1.000,0
13.9251,43.31,-0.66,58.74,62.91,0.32,7,7,-1.000,0
13.9288,42.78,-0.52,58.25,62.94,0.24,7,7,-1.000,0
13.9328,42.22,-0.56,57.74,62.97,0.26,7,7,-1.000,0
13.9370,41.52,-0.70,57.04,63.11,0.35,7,7,-1.000,0
13.9415,40.97,-0.55,56.52,63.11,0.25,7,7,-1.000,0
13.9454,40.05,-0.92,55.72,63.27,0.44,7,7,-1.000,0
13.9496,39.11,-0.93,54.92,63.41,0.44,7,7,-1.000,0
13.9537,38.35,-0.76,54.17,63.60,0.40,7,7,-1.000,0
13.9581,37.33,-1.02,53.27,63.70,0.46,7,7,-1.000,0
13.9621,36.63,-0.70,52.45,63.91,0.42,7,7,-1.000,0
13.9662,35.93,-0.70,51.71,64.07,0.36,7,7,-1.000,0
13.9703,35.16,-0.77,51.07,64.16,0.35,7,7,-1.000,0
13.9746,34.48,-0.68,50.22,64.32,0.41,7,7,-1.000,0
13.9786,33.99,-0.49,49.53,64.39,0.33,7,7,-1.000,0
13.9827,33.57,-0.41,48.91,64.43,0.31,7,7,-1.000,0
13.9870,33.43,-0.14,48.60,64.41,0.19,7,7,-1.000,0
13.9915,33.16,-0.27,48.17,64.36,0.22,7,7,-1.000,0
13.9955,32.60,-0.57,47.61,64.31,0.26,7,7,-1.000,0
13.9995,32.40,-0.20,47.32,64.23,0.16,7,7,-1.000,0
14.0037,32.60,0.20,47.34,63.87,0.40,7,7,-1.000,0
14.0078,32.78,0.18,47.37,63.59,0.32,7,7,-1.000,0
14.0120,32.33,-0.45,46.89,63.30,0.36,7,7,-1.000,0
14.0161,31.93,-0.40,46.51,63.01,0.34,7,7,-1.000,0
14.0203,31.61,-0.32,46.18,62.71,0.34,7,7,-1.000,0
14.0249,31.09,-0.52,45.52,62.47,0.39,7,7,-1.000,0
14.0288,30.42,-0.67,44.79,62.17,0.45,7,7,-1.000,0
14.0328,29.66,-0.77,44.09,61.82,0.51,7,7,-1.000,0
14.0372,29.05,-0.61,43.35,61.43,0.53,7,7,-1.000,0
14.0414,28.25,-0.80,42.58,61.20,0.45,7,7,-1.000,0
14.0454,27.18,-1.07,41.46,60.88,0.63,7,7,-1.000,0
14.0495,26.39,-0.79,40.69,60.46,0.58,7,7,-1.000,0
14.0539,25.86,-0.52,40.20,60.18,0.38,7,7,-1.000,0
14.0583,25.46,-0.40,39.83,60.00,0.27,7,7,-1.000,0
14.0621,24.90,-0.57,39.38,59.86,0.32,7,7,-1.000,0
14.0662,24.55,-0.34,39.25,59.86,0.24,7,7,-1.000,0
14.0704,23.98,-0.57,38.85,59.80,0.31,7,7,-1.000,0
14.0747,23.31,-0.67,38.22,59.93,0.36,7,7,-1.000,0
14.0786,22.65,-0.67,37.84,59.66,0.47,7,7,-1.000,0
14.0827,21.88,-0.76,37.29,59.52,0.42,7,7,-1.000,0
14.0872,21.28,-0.60,36.77,59.30,0.38,7,7,-1.000,0
14.0915,20.73,-0.55,36.13,59.04,0.41,7,7,-1.000,0
14.0953,20.16,-0.56,35.52,58.90,0.35,7,7,-1.000,0
14.0996,19.48,-0.68,34.91,58.77,0.38,7,7,-1.000,0
14.1042,18.20,-1.28,34.26,58.15,1.01,7,7,-1.000,0
14.1103,17.56,-0.64,33.68,57.70,0.56,7,7,-1.000,0
14.1136,17.13,-0.44,33.31,57.18,0.57,7,7,-1.000,0
14.1173,16.60,-0.53,32.98,56.54,0.71,7,7,-1.000,0
14.1228,16.39,-0.20,32.98,55.92,0.65,7,7,-1.000,0
14.1273,16.06,-0.33,32.58,55.45,0.52,7,7,-1.000,0
14.1312,15.48,-0.58,31.62,55.35,0.59,7,7,-1.000,0
14.1351,14.64,-0.85,31.05,54.54,0.95,7,7,-1.000,0
14.1389,14.20,-0.43,30.80,53.87,0.73,7,7,-1.000,0
14.1432,13.96,-0.24,30.47,53.47,0.45,7,7,-1.000,0
14.1472,13.35,-0.62,29.99,53.01,0.59,7,7,-1.000,0
14.1523,13.26,-0.09,30.06,52.41,0.62,7,7,-1.000,0
14.1561,12.89,-0.37,29.80,51.91,0.55,7,7,-1.000,0
14.1604,12.30,-0.59,29.37,51.57,0.50,7,7,-1.000,0
14.1643,11.89,-0.41,29.16,51.17,0.49,7,7,-1.000,0
14.1683,11.54,-0.35,29.00,50.88,0.38,7,7,-1.000,0
14.1714,11.21,-0.33,28.88,50.63,0.35,7,7,-1.000,0
14.1749,10.92,-0.29,28.83,50.43,0.32,7,7,-1.000,0
14.1792,10.49,-0.43,28.78,50.17,0.47,7,7,-1.000,0
14.1832,9.96,-0.54,28.23,50.03,0.40,7,7,-1.000,0
14.1874,9.17,-0.79,27.62,49.84,0.54,7,7,-1.000,0
14.1914,8.75,-0.42,27.49,49.58,0.42,7,7,-1.000,0
14.1955,8.78,0.03,27.57,49.53,0.08,7,7,-1.000,0
14.1996,7.95,-0.84,27.00,49.07,0.71,7,7,-1.000,0
14.2038,7.46,-0.48,26.66,48.80,0.42,7,7,-1.000,0
14.2082,6.62,-0.85,25.97,48.37,0.70,7,7,-1.000,0
14.2122,6.06,-0.56,25.48,47.93,0.58,7,7,-1.000,0
14.2164,5.60,-0.45,25.22,47.26,0.74,7,7,-1.000,0
14.2204,5.25,-0.35,24.90,46.47,0.82,7,7,-1.000,0
14.2250,4.82,-0.42,24.43,45.73,0.81,7,7,-1.000,0
14.2287,4.75,-0.08,24.18,45.15,0.62,7,7,-1.000,0
14.2329,3.88,-0.87,23.41,43.98,1.33,7,7,-1.000,0
14.2371,3.62,-0.26,22.68,43.63,0.68,7,7,-1.000,0
14.2416,3.19,-0.43,22.51,42.78,0.92,7,7,-1.000,0
14.2456,3.10,-0.09,22.70,42.04,0.78,7,7,-1.000,0
14.2498,2.99,-0.11,22.79,41.59,0.49,7,7,-1.000,0
14.2540,2.89,-0.10,22.83,41.29,0.32,7,7,-1.000,0
14.2583,2.71,-0.18,22.90,41.17,0.25,7,7,-1.000,0
14.2623,2.79,0.08,22.98,41.13,0.08,7,7,-1.000,0
14.2662,2.49,-0.30,22.74,40.94,0.29,7,7,-1.000,0
14.2704,2.15,-0.34,22.71,40.52,0.53,7,7,-1.000,0
14.2751,1.87,-0.29,22.36,40.25,0.38,7,7,-1.000,0
14.2789,1.43,-0.44,21.85,39.89,0.54,7,7,-1.000,0
14.2829,1.21,-0.21,21.79,39.40,0.53,7,7,-1.000,0
14.2873,0.75,-0.46,21.23,38.98,0.61,7,7,-1.000,0
14.2916,0.18,-0.57,20.70,38.51,0.67,7,7,-1.000,0
14.2956,-0.23,-0.41,19.83,38.39,0.70,7,7,-1.000,0
14.2996,-0.49,-0.26,19.66,38.03,0.42,7,7,-1.000,0
14.3038,-0.90,-0.41,19.33,37.38,0.73,7,7,-1.000,0
14.3082,-1.28,-0.39,18.51,37.21,0.68,7,7,-1.000,0
14.3121,-1.56,-0.28,18.19,36.42,0.83,7,7,-1.000,0
14.3162,-1.78,-0.21,17.75,35.91,0.62,7,7,-1.000,0
14.3203,-2.00,-0.22,17.27,35.56,0.53,7,7,-1.000,0
14.3248,-2.26,-0.26,16.58,35.24,0.65,7,7,-1.000,0
14.3287,-2.40,-0.14,16.73,34.38,0.90,7,7,-1.000,0
14.3328,-2.59,-0.19,16.53,33.93,0.49,7,7,-1.000,0
14.3371,-2.79,-0.20,16.31,33.69,0.31,7,7,-1.000,0
14.3415,-2.91,-0.12,16.11,33.50,0.25,7,7,-1.000,0
14.3454,-3.11,-0.20,16.02,33.45,0.18,7,7,-1.000,0
14.3494,-3.12,-0.01,16.06,33.44,0.05,7,7,-1.000,0
14.3537,-3.14,-0.01,16.01,33.49,0.07,7,7,-1.000,0
14.3582,-3.36,-0.23,15.69,33.30,0.33,7,7,-1.000,0
14.3621,-3.55,-0.19,15.44,33.23,0.23,7,7,-1.000,0
14.3662,-3.74,-0.19,15.14,33.03,0.32,7,7,-1.000,0
14.3704,-3.88,-0.14,14.84,32.93,0.27,7,7,-1.000,0
14.3746,-4.17,-0.29,14.50,32.56,0.48,7,7,-1.000,0
14.3786,-4.30,-0.13,13.99,32.45,0.47,7,7,-1.000,0
14.3827,-4.53,-0.23,13.62,32.14,0.44,7,7,-1.000,0
14.3874,-4.75,-0.22,13.39,31.92,0.31,7,7,-1.000,0
14.3919,-4.79,-0.03,13.31,31.61,0.32,7,7,-1.000,0
14.3960,-4.86,-0.08,13.25,31.31,0.31,7,7,-1.000,0
14.3996,-5.08,-0.22,13.00,30.73,0.63,7,7,-1.000,0
14.4038,-5.20,-0.12,12.77,30.15,0.61,7,7,-1.000,0
14.4082,-5.29,-0.09,12.66,29.77,0.39,7,7,-1.000,0
14.4121,-5.25,0.03,12.62,29.21,0.56,7,7,-1.000,0
14.4162,-5.22,0.03,12.40,28.81,0.47,7,7,-1.000,0
14.4204,-4.98,0.24,11.88,28.85,0.67,7,7,-1.000,0
14.4248,-5.12,-0.14,12.14,27.94,0.97,7,7,-1.000,0
14.4288,-5.06,0.06,12.15,27.35,0.59,7,7,-1.000,0
14.4327,-5.16,-0.10,12.00,26.98,0.40,7,7,-1.000,0
14.4370,-5.00,0.17,12.12,26.64,0.37,7,7,-1.000,0
14.4413,-4.99,0.01,12.10,26.24,0.40,7,7,-1.000,0
14.4453,-5.05,-0.06,12.09,25.73,0.51,7,7,-1.000,0
14.4495,-5.14,-0.10,12.10,25.34,0.40,7,7,-1.000,0
14.4539,-5.24,-0.10,12.18,24.95,0.42,7,7,-1.000,0
14.4582,-5.36,-0.11,11.95,24.76,0.28,7,7,-1.000,0
14.4621,-5.39,-0.03,11.88,24.55,0.22,7,7,-1.000,0
14.4662,-5.42,-0.04,12.19,24.13,0.54,7,7,-1.000,0
14.4703,-5.69,-0.26,11.94,23.68,0.53,7,7,-1.000,0
14.4746,-5.86,-0.17,11.97,23.48,0.27,7,7,-1.000,0
14.4786,-6.00,-0.14,11.79,23.26,0.28,7,7,-1.000,0
14.4827,-6.26,-0.26,11.52,22.93,0.44,7,7,-1.000,0
14.4870,-6.48,-0.22,11.44,22.67,0.33,7,7,-1.000,0
14.4915,-6.77,-0.29,10.86,22.57,0.55,7,7,-1.000,0
14.4954,-6.91,-0.14,11.03,22.33,0.35,7,7,-1.000,0
14.4995,-7.05,-0.14,11.01,22.05,0.31,7,7,-1.000,0
14.5038,-7.24,-0.18,11.01,21.53,0.56,7,7,-1.000,0
14.5080,-7.49,-0.25,10.67,20.97,0.65,7,7,-1.000,0
14.5121,-7.45,0.04,10.52,21.05,0.19,7,7,-1.000,0
14.5162,-7.71,-0.27,10.12,20.85,0.44,7,7,-1.000,0
14.5205,-7.98,-0.27,10.07,20.31,0.60,7,7,-1.000,0
14.5250,-8.00,-0.02,10.06,19.93,0.38,7,7,-1.000,0
14.5289,-7.97,0.03,9.85,19.52,0.47,7,7,-1.000,0
14.5328,-8.12,-0.16,9.71,19.04,0.50,7,7,-1.000,0
14.5372,-8.38,-0.25,9.58,18.77,0.37,7,7,-1.000,0
14.5416,-8.36,0.02,9.58,18.43,0.35,7,7,-1.000,0
14.5456,-8.31,0.05,9.59,18.02,0.41,7,7,-1.000,0
14.5497,-8.32,-0.01,9.59,17.67,0.35,7,7,-1.000,0
14.5540,-8.33,-0.01,9.49,17.32,0.36,7,7,-1.000,0
14.5582,-8.32,0.01,9.49,16.87,0.46,7,7,-1.000,0
14.5621,-8.38,-0.06,9.34,16.55,0.35,7,7,-1.000,0
14.5663,-8.54,-0.15,9.23,16.23,0.35,7,7,-1.000,0
14.5705,-8.52,0.02,9.24,15.81,0.42,7,7,-1.000,0
14.5750,-8.42,0.09,9.30,15.80,0.10,7,7,-1.000,0
14.5789,-8.60,-0.18,9.28,15.35,0.48,7,7,-1.000,0
14.5829,-8.64,-0.03,9.20,15.08,0.28,7,7,-1.000,0
14.5872,-8.65,-0.02,9.02,14.85,0.29,7,7,-1.000,0
14.5917,-8.82,-0.17,8.70,14.57,0.42,7,7,-1.000,0
14.5956,-8.85,-0.03,8.49,14.40,0.27,7,7,-1.000,0
14.5996,-8.95,-0.10,8.47,14.11,0.31,7,7,-1.000,0
14.6038,-9.08,-0.13,8.31,13.68,0.47,7,7,-1.000,0
14.6083,-9.15,-0.06,8.28,13.40,0.29,7,7,-1.000,0
14.6122,-9.24,-0.10,8.04,13.29,0.27,7,7,-1.000,0
14.6162,-9.23,0.02,7.94,13.11,0.21,7,7,-1.000,0
14.6205,-9.39,-0.17,7.57,12.74,0.52,7,7,-1.000,0
14.6251,-9.51,-0.11,7.43,12.56,0.24,7,7,-1.000,0
14.6288,-9.52,-0.01,7.44,12.27,0.29,7,7,-1.000,0
14.6329,-9.64,-0.13,7.31,11.91,0.39,7,7,-1.000,0
14.6372,-9.68,-0.04,7.41,11.86,0.13,7,7,-1.000,0
14.6417,-9.82,-0.14,7.18,11.54,0.40,7,7,-1.000,0
14.6456,-10.06,-0.24,7.17,11.07,0.52,7,7,-1.000,0
14.6497,-10.23,-0.17,6.79,11.06,0.38,7,7,-1.000,0
14.6541,-10.25,-0.02,6.54,10.94,0.28,7,7,-1.000,0
14.6581,-10.36,-0.11,6.26,10.66,0.40,7,7,-1.000,0
14.6622,-10.29,0.07,6.17,10.49,0.21,7,7,-1.000,0
14.6663,-10.33,-0.05,6.19,10.09,0.40,7,7,-1.000,0
14.6705,-10.46,-0.12,6.15,9.72,0.39,7,7,-1.000,0
14.6750,-10.44,0.02,6.23,9.59,0.15,7,7,-1.000,0
14.6789,-10.58,-0.14,6.23,9.40,0.23,7,7,-1.000,0
14.6829,-10.58,-0.01,5.98,9.51,0.27,7,7,-1.000,0
14.6872,-10.59,-0.00,5.79,9.38,0.23,7,7,-1.000,0
14.6917,-10.60,-0.01,5.72,9.03,0.35,7,7,-1.000,0
14.6955,-10.66,-0.06,5.66,8.70,0.34,7,7,-1.000,0
14.6996,-10.62,0.03,5.68,8.62,0.08,7,7,-1.000,0
14.7038,-10.64,-0.01,5.45,8.71,0.25,7,7,-1.000,0
14.7083,-10.60,0.03,5.26,8.74,0.20,7,7,-1.000,0
14.7123,-10.53,0.07,5.09,8.72,0.20,7,7,-1.000,0
14.7162,-10.44,0.09,5.05,8.69,0.11,7,7,-1.000,0
14.7206,-10.41,0.03,5.08,8.37,0.32,7,7,-1.000,0
14.7250,-10.30,0.11,5.16,8.17,0.24,7,7,-1.000,0
14.7287,-10.25,0.06,5.13,8.06,0.13,7,7,-1.000,0
14.7327,-9.90,0.34,5.05,8.28,0.43,7,7,-1.000,0
14.7372,-9.67,0.24,4.94,8.22,0.28,7,7,-1.000,0
14.7416,-9.45,0.21,5.08,8.32,0.26,7,7,-1.000,0
14.7455,-9.21,0.25,4.94,8.44,0.32,7,7,-1.000,0
14.7495,-8.96,0.25,4.81,8.43,0.30,7,7,-1.000,0
14.7537,-8.83,0.13,4.83,8.31,0.18,7,7,-1.000,0
14.7585,-8.56,0.27,4.87,8.24,0.27,7,7,-1.000,0
14.7625,-8.35,0.22,4.80,8.11,0.27,7,7,-1.000,0
14.7664,-8.15,0.19,4.69,8.39,0.36,7,7,-1.000,0
14.7706,-8.05,0.10,4.63,8.51,0.18,7,7,-1.000,0
14.7751,-7.87,0.18,4.76,8.51,0.21,7,7,-1.000,0
14.7790,-7.69,0.18,4.82,8.95,0.48,7,7,-1.000,0
14.7830,-7.62,0.07,5.13,9.03,0.31,7,7,-1.000,0
14.7873,-7.54,0.09,5.10,9.28,0.27,7,7,-1.000,0
14.7916,-7.54,-0.00,5.06,9.37,0.09,7,7,-1.000,0
14.7956,-7.52,0.02,5.07,9.58,0.22,7,7,-1.000,0
14.7997,-7.45,0.06,4.85,9.73,0.28,7,7,-1.000,0
14.8041,-7.37,0.08,4.82,10.03,0.31,7,7,-1.000,0
14.8082,-7.27,0.11,4.80,9.98,0.12,7,7,-1.000,0
14.8126,-7.24,0.02,4.77,9.87,0.11,7,7,-1.000,0
14.8165,-7.25,-0.00,4.76,9.82,0.06,7,7,-1.000,0
14.8206,-7.36,-0.12,4.63,9.73,0.18,7,7,-1.000,0
14.8248,-7.24,0.12,4.48,10.08,0.41,7,7,-1.000,0
14.8291,-7.10,0.14,4.75,10.47,0.48,7,7,-1.000,0
14.8330,-7.08,0.01,4.71,10.46,0.05,7,7,-1.000,0
14.8374,-7.05,0.04,4.61,10.38,0.14,7,7,-1.000,0
14.8417,-7.00,0.04,4.43,10.72,0.39,7,7,-1.000,0
14.8457,-6.89,0.11,4.37,11.03,0.34,7,7,-1.000,0
14.8497,-6.75,0.14,4.37,11.18,0.20,7,7,-1.000,0
14.8540,-6.62,0.13,4.57,11.38,0.29,7,7,-1.000,0
14.8585,-6.63,-0.02,4.69,11.70,0.35,7,7,-1.000,0
14.8623,-6.51,0.12,4.80,12.20,0.51,7,7,-1.000,0
14.8665,-6.47,0.04,4.78,12.27,0.09,7,7,-1.000,0
14.8706,-6.28,0.19,4.96,12.24,0.24,7,7,-1.000,0
14.8748,-6.18,0.10,5.06,12.36,0.17,7,7,-1.000,0
14.8788,-6.15,0.04,5.03,12.68,0.33,7,7,-1.000,0
14.8830,-6.08,0.07,5.10,12.84,0.18,7,7,-1.000,0
14.8874,-5.87,0.21,5.13,13.08,0.31,7,7,-1.000,0
14.8915,-5.77,0.10,5.33,12.95,0.24,7,7,-1.000,0
14.8955,-5.70,0.07,5.47,13.02,0.15,7,7,-1.000,0
14.8996,-5.68,0.02,5.45,13.32,0.30,7,7,-1.000,0
14.9038,-5.44,0.25,5.50,13.53,0.32,7,7,-1.000,0
14.9083,-5.29,0.14,5.48,13.60,0.17,7,7,-1.000,0
14.9122,-5.32,-0.03,5.44,13.82,0.22,7,7,-1.000,0
14.9163,-5.40,-0.08,5.31,14.00,0.22,7,7,-1.000,0
14.9205,-5.36,0.04,5.31,14.05,0.06,7,7,-1.000,0
14.9251,-5.25,0.10,5.69,14.42,0.53,7,7,-1.000,0
14.9290,-5.28,-0.03,5.73,14.68,0.27,7,7,-1.000,0
14.9330,-5.43,-0.15,5.70,15.03,0.38,7,7,-1.000,0
14.9373,-5.60,-0.16,5.53,15.34,0.37,7,7,-1.000,0
14.9418,-5.61,-0.01,5.53,15.59,0.25,7,7,-1.000,0
14.9457,-5.61,0.00,5.60,16.09,0.50,7,7,-1.000,0
14.9497,-5.70,-0.09,5.74,16.25,0.25,7,7,-1.000,0
14.9540,-5.73,-0.03,5.89,16.49,0.29,7,7,-1.000,0
14.9585,-5.81,-0.08,6.05,16.76,0.33,7,7,-1.000,0
14.9624,-6.10,-0.30,5.68,16.99,0.46,7,7,-1.000,0
14.9662,-6.21,-0.11,5.55,16.99,0.14,7,7,-1.000,0
14.9705,-6.17,0.04,5.66,17.07,0.13,7,7,-1.000,0
14.9750,-6.19,-0.02,5.67,17.17,0.10,7,7,-1.000,0
14.9790,-6.17,0.02,5.74,17.62,0.45,7,7,-1.000,0
14.9829,-6.26,-0.09,5.34,17.80,0.42,7,7,-1.000,0
14.9872,-6.29,-0.03,5.15,17.57,0.29,7,7,-1.000,0
14.9917,-6.25,0.04,5.29,17.64,0.15,7,7,-1.000,0
14.9955,-6.14,0.11,5.24,17.99,0.37,7,7,-1.000,0
14.9996,-6.15,-0.01,5.11,18.19,0.24,7,7,-1.000,0
15.0038,-6.23,-0.08,4.98,18.20,0.13,7,7,-1.000,0
15.0086,-5.97,0.26,5.05,18.46,0.36,7,7,-1.000,0
15.0128,-5.88,0.09,5.07,18.63,0.19,7,7,-1.000,0
15.0165,-5.76,0.13,5.07,18.84,0.25,7,7,-1.000,0
15.0207,-5.70,0.06,4.94,18.93,0.19,7,7,-1.000,0
15.0253,-5.71,-0.01,5.07,18.72,0.26,7,7,-1.000,0
15.0292,-5.60,0.11,4.99,19.10,0.42,7,7,-1.000,0
15.0330,-5.48,0.12,4.98,19.28,0.21,7,7,-1.000,0
15.0372,-5.37,0.11,5.14,19.32,0.17,7,7,-1.000,0
15.0418,-5.40,-0.03,5.32,19.31,0.18,7,7,-1.000,0
15.0455,-5.47,-0.07,5.05,19.55,0.35,7,7,-1.000,0
15.0496,-5.51,-0.03,5.03,19.59,0.05,7,7,-1.000,0
15.0538,-5.57,-0.06,4.95,19.62,0.09,7,7,-1.000,0
15.0583,-5.51,0.05,5.12,19.80,0.24,7,7,-1.000,0
15.0622,-5.68,-0.16,5.05,20.01,0.26,7,7,-1.000,0
15.0663,-5.78,-0.10,5.00,20.18,0.20,7,7,-1.000,0
15.0705,-5.79,-0.01,4.84,20.12,0.17,7,7,-1.000,0
15.0751,-5.67,0.13,4.66,20.42,0.39,7,7,-1.000,0
15.0788,-5.75,-0.08,4.58,20.81,0.41,7,7,-1.000,0
15.0829,-5.87,-0.12,4.56,20.95,0.18,7,7,-1.000,0
15.0872,-5.87,0.00,4.59,21.06,0.11,7,7,-1.000,0
15.0917,-5.96,-0.09,4.32,21.22,0.30,7,7,-1.000,0
15.0954,-6.11,-0.15,4.21,21.40,0.23,7,7,-1.000,0
15.0996,-6.20,-0.09,4.20,21.61,0.23,7,7,-1.000,0
15.1044,-6.19,0.01,4.28,21.84,0.25,7,7,-1.000,0
15.1101,-6.23,-0.05,4.51,21.77,0.26,7,7,-1.000,0
15.1139,-6.32,-0.08,4.35,21.77,0.15,7,7,-1.000,0
15.1177,-6.34,-0.02,4.21,21.85,0.16,7,7,-1.000,0
15.1214,-6.34,0.00,4.05,22.12,0.32,7,7,-1.000,0
15.1258,-6.48,-0.14,4.10,22.28,0.23,7,7,-1.000,0
15.1303,-6.61,-0.13,4.21,22.35,0.21,7,7,-1.000,0
15.1338,-6.74,-0.14,4.11,22.29,0.15,7,7,-1.000,0
15.1395,-6.69,0.06,4.02,22.58,0.31,7,7,-1.000,0
15.1438,-6.67,0.02,3.87,22.77,0.25,7,7,-1.000,0
15.1476,-6.64,0.03,3.80,23.14,0.37,7,7,-1.000,0
15.1513,-6.72,-0.08,3.51,23.47,0.43,7,7,-1.000,0
15.1555,-6.70,0.02,3.56,23.57,0.11,7,7,-1.000,0
15.1602,-6.58,0.13,3.76,23.67,0.22,7,7,-1.000,0
15.1643,-6.51,0.07,3.75,23.73,0.10,7,7,-1.000,0
15.1682,-6.40,0.10,3.69,24.12,0.41,7,7,-1.000,0
15.1728,-6.46,-0.05,3.39,24.33,0.36,7,7,-1.000,0
15.1750,-6.49,-0.04,3.63,24.14,0.33,7,7,-1.000,0
15.1790,-6.47,0.02,3.65,24.08,0.06,7,7,-1.000,0
15.1832,-6.38,0.08,3.55,24.10,0.15,7,7,-1.000,0
15.1873,-6.15,0.24,3.62,24.44,0.40,7,7,-1.000,0
15.1913,-6.13,0.01,3.56,24.83,0.40,7,7,-1.000,0
15.1954,-6.13,-0.00,3.55,24.87,0.04,7,7,-1.000,0
15.1995,-6.03,0.10,3.86,24.86,0.29,7,7,-1.000,0
15.2038,-5.77,0.26,4.01,25.05,0.31,7,7,-1.000,0
15.2082,-5.95,-0.18,3.87,25.00,0.18,7,7,-1.000,0
15.2122,-5.88,0.07,4.03,25.05,0.16,7,7,-1.000,0
15.2163,-5.64,0.25,4.35,25.21,0.35,7,7,-1.000,0
15.2206,-5.39,0.25,4.52,25.35,0.27,7,7,-1.000,0
15.2247,-5.32,0.07,4.76,25.41,0.23,7,7,-1.000,0
15.2287,-5.26,0.06,4.79,25.60,0.20,7,7,-1.000,0
15.2328,-5.14,0.12,4.97,25.79,0.25,7,7,-1.000,0
15.2372,-5.01,0.13,5.10,25.78,0.14,7,7,-1.000,0
15.2415,-5.01,-0.00,5.18,25.74,0.08,7,7,-1.000,0
15.2453,-4.93,0.08,5.21,25.89,0.17,7,7,-1.000,0
15.2494,-5.03,-0.10,5.11,26.11,0.24,7,7,-1.000,0
15.2537,-5.09,-0.06,5.15,25.96,0.17,7,7,-1.000,0
15.2582,-5.07,0.03,5.25,26.01,0.10,7,7,-1.000,0
15.2619,-4.95,0.12,5.29,26.10,0.14,7,7,-1.000,0
15.2661,-4.62,0.33,5.35,26.40,0.43,7,7,-1.000,0
15.2704,-4.56,0.06,5.26,26.42,0.14,7,7,-1.000,0
15.2749,-4.41,0.15,5.42,26.52,0.19,7,7,-1.000,0
15.2787,-4.14,0.27,5.92,26.92,0.60,7,7,-1.000,0
15.2827,-4.07,0.07,6.07,27.11,0.23,7,7,-1.000,0
15.2870,-4.32,-0.25,5.88,26.95,0.28,7,7,-1.000,0
15.2912,-4.37,-0.05,6.04,26.70,0.32,7,7,-1.000,0
15.2953,-3.99,0.38,6.58,27.11,0.64,7,7,-1.000,0
15.2995,-3.86,0.13,6.65,27.27,0.19,7,7,-1.000,0
15.3037,-3.94,-0.08,6.33,27.16,0.32,7,7,-1.000,0
15.3082,-3.78,0.16,6.49,27.38,0.27,7,7,-1.000,0
15.3122,-3.70,0.08,6.73,27.32,0.22,7,7,-1.000,0
15.3163,-3.64,0.06,6.80,27.53,0.22,7,7,-1.000,0
15.3203,-3.68,-0.04,6.69,27.64,0.15,7,7,-1.000,0
15.3246,-3.60,0.08,6.86,27.86,0.26,7,7,-1.000,0
15.3287,-3.46,0.14,7.19,27.89,0.30,7,7,-1.000,0
15.3328,-3.51,-0.05,7.03,27.90,0.14,7,7,-1.000,0
15.3372,-3.47,0.04,7.07,28.20,0.30,7,7,-1.000,0
15.3417,-3.58,-0.11,6.93,28.04,0.21,7,7,-1.000,0
15.3456,-3.59,-0.01,6.94,28.02,0.02,7,7,-1.000,0
15.3496,-3.54,0.06,7.02,28.05,0.08,7,7,-1.000,0
15.3538,-3.52,0.01,6.95,28.07,0.08,7,7,-1.000,0
15.3582,-3.41,0.12,7.17,28.24,0.26,7,7,-1.000,0
15.3622,-3.37,0.03,7.12,28.43,0.20,7,7,-1.000,0
15.3662,-3.32,0.06,7.30,28.55,0.20,7,7,-1.000,0
15.3705,-3.13,0.19,7.38,28.64,0.19,7,7,-1.000,0
15.3749,-3.10,0.03,7.46,28.68,0.08,7,7,-1.000,0
15.3789,-3.08,0.02,7.41,28.73,0.08,7,7,-1.000,0
15.3830,-3.05,0.02,7.40,28.85,0.13,7,7,-1.000,0
15.3871,-3.06,-0.01,7.40,28.96,0.11,7,7,-1.000,0
15.3917,-3.06,0.00,7.36,29.04,0.09,7,7,-1.000,0
15.3956,-3.07,-0.01,7.36,29.07,0.03,7,7,-1.000,0
15.3996,-3.09,-0.03,7.21,29.23,0.21,7,7,-1.000,0
15.4039,-3.20,-0.10,7.03,29.18,0.17,7,7,-1.000,0
15.4087,-3.25,-0.05,6.91,29.22,0.12,7,7,-1.000,0
15.4131,-3.21,0.04,7.04,29.26,0.13,7,7,-1.000,0
15.4165,-3.21,-0.00,7.16,29.25,0.11,7,7,-1.000,0
15.4206,-3.16,0.05,7.29,29.36,0.16,7,7,-1.000,0
15.4246,-3.14,0.02,7.36,29.37,0.07,7,7,-1.000,0
15.4291,-3.13,0.01,7.38,29.46,0.09,7,7,-1.000,0
15.4330,-3.06,0.06,7.51,29.49,0.11,7,7,-1.000,0
15.4372,-3.08,-0.01,7.53,29.53,0.05,7,7,-1.000,0
15.4416,-3.04,0.03,7.49,29.73,0.21,7,7,-1.000,0
15.4454,-3.07,-0.03,7.53,29.72,0.06,7,7,-1.000,0
15.4497,-3.04,0.03,7.56,29.83,0.11,7,7,-1.000,0
15.4537,-3.03,0.00,7.57,29.90,0.08,7,7,-1.000,0
15.4582,-3.00,0.04,7.59,30.03,0.13,7,7,-1.000,0
15.4622,-3.09,-0.09,7.51,30.05,0.09,7,7,-1.000,0
15.4661,-3.12,-0.04,7.50,30.05,0.03,7,7,-1.000,0
15.4704,-3.10,0.02,7.57,30.01,0.08,7,7,-1.000,0
15.4747,-3.07,0.03,7.55,30.01,0.04,7,7,-1.000,0
15.4789,-3.03,0.05,7.75,29.92,0.20,7,7,-1.000,0
15.4830,-2.98,0.05,8.00,29.94,0.23,7,7,-1.000,0
15.4873,-2.94,0.04,7.81,30.05,0.24,7,7,-1.000,0
15.4917,-2.87,0.06,7.89,30.06,0.07,7,7,-1.000,0
15.4958,-2.89,-0.02,7.83,30.13,0.09,7,7,-1.000,0
15.4997,-2.87,0.02,7.84,30.20,0.07,7,7,-1.000,0
15.5039,-2.91,-0.04,7.84,30.18,0.05,7,7,-1.000,0
15.5082,-2.92,-0.01,7.80,30.24,0.07,7,7,-1.000,0
15.5124,-2.86,0.06,7.93,30.22,0.11,7,7,-1.000,0
15.5164,-2.87,-0.01,7.99,30.24,0.07,7,7,-1.000,0
15.5204,-2.90,-0.03,8.04,30.21,0.08,7,7,-1.000,0
15.5250,-2.90,0.00,8.10,30.23,0.07,7,7,-1.000,0
15.5288,-2.91,-0.01,8.10,30.25,0.03,7,7,-1.000,0
15.5329,-2.93,-0.02,8.11,30.24,0.03,7,7,-1.000,0
15.5371,-3.04,-0.11,8.03,30.25,0.10,7,7,-1.000,0
15.5416,-3.07,-0.03,7.92,30.29,0.11,7,7,-1.000,0
15.5457,-3.09,-0.03,7.89,30.39,0.10,7,7,-1.000,0
15.5497,-3.03,0.07,8.03,30.43,0.12,7,7,-1.000,0
15.5539,-3.06,-0.03,8.05,30.38,0.07,7,7,-1.000,0
15.5583,-3.03,0.03,8.16,30.38,0.10,7,7,-1.000,0
15.5624,-2.88,0.14,8.48,30.49,0.29,7,7,-1.000,0
15.5663,-2.84,0.04,8.54,30.57,0.10,7,7,-1.000,0
15.5704,-2.79,0.06,8.61,30.66,0.10,7,7,-1.000,0
15.5746,-2.82,-0.04,8.58,30.71,0.06,7,7,-1.000,0
15.5786,-2.80,0.02,8.55,30.77,0.08,7,7,-1.000,0
15.5828,-2.93,-0.12,8.30,30.69,0.23,7,7,-1.000,0
15.5872,-2.95,-0.03,8.20,30.64,0.10,7,7,-1.000,0
15.5916,-2.97,-0.01,8.21,30.57,0.07,7,7,-1.000,0
15.5955,-2.97,-0.00,8.22,30.59,0.02,7,7,-1.000,0
15.5997,-2.95,0.02,8.18,30.64,0.08,7,7,-1.000,0
15.6039,-2.91,0.04,8.20,30.75,0.11,7,7,-1.000,0
15.6082,-2.90,0.01,8.20,30.81,0.07,7,7,-1.000,0
15.6124,-2.97,-0.08,7.89,31.02,0.34,7,7,-1.000,0
15.6161,-3.00,-0.02,8.22,30.79,0.41,7,7,-1.000,0
15.6205,-2.99,0.01,8.07,30.95,0.22,7,7,-1.000,0
15.6247,-2.94,0.05,8.05,31.02,0.09,7,7,-1.000,0
15.6288,-2.94,-0.00,8.02,31.09,0.08,7,7,-1.000,0
15.6330,-3.01,-0.07,8.01,31.03,0.09,7,7,-1.000,0
15.6373,-3.10,-0.09,7.86,31.04,0.13,7,7,-1.000,0
15.6416,-3.10,-0.00,7.94,30.97,0.11,7,7,-1.000,0
15.6458,-3.18,-0.08,7.98,30.91,0.12,7,7,-1.000,0
15.6498,-3.16,0.02,7.95,31.05,0.15,7,7,-1.000,0
15.6540,-3.19,-0.03,7.89,31.13,0.10,7,7,-1.000,0
15.6583,-3.20,-0.01,7.89,31.19,0.06,7,7,-1.000,0
15.6623,-3.27,-0.07,7.85,31.20,0.06,7,7,-1.000,0
15.6662,-3.31,-0.04,7.79,31.22,0.06,7,7,-1.000,0
15.6705,-3.27,0.04,7.91,31.27,0.12,7,7,-1.000,0
15.6748,-3.26,0.01,8.06,31.27,0.15,7,7,-1.000,0
15.6791,-3.29,-0.03,8.12,31.16,0.14,7,7,-1.000,0
15.6829,-3.38,-0.09,8.06,30.96,0.22,7,7,-1.000,0
15.6872,-3.34,0.04,8.08,30.99,0.05,7,7,-1.000,0
15.6915,-3.47,-0.13,7.85,30.87,0.23,7,7,-1.000,0
15.6957,-3.45,0.01,7.81,30.86,0.05,7,7,-1.000,0
15.6997,-3.47,-0.02,7.74,30.88,0.06,7,7,-1.000,0
15.7039,-3.48,-0.01,7.71,30.88,0.03,7,7,-1.000,0
15.7082,-3.47,0.02,7.70,30.88,0.03,7,7,-1.000,0
15.7123,-3.50,-0.03,7.60,30.95,0.11,7,7,-1.000,0
15.7163,-3.47,0.03,7.59,30.93,0.04,7,7,-1.000,0
15.7204,-3.49,-0.02,7.46,31.00,0.14,7,7,-1.000,0
15.7248,-3.53,-0.04,7.46,30.94,0.07,7,7,-1.000,0
15.7290,-3.51,0.02,7.50,30.90,0.05,7,7,-1.000,0
15.7329,-3.53,-0.02,7.47,30.84,0.06,7,7,-1.000,0
15.7371,-3.64,-0.11,7.40,30.76,0.13,7,7,-1.000,0
15.7415,-3.70,-0.06,7.39,30.66,0.12,7,7,-1.000,0
15.7455,-3.75,-0.04,7.35,30.62,0.06,7,7,-1.000,0
15.7496,-3.68,0.06,7.40,30.68,0.08,7,7,-1.000,0
15.7538,-3.75,-0.07,7.47,30.60,0.15,7,7,-1.000,0
15.7583,-3.67,0.08,7.60,30.64,0.12,7,7,-1.000,0
15.7624,-3.73,-0.06,7.52,30.65,0.08,7,7,-1.000,0
15.7664,-3.70,0.03,7.65,30.71,0.14,7,7,-1.000,0
15.7705,-3.73,-0.03,7.69,30.70,0.06,7,7,-1.000,0
15.7749,-3.79,-0.07,7.60,30.69,0.08,7,7,-1.000,0
15.7789,-3.67,0.12,7.75,30.73,0.14,7,7,-1.000,0
15.7829,-3.76,-0.09,7.83,30.58,0.22,7,7,-1.000,0
15.7871,-3.65,0.11,7.83,30.63,0.12,7,7,-1.000,0
15.7915,-3.59,0.06,7.91,30.60,0.08,7,7,-1.000,0
15.7957,-3.56,0.03,7.85,30.59,0.08,7,7,-1.000,0
15.7995,-3.51,0.06,7.88,30.59,0.05,7,7,-1.000,0
15.8038,-3.51,0.00,7.87,30.56,0.04,7,7,-1.000,0
15.8080,-3.55,-0.04,7.80,30.57,0.06,7,7,-1.000,0
15.8122,-3.54,0.01,7.82,30.67,0.11,7,7,-1.000,0
15.8166,-3.64,-0.10,7.65,30.74,0.16,7,7,-1.000,0
15.8205,-3.62,0.02,7.71,30.72,0.06,7,7,-1.000,0
15.8247,-3.59,0.04,7.73,30.82,0.10,7,7,-1.000,0
15.8290,-3.63,-0.04,7.63,30.89,0.12,7,7,-1.000,0
15.8332,-3.57,0.05,7.66,30.87,0.05,7,7,-1.000,0
15.8371,-3.54,0.04,7.69,30.87,0.04,7,7,-1.000,0
15.8418,-3.44,0.10,7.75,30.85,0.09,7,7,-1.000,0
15.8455,-3.41,0.03,7.84,30.73,0.14,7,7,-1.000,0
15.8495,-3.46,-0.05,7.82,30.66,0.09,7,7,-1.000,0
15.8538,-3.45,0.02,7.84,30.63,0.04,7,7,-1.000,0
15.8582,-3.42,0.03,7.84,30.70,0.08,7,7,-1.000,0
15.8622,-3.43,-0.01,7.80,30.66,0.06,7,7,-1.000,0
15.8664,-3.46,-0.02,7.82,30.66,0.04,7,7,-1.000,0
15.8705,-3.48,-0.02,7.76,30.69,0.06,7,7,-1.000,0
15.8750,-3.41,0.06,7.86,30.65,0.09,7,7,-1.000,0
15.8788,-3.40,0.02,7.89,30.66,0.02,7,7,-1.000,0
15.8828,-3.39,0.01,7.87,30.68,0.03,7,7,-1.000,0
15.8871,-3.32,0.06,7.89,30.68,0.05,7,7,-1.000,0
15.8915,-3.22,0.11,7.98,30.73,0.11,7,7,-1.000,0
15.8955,-3.19,0.03,7.96,30.75,0.05,7,7,-1.000,0
15.8997,-3.18,0.00,7.97,30.76,0.01,7,7,-1.000,0
15.9038,-3.24,-0.06,7.95,30.74,0.05,7,7,-1.000,0
15.9083,-3.24,-0.00,7.97,30.76,0.03,7,7,-1.000,0
15.9123,-3.26,-0.02,7.97,30.81,0.05,7,7,-1.000,0
15.9163,-3.33,-0.07,7.92,30.85,0.08,7,7,-1.000,0
15.9205,-3.45,-0.12,7.75,30.85,0.15,7,7,-1.000,0
15.9250,-3.50,-0.05,7.68,30.88,0.07,7,7,-1.000,0
15.9288,-3.52,-0.02,7.69,30.92,0.05,7,7,-1.000,0
15.9329,-3.51,0.01,7.66,30.94,0.04,7,7,-1.000,0
15.9372,-3.51,-0.00,7.73,30.93,0.07,7,7,-1.000,0
15.9417,-3.50,0.01,7.70,30.90,0.04,7,7,-1.000,0
15.9455,-3.38,0.12,7.69,31.13,0.26,7,7,-1.000,0
15.9496,-3.45,-0.07,7.77,31.02,0.17,7,7,-1.000,0
15.9538,-3.49,-0.03,7.75,31.02,0.03,7,7,-1.000,0
15.9583,-3.55,-0.06,7.63,31.12,0.15,7,7,-1.000,0
15.9623,-3.62,-0.07,7.55,31.16,0.09,7,7,-1.000,0
15.9663,-3.66,-0.03,7.54,31.18,0.04,7,7,-1.000,0
15.9705,-3.78,-0.12,7.44,31.20,0.11,7,7,-1.000,0
15.9750,-3.76,0.02,7.53,31.11,0.13,7,7,-1.000,0
15.9788,-3.79,-0.03,7.56,31.07,0.06,7,7,-1.000,0
15.9829,-3.84,-0.04,7.63,31.08,0.10,7,7,-1.000,0
15.9872,-3.84,0.00,7.66,31.08,0.03,7,7,-1.000,0
15.9916,-3.82,0.02,7.68,31.10,0.03,7,7,-1.000,0
15.9955,-3.68,0.14,7.94,31.16,0.23,7,7,-1.000,0
15.9996,-3.73,-0.04,7.99,31.02,0.16,7,7,-1.000,0
16.0039,-3.67,0.06,8.11,31.08,0.12,7,7,-1.000,0
16.0083,-3.75,-0.08,8.07,31.07,0.07,7,7,-1.000,0
16.0123,-3.98,-0.23,7.70,31.04,0.32,7,7,-1.000,0
16.0163,-4.01,-0.03,7.70,31.07,0.04,7,7,-1.000,0
16.0205,-4.04,-0.03,7.70,31.06,0.03,7,7,-1.000,0
16.0249,-4.02,0.02,7.67,31.25,0.20,7,7,-1.000,0
16.0289,-4.05,-0.03,7.62,31.20,0.07,7,7,-1.000,0
16.0329,-4.03,0.02,7.53,31.35,0.18,7,7,-1.000,0
16.0371,-4.05,-0.02,7.59,31.29,0.09,7,7,-1.000,0
16.0414,-4.07,-0.02,7.52,31.31,0.06,7,7,-1.000,0
16.0454,-4.10,-0.03,7.47,31.45,0.15,7,7,-1.000,0
16.0496,-4.21,-0.11,7.33,31.46,0.13,7,7,-1.000,0
16.0539,-4.27,-0.06,7.31,31.45,0.05,7,7,-1.000,0
16.0583,-4.27,-0.00,7.32,31.44,0.01,7,7,-1.000,0
16.0621,-4.26,0.01,7.57,31.32,0.28,7,7,-1.000,0
16.0663,-4.20,0.06,7.58,31.31,0.05,7,7,-1.000,0
16.0705,-4.09,0.11,7.63,31.30,0.10,7,7,-1.000,0
16.0747,-4.09,0.00,7.55,31.27,0.09,7,7,-1.000,0
16.0787,-3.89,0.20,7.81,31.30,0.24,7,7,-1.000,0
16.0828,-3.86,0.03,7.84,31.34,0.04,7,7,-1.000,0
16.0874,-3.92,-0.07,7.79,31.33,0.06,7,7,-1.000,0
16.0913,-3.94,-0.01,7.86,31.36,0.08,7,7,-1.000,0
16.0954,-3.99,-0.05,7.88,31.39,0.08,7,7,-1.000,0
16.0996,-4.20,-0.21,7.52,31.27,0.33,7,7,-1.000,0
16.1043,-4.18,0.02,7.60,31.43,0.17,7,7,-1.000,0
16.1105,-4.24,-0.05,7.55,31.49,0.07,7,7,-1.000,0
16.1145,-4.23,0.01,7.58,31.48,0.03,7,7,-1.000,0
16.1184,-4.23,-0.00,7.51,31.38,0.12,7,7,-1.000,0
16.1228,-4.23,0.00,7.47,31.45,0.08,7,7,-1.000,0
16.1274,-4.27,-0.04,7.40,31.49,0.07,7,7,-1.000,0
16.1311,-4.35,-0.07,7.38,31.50,0.06,7,7,-1.000,0
16.1351,-4.36,-0.01,7.39,31.56,0.07,7,7,-1.000,0
16.1393,-4.42,-0.06,7.28,31.50,0.11,7,7,-1.000,0
16.1434,-4.47,-0.05,7.22,31.56,0.08,7,7,-1.000,0
16.1473,-4.40,0.07,7.28,31.61,0.08,7,7,-1.000,0
16.1515,-4.40,-0.00,7.27,31.64,0.03,7,7,-1.000,0
16.1566,-4.40,0.01,7.27,31.63,0.01,7,7,-1.000,0
16.1606,-4.39,0.00,7.20,31.64,0.07,7,7,-1.000,0
16.1651,-4.30,0.09,7.25,31.63,0.08,7,7,-1.000,0
16.1692,-4.29,0.01,7.13,31.69,0.14,7,7,-1.000,0
16.1725,-4.21,0.09,7.27,31.74,0.12,7,7,-1.000,0
16.1748,-4.25,-0.04,7.19,31.64,0.12,7,7,-1.000,0
16.1791,-4.24,0.01,7.23,31.63,0.04,7,7,-1.000,0
16.1833,-4.28,-0.04,7.09,31.69,0.14,7,7,-1.000,0
16.1875,-4.31,-0.03,7.04,31.76,0.08,7,7,-1.000,0
16.1915,-4.29,0.02,7.15,31.83,0.12,7,7,-1.000,0
16.1957,-4.28,0.00,7.16,31.76,0.07,7,7,-1.000,0
16.1998,-4.29,-0.00,7.24,31.90,0.16,7,7,-1.000,0
16.2040,-4.30,-0.02,7.26,32.00,0.10,7,7,-1.000,0
16.2083,-4.35,-0.05,7.20,32.11,0.12,7,7,-1.000,0
16.2122,-4.38,-0.03,7.20,32.12,0.03,7,7,-1.000,0
16.2164,-4.40,-0.02,7.22,32.05,0.08,7,7,-1.000,0
16.2207,-4.38,0.02,7.20,32.12,0.08,7,7,-1.000,0
16.2255,-4.38,-0.00,7.15,32.18,0.07,7,7,-1.000,0
16.2291,-4.33,0.05,7.19,32.13,0.06,7,7,-1.000,0
16.2330,-4.33,0.01,7.13,32.20,0.10,7,7,-1.000,0
16.2374,-4.28,0.05,7.14,32.21,0.05,7,7,-1.000,0
16.2418,-4.11,0.17,7.37,32.36,0.25,7,7,-1.000,0
16.2456,-4.10,0.01,7.42,32.29,0.08,7,7,-1.000,0
16.2497,-4.12,-0.02,7.42,32.31,0.03,7,7,-1.000,0
16.2542,-4.14,-0.02,7.37,32.27,0.06,7,7,-1.000,0
16.2584,-4.35,-0.21,7.14,32.33,0.22,7,7,-1.000,0
16.2621,-4.38,-0.03,6.99,32.36,0.13,7,7,-1.000,0
16.2663,-4.44,-0.06,6.89,32.24,0.15,7,7,-1.000,0
16.2706,-4.47,-0.03,6.87,32.25,0.03,7,7,-1.000,0
16.2751,-4.42,0.05,6.94,32.38,0.14,7,7,-1.000,0
16.2790,-4.44,-0.02,6.96,32.30,0.08,7,7,-1.000,0
16.2830,-4.47,-0.03,7.03,32.11,0.21,7,7,-1.000,0
16.2874,-4.45,0.02,7.17,31.90,0.25,7,7,-1.000,0
16.2918,-4.47,-0.02,7.13,31.88,0.04,7,7,-1.000,0
16.2956,-4.42,0.04,7.15,31.76,0.13,7,7,-1.000,0
16.2997,-4.46,-0.03,7.11,31.61,0.16,7,7,-1.000,0
16.3040,-4.49,-0.04,7.22,31.25,0.39,7,7,-1.000,0
16.3083,-4.48,0.01,7.04,31.14,0.22,7,7,-1.000,0
16.3122,-4.40,0.09,6.96,31.05,0.17,7,7,-1.000,0
16.3163,-4.28,0.12,6.99,30.92,0.17,7,7,-1.000,0
16.3204,-4.14,0.13,6.99,30.82,0.16,7,7,-1.000,0
16.3250,-4.00,0.15,7.12,30.68,0.19,7,7,-1.000,0
16.3290,-3.82,0.18,7.28,30.50,0.25,7,7,-1.000,0
16.3329,-3.69,0.13,7.42,30.43,0.15,7,7,-1.000,0
16.3373,-3.62,0.07,7.49,30.26,0.18,7,7,-1.000,0
16.3416,-3.46,0.15,7.47,30.31,0.18,7,7,-1.000,0
16.3454,-3.31,0.15,7.68,30.21,0.21,7,7,-1.000,0
16.3496,-3.16,0.15,7.76,30.23,0.14,7,7,-1.000,0
16.3538,-3.11,0.05,7.78,30.17,0.07,7,7,-1.000,0
16.3583,-3.06,0.05,7.84,30.23,0.08,7,7,-1.000,0
16.3621,-3.06,0.00,7.86,30.13,0.11,7,7,-1.000,0
16.3663,-2.99,0.07,8.07,30.04,0.20,7,7,-1.000,0
16.3705,-2.95,0.03,8.09,30.13,0.09,7,7,-1.000,0
16.3750,-2.91,0.05,8.16,30.23,0.12,7,7,-1.000,0
16.3789,-2.88,0.02,8.23,30.26,0.06,7,7,-1.000,0
16.3829,-2.95,-0.07,8.22,30.36,0.12,7,7,-1.000,0
16.3872,-3.00,-0.05,8.09,30.45,0.14,7,7,-1.000,0
16.3917,-3.33,-0.32,7.92,30.40,0.28,7,7,-1.000,0
16.3956,-3.46,-0.13,7.82,30.59,0.22,7,7,-1.000,0
16.3996,-3.49,-0.03,7.70,31.00,0.43,7,7,-1.000,0
16.4039,-3.67,-0.18,7.48,31.33,0.38,7,7,-1.000,0
16.4083,-3.78,-0.11,7.55,31.62,0.33,7,7,-1.000,0
16.4122,-4.15,-0.37,7.22,31.82,0.40,7,7,-1.000,0
16.4163,-4.50,-0.34,7.02,32.13,0.42,7,7,-1.000,0
16.4205,-4.79,-0.29,6.85,32.44,0.39,7,7,-1.000,0
16.4252,-5.04,-0.25,6.77,32.53,0.24,7,7,-1.000,0
16.4294,-5.35,-0.31,6.49,32.68,0.32,7,7,-1.000,0
16.4332,-5.60,-0.25,6.32,32.80,0.25,7,7,-1.000,0
16.4374,-5.78,-0.18,6.18,32.90,0.18,7,7,-1.000,0
16.4414,-5.88,-0.10,6.07,32.93,0.11,7,7,-1.000,0
16.4454,-5.88,-0.00,6.11,33.03,0.10,7,7,-1.000,0
16.4496,-5.90,-0.02,6.04,33.11,0.10,7,7,-1.000,0
16.4539,-6.03,-0.13,5.91,33.15,0.13,7,7,-1.000,0
16.4583,-5.81,0.22,6.07,33.34,0.27,7,7,-1.000,0
16.4622,-5.75,0.06,6.05,33.53,0.20,7,7,-1.000,0
16.4662,-5.74,0.01,6.12,33.35,0.19,7,7,-1.000,0
16.4705,-5.60,0.15,6.21,33.44,0.15,7,7,-1.000,0
16.4750,-5.55,0.05,6.27,33.36,0.09,7,7,-1.000,0
16.4790,-5.48,0.07,6.29,33.36,0.06,7,7,-1.000,0
16.4830,-5.34,0.14,6.25,33.54,0.24,7,7,-1.000,0
16.4871,-5.30,0.04,6.20,33.63,0.12,7,7,-1.000,0
16.4916,-5.21,0.09,6.31,33.58,0.11,7,7,-1.000,0
16.4956,-5.09,0.12,6.69,33.27,0.45,7,7,-1.000,0
16.4997,-5.01,0.08,6.72,33.36,0.12,7,7,-1.000,0
16.5038,-5.00,0.01,6.85,33.28,0.15,7,7,-1.000,0
16.5083,-5.04,-0.04,6.66,33.33,0.18,7,7,-1.000,0
16.5123,-5.04,-0.00,6.67,33.10,0.24,7,7,-1.000,0
16.5164,-5.11,-0.08,6.48,33.12,0.16,7,7,-1.000,0
16.5205,-5.03,0.08,6.61,33.23,0.15,7,7,-1.000,0
16.5250,-5.06,-0.03,6.62,33.26,0.04,7,7,-1.000,0
16.5290,-5.28,-0.22,6.42,33.35,0.22,7,7,-1.000,0
16.5329,-5.45,-0.17,6.30,33.30,0.15,7,7,-1.000,0
16.5373,-5.61,-0.17,6.11,33.31,0.17,7,7,-1.000,0
16.5416,-5.91,-0.29,5.83,33.32,0.27,7,7,-1.000,0
16.5456,-5.99,-0.09,5.81,33.43,0.14,7,7,-1.000,0
16.5497,-6.34,-0.35,5.38,33.47,0.38,7,7,-1.000,0
16.5538,-6.69,-0.34,4.72,33.70,0.59,7,7,-1.000,0
16.5583,-6.86,-0.18,4.34,33.92,0.39,7,7,-1.000,0
16.5624,-6.90,-0.04,4.34,34.01,0.09,7,7,-1.000,0
16.5663,-6.67,0.24,4.97,34.21,0.58,7,7,-1.000,0
16.5706,-6.81,-0.14,4.78,34.23,0.17,7,7,-1.000,0
16.5750,-7.15,-0.34,4.26,34.21,0.43,7,7,-1.000,0
16.5789,-8.21,-1.07,2.49,33.75,1.54,7,7,-1.000,0
16.5828,-8.44,-0.22,2.21,33.67,0.26,7,7,-1.000,0
16.5871,-8.20,0.24,2.26,33.79,0.24,7,7,-1.000,0
16.5916,-7.93,0.27,2.27,33.98,0.33,7,7,-1.000,0
16.5956,-7.87,0.05,2.16,33.93,0.16,7,7,-1.000,0
16.5995,-8.07,-0.20,2.06,33.70,0.29,7,7,-1.000,0
16.6040,-7.94,0.14,2.16,33.62,0.14,7,7,-1.000,0
16.6081,-7.42,0.52,2.46,33.84,0.48,7,7,-1.000,0
16.6122,-7.26,0.16,2.62,33.69,0.21,7,7,-1.000,0
16.6163,-6.11,1.15,4.17,34.00,1.36,7,7,-1.000,0
16.6205,-5.92,0.19,4.30,33.90,0.19,7,7,-1.000,0
16.6250,-5.77,0.15,4.51,33.83,0.19,7,7,-1.000,0
16.6289,-5.61,0.16,4.55,33.77,0.16,7,7,-1.000,0
16.6328,-5.49,0.12,4.45,33.68,0.22,7,7,-1.000,0
16.6373,-5.17,0.32,4.70,33.50,0.33,7,7,-1.000,0
16.6417,-5.27,-0.10,3.98,33.08,0.79,7,7,-1.000,0
16.6455,-4.95,0.31,4.01,32.89,0.36,7,7,-1.000,0
16.6497,-4.68,0.27,4.01,32.64,0.37,7,7,-1.000,0
16.6540,-4.25,0.43,4.34,32.66,0.38,7,7,-1.000,0
16.6583,-3.85,0.40,4.68,32.73,0.36,7,7,-1.000,0
16.6621,-3.63,0.22,4.78,32.79,0.19,7,7,-1.000,0
16.6663,-3.64,-0.00,4.31,32.60,0.51,7,7,-1.000,0
16.6705,-3.50,0.13,4.20,32.49,0.24,7,7,-1.000,0
16.6750,-3.43,0.08,4.07,32.48,0.18,7,7,-1.000,0
16.6790,-3.34,0.09,3.91,32.47,0.22,7,7,-1.000,0
16.6830,-3.32,0.02,3.75,32.47,0.17,7,7,-1.000,0
16.6872,-3.30,0.02,3.70,32.53,0.09,7,7,-1.000,0
16.6917,-3.33,-0.03,3.68,32.63,0.11,7,7,-1.000,0
16.6956,-3.35,-0.03,3.67,32.70,0.07,7,7,-1.000,0
16.6996,-3.48,-0.13,3.59,32.85,0.19,7,7,-1.000,0
16.7038,-3.66,-0.17,3.43,33.12,0.31,7,7,-1.000,0
16.7083,-3.79,-0.14,3.33,33.21,0.15,7,7,-1.000,0
16.7122,-3.89,-0.10,3.30,33.38,0.19,7,7,-1.000,0
16.7164,-4.01,-0.12,3.26,33.63,0.27,7,7,-1.000,0
16.7205,-4.15,-0.13,3.15,33.85,0.25,7,7,-1.000,0
16.7250,-4.26,-0.12,3.18,34.24,0.41,7,7,-1.000,0
16.7288,-4.44,-0.17,3.06,34.33,0.17,7,7,-1.000,0
16.7329,-4.67,-0.23,2.93,34.55,0.29,7,7,-1.000,0
16.7372,-4.89,-0.22,2.83,34.68,0.22,7,7,-1.000,0
16.7416,-5.18,-0.29,2.66,34.89,0.31,7,7,-1.000,0
16.7455,-5.43,-0.25,2.54,35.03,0.25,7,7,-1.000,0
16.7496,-5.63,-0.21,2.44,35.09,0.18,7,7,-1.000,0
16.7539,-5.81,-0.17,2.29,35.15,0.16,7,7,-1.000,0
16.7583,-5.98,-0.17,2.18,35.19,0.15,7,7,-1.000,0
16.7623,-6.11,-0.14,2.16,35.14,0.14,7,7,-1.000,0
16.7663,-6.29,-0.18,2.26,34.95,0.32,7,7,-1.000,0
16.7705,-6.31,-0.01,2.34,34.83,0.15,7,7,-1.000,0
16.7750,-6.08,0.22,2.67,34.86,0.27,7,7,-1.000,0
16.7789,-5.91,0.17,2.76,34.86,0.14,7,7,-1.000,0
16.7829,-5.73,0.19,2.95,34.87,0.18,7,7,-1.000,0
16.7872,-5.57,0.15,3.13,34.80,0.18,7,7,-1.000,0
16.7914,-5.45,0.12,3.25,34.75,0.12,7,7,-1.000,0
16.7954,-5.28,0.17,3.46,34.66,0.20,7,7,-1.000,0
16.7996,-5.16,0.13,3.64,34.62,0.15,7,7,-1.000,0
16.8040,-5.16,-0.01,3.72,34.45,0.19,7,7,-1.000,0
16.8080,-5.13,0.04,3.79,34.19,0.26,7,7,-1.000,0
16.8123,-5.13,-0.00,3.77,34.14,0.05,7,7,-1.000,0
16.8163,-5.07,0.05,3.87,34.03,0.13,7,7,-1.000,0
16.8205,-5.02,0.06,3.97,34.03,0.08,7,7,-1.000,0
16.8246,-4.92,0.10,4.08,33.96,0.12,7,7,-1.000,0
16.8290,-4.83,0.09,4.21,33.88,0.14,7,7,-1.000,0
16.8329,-4.82,0.01,4.12,33.96,0.13,7,7,-1.000,0
16.8373,-4.81,0.01,4.05,34.02,0.09,7,7,-1.000,0
16.8416,-4.74,0.06,4.15,33.97,0.10,7,7,-1.000,0
16.8455,-4.72,0.03,4.09,34.18,0.23,7,7,-1.000,0
16.8496,-4.70,0.02,4.11,34.42,0.23,7,7,-1.000,0
16.8539,-4.72,-0.02,4.02,34.73,0.33,7,7,-1.000,0
16.8584,-4.76,-0.04,4.00,34.89,0.16,7,7,-1.000,0
16.8623,-4.81,-0.05,3.92,35.00,0.13,7,7,-1.000,0
16.8663,-4.82,-0.01,3.87,35.05,0.06,7,7,-1.000,0
16.8705,-4.86,-0.04,3.69,35.14,0.19,7,7,-1.000,0
16.8748,-4.87,-0.00,3.60,35.07,0.11,7,7,-1.000,0
16.8787,-4.86,0.01,3.51,34.94,0.16,7,7,-1.000,0
16.8828,-4.79,0.07,3.49,34.90,0.10,7,7,-1.000,0
16.8874,-4.71,0.08,3.43,34.89,0.12,7,7,-1.000,0
16.8913,-4.59,0.12,3.47,34.89,0.10,7,7,-1.000,0
16.8955,-4.50,0.09,3.42,34.95,0.14,7,7,-1.000,0
16.8996,-4.34,0.16,3.52,34.98,0.14,7,7,-1.000,0
16.9038,-4.28,0.05,3.50,35.05,0.09,7,7,-1.000,0
16.9083,-4.22,0.07,3.50,35.13,0.11,7,7,-1.000,0
16.9122,-4.16,0.06,3.47,35.25,0.14,7,7,-1.000,0
16.9163,-4.12,0.05,3.49,35.35,0.10,7,7,-1.000,0
16.9205,-4.11,0.01,3.49,35.42,0.08,7,7,-1.000,0
16.9250,-4.08,0.03,3.50,35.60,0.18,7,7,-1.000,0
16.9289,-4.10,-0.02,3.41,35.75,0.17,7,7,-1.000,0
16.9329,-4.12,-0.03,3.40,35.91,0.16,7,7,-1.000,0
16.9372,-4.09,0.03,3.46,36.06,0.15,7,7,-1.000,0
16.9417,-4.11,-0.02,3.41,36.25,0.19,7,7,-1.000,0
16.9455,-4.09,0.02,3.44,36.36,0.11,7,7,-1.000,0
16.9495,-4.10,-0.00,3.47,36.48,0.13,7,7,-1.000,0
16.9537,-4.05,0.05,3.49,36.61,0.13,7,7,-1.000,0
16.9582,-4.00,0.04,3.50,36.72,0.12,7,7,-1.000,0
16.9622,-3.98,0.02,3.50,36.77,0.06,7,7,-1.000,0
16.9662,-3.94,0.04,3.44,36.90,0.16,7,7,-1.000,0
16.9705,-3.92,0.02,3.36,36.96,0.11,7,7,-1.000,0
16.9749,-3.88,0.05,3.29,37.06,0.14,7,7,-1.000,0
16.9790,-3.88,-0.01,3.26,37.10,0.06,7,7,-1.000,0
16.9829,-3.89,-0.00,3.15,37.07,0.11,7,7,-1.000,0
16.9872,-3.94,-0.06,3.05,37.05,0.08,7,7,-1.000,0
16.9917,-4.01,-0.07,2.98,37.03,0.07,7,7,-1.000,0
16.9956,-4.12,-0.11,2.74,37.10,0.21,7,7,-1.000,0
16.9996,-4.22,-0.10,2.52,37.16,0.19,7,7,-1.000,0
17.0040,-4.34,-0.11,2.23,37.24,0.26,7,7,-1.000,0
17.0083,-4.48,-0.15,1.97,37.27,0.21,7,7,-1.000,0
17.0124,-4.62,-0.13,1.72,37.31,0.20,7,7,-1.000,0
17.0167,-4.69,-0.07,1.58,37.45,0.18,7,7,-1.000,0
17.0205,-4.75,-0.06,1.40,37.64,0.24,7,7,-1.000,0
17.0251,-4.75,-0.01,1.20,37.81,0.26,7,7,-1.000,0
17.0288,-4.77,-0.02,0.97,37.94,0.26,7,7,-1.000,0
17.0329,-4.77,0.00,0.77,38.10,0.25,7,7,-1.000,0
17.0371,-4.79,-0.02,0.48,38.08,0.28,7,7,-1.000,0
17.0416,-4.78,0.01,0.22,38.26,0.32,7,7,-1.000,0
17.0455,-4.71,0.07,0.04,38.30,0.23,7,7,-1.000,0
17.0496,-4.69,0.02,-0.14,38.46,0.25,7,7,-1.000,0
17.0539,-4.51,0.18,-0.32,38.69,0.40,7,7,-1.000,0
17.0582,-4.43,0.08,-0.54,38.81,0.30,7,7,-1.000,0
17.0620,-4.31,0.12,-0.69,38.91,0.27,7,7,-1.000,0
17.0662,-4.22,0.10,-1.11,39.13,0.53,7,7,-1.000,0
17.0704,-4.10,0.11,-1.49,39.46,0.56,7,7,-1.000,0
17.0749,-4.04,0.06,-1.68,39.56,0.26,7,7,-1.000,0
17.0788,-4.12,-0.08,-2.07,39.62,0.35,7,7,-1.000,0
17.0828,-4.11,0.01,-2.21,39.69,0.16,7,7,-1.000,0
17.0872,-4.06,0.04,-2.22,39.68,0.05,7,7,-1.000,0
17.0915,-4.05,0.01,-2.16,39.55,0.14,7,7,-1.000,0
17.0953,-4.05,0.01,-2.15,39.53,0.02,7,7,-1.000,0
17.0994,-4.07,-0.02,-2.08,39.38,0.17,7,7,-1.000,0
17.1041,-4.11,-0.04,-2.00,39.44,0.13,7,7,-1.000,0
17.1102,-4.17,-0.06,-2.06,39.46,0.05,7,7,-1.000,0
17.1142,-4.19,-0.02,-2.11,39.45,0.04,7,7,-1.000,0
17.1182,-4.07,0.13,-1.97,39.39,0.13,7,7,-1.000,0
17.1225,-4.06,0.00,-2.07,39.40,0.10,7,7,-1.000,0
17.1265,-4.16,-0.09,-2.42,39.49,0.32,7,7,-1.000,0
17.1303,-4.11,0.04,-2.41,39.50,0.04,7,7,-1.000,0
17.1342,-4.04,0.07,-2.42,39.47,0.08,7,7,-1.000,0
17.1389,-3.95,0.09,-2.50,39.46,0.16,7,7,-1.000,0
17.1432,-3.97,-0.02,-2.75,39.63,0.29,7,7,-1.000,0
17.1474,-3.90,0.07,-2.82,39.66,0.13,7,7,-1.000,0
17.1523,-3.95,-0.06,-3.10,39.74,0.26,7,7,-1.000,0
17.1566,-4.02,-0.07,-3.32,39.80,0.19,7,7,-1.000,0
17.1601,-4.02,-0.00,-3.40,39.78,0.08,7,7,-1.000,0
17.1640,-4.17,-0.15,-3.74,39.85,0.28,7,7,-1.000,0
17.1683,-4.35,-0.18,-3.98,39.88,0.19,7,7,-1.000,0
17.1723,-4.39,-0.04,-3.99,39.96,0.09,7,7,-1.000,0
17.1765,-4.57,-0.18,-4.04,39.91,0.16,7,7,-1.000,0
17.1799,-4.79,-0.23,-4.19,39.91,0.17,7,7,-1.000,0
17.1832,-4.95,-0.16,-4.20,39.73,0.24,7,7,-1.000,0
17.1876,-5.03,-0.07,-4.20,39.46,0.28,7,7,-1.000,0
17.1915,-5.01,0.02,-4.05,39.41,0.15,7,7,-1.000,0
17.1954,-5.16,-0.15,-4.19,39.35,0.14,7,7,-1.000,0
17.1999,-5.30,-0.14,-4.31,39.26,0.15,7,7,-1.000,0
17.2039,-5.14,0.16,-4.01,38.89,0.45,7,7,-1.000,0
17.2079,-5.14,-0.01,-4.03,38.77,0.11,7,7,-1.000,0
17.2120,-5.18,-0.04,-4.12,38.74,0.08,7,7,-1.000,0
17.2162,-5.10,0.08,-4.18,38.60,0.19,7,7,-1.000,0
17.2204,-5.02,0.08,-4.41,38.50,0.30,7,7,-1.000,0
17.2249,-4.97,0.04,-4.42,38.39,0.12,7,7,-1.000,0
17.2288,-4.93,0.04,-4.55,38.32,0.17,7,7,-1.000,0
17.2328,-4.94,-0.01,-4.65,38.11,0.23,7,7,-1.000,0
17.2371,-4.98,-0.04,-4.93,38.03,0.27,7,7,-1.000,0
17.2415,-5.05,-0.07,-5.14,38.04,0.18,7,7,-1.000,0
17.2454,-4.87,0.17,-5.23,38.02,0.24,7,7,-1.000,0
17.2496,-4.81,0.07,-5.38,38.10,0.21,7,7,-1.000,0
17.2538,-4.64,0.17,-5.53,38.37,0.39,7,7,-1.000,0
17.2582,-4.55,0.09,-5.50,38.28,0.11,7,7,-1.000,0
17.2622,-4.52,0.03,-5.63,38.35,0.17,7,7,-1.000,0
17.2662,-4.31,0.21,-5.54,38.31,0.18,7,7,-1.000,0
17.2704,-4.14,0.17,-5.59,38.21,0.23,7,7,-1.000,0
17.2749,-4.19,-0.05,-6.23,38.62,0.74,7,7,-1.000,0
17.2788,-4.18,0.01,-6.77,38.91,0.62,7,7,-1.000,0
17.2828,-3.89,0.28,-6.83,38.93,0.33,7,7,-1.000,0
17.2871,-3.44,0.46,-6.95,38.97,0.54,7,7,-1.000,0
17.2916,-3.35,0.09,-7.12,38.89,0.24,7,7,-1.000,0
17.2956,-2.95,0.40,-7.59,39.49,0.98,7,7,-1.000,0
17.2996,-2.83,0.12,-8.07,39.80,0.65,7,7,-1.000,0
17.3038,-2.58,0.25,-8.35,40.21,0.63,7,7,-1.000,0
17.3083,-2.32,0.26,-8.57,40.51,0.53,7,7,-1.000,0
17.3122,-2.06,0.27,-8.92,40.85,0.65,7,7,-1.000,0
17.3163,-1.87,0.19,-9.20,41.26,0.59,7,7,-1.000,0
17.3205,-1.74,0.13,-9.48,41.53,0.47,7,7,-1.000,0
17.3247,-1.39,0.35,-9.61,42.10,0.72,7,7,-1.000,0
17.3287,-1.44,-0.05,-10.18,42.49,0.67,7,7,-1.000,0
17.3330,-1.30,0.14,-10.46,43.00,0.64,7,7,-1.000,0
17.3372,-1.08,0.22,-10.80,43.59,0.78,7,7,-1.000,0
17.3417,-1.04,0.04,-11.23,44.25,0.81,7,7,-1.000,0
17.3455,-0.92,0.12,-11.36,44.84,0.63,7,7,-1.000,0
17.3497,-0.95,-0.04,-11.60,45.33,0.54,7,7,-1.000,0
17.3538,-0.69,0.26,-11.42,45.70,0.41,7,7,-1.000,0
17.3583,-0.62,0.07,-11.41,46.07,0.38,7,7,-1.000,0
17.3622,-0.83,-0.21,-11.83,46.48,0.50,7,7,-1.000,0
17.3663,-1.02,-0.20,-12.11,46.77,0.35,7,7,-1.000,0
17.3705,-0.97,0.05,-12.44,47.54,0.85,7,7,-1.000,0
17.3749,-0.70,0.26,-11.82,47.33,0.51,7,7,-1.000,0
17.3789,-0.80,-0.09,-11.97,47.63,0.32,7,7,-1.000,0
17.3829,-0.95,-0.16,-12.34,48.20,0.63,7,7,-1.000,0
17.3873,-1.11,-0.16,-12.65,48.68,0.53,7,7,-1.000,0
17.3916,-1.08,0.03,-12.56,48.91,0.24,7,7,-1.000,0
17.3956,-0.97,0.11,-12.37,49.22,0.34,7,7,-1.000,0
17.3997,-0.60,0.37,-11.87,49.58,0.48,7,7,-1.000,0
17.4039,-0.33,0.26,-11.72,49.81,0.29,7,7,-1.000,0
17.4083,-0.35,-0.01,-11.59,50.19,0.40,7,7,-1.000,0
17.4121,-0.46,-0.11,-11.60,50.39,0.22,7,7,-1.000,0
17.4163,-0.01,0.45,-10.89,50.97,0.75,7,7,-1.000,0
17.4205,-0.09,-0.08,-10.91,51.14,0.18,7,7,-1.000,0
17.4250,-0.20,-0.11,-10.57,51.28,0.45,7,7,-1.000,0
17.4289,0.17,0.37,-10.00,51.70,0.56,7,7,-1.000,0
17.4328,0.32,0.15,-9.71,52.03,0.38,7,7,-1.000,0
17.4372,0.25,-0.07,-9.79,52.25,0.23,7,7,-1.000,0
17.4416,0.45,0.20,-9.19,52.62,0.59,7,7,-1.000,0
17.4456,0.51,0.06,-9.11,52.98,0.37,7,7,-1.000,0
17.4498,0.59,0.08,-9.04,53.35,0.37,7,7,-1.000,0
17.4542,0.48,-0.11,-9.02,53.55,0.23,7,7,-1.000,0
17.4584,0.54,0.06,-8.87,53.88,0.35,7,7,-1.000,0
17.4622,0.93,0.39,-8.40,54.33,0.53,7,7,-1.000,0
17.4663,0.84,-0.09,-8.60,54.80,0.49,7,7,-1.000,0
17.4704,0.79,-0.05,-8.48,55.11,0.35,7,7,-1.000,0
17.4749,0.91,0.12,-8.14,55.32,0.32,7,7,-1.000,0
17.4789,0.97,0.06,-7.89,55.51,0.28,7,7,-1.000,0
17.4829,0.93,-0.03,-7.76,55.68,0.23,7,7,-1.000,0
17.4870,1.08,0.14,-7.48,55.97,0.35,7,7,-1.000,0
17.4915,1.45,0.37,-7.16,56.31,0.40,7,7,-1.000,0
17.4954,1.49,0.04,-7.08,56.54,0.23,7,7,-1.000,0
17.4995,1.05,-0.44,-7.24,56.57,0.32,7,7,-1.000,0
17.5038,0.97,-0.08,-7.29,56.73,0.16,7,7,-1.000,0
17.5082,0.98,0.01,-7.32,56.86,0.14,7,7,-1.000,0
17.5122,0.81,-0.17,-7.38,56.91,0.13,7,7,-1.000,0
17.5162,0.68,-0.13,-7.46,56.93,0.08,7,7,-1.000,0
17.5203,0.68,-0.00,-7.44,57.07,0.14,7,7,-1.000,0
17.5250,1.10,0.42,-7.27,57.47,0.50,7,7,-1.000,0
17.5289,1.09,-0.00,-7.25,57.56,0.08,7,7,-1.000,0
17.5329,0.62,-0.48,-7.34,57.23,0.52,7,7,-1.000,0
17.5372,0.48,-0.14,-7.46,57.40,0.19,7,7,-1.000,0
17.5416,0.23,-0.25,-7.48,57.37,0.23,7,7,-1.000,0
17.5455,0.19,-0.04,-7.37,57.39,0.14,7,7,-1.000,0
17.5496,0.17,-0.02,-7.43,57.60,0.21,7,7,-1.000,0
17.5538,0.30,0.14,-7.29,57.79,0.21,7,7,-1.000,0
17.5582,0.42,0.12,-7.05,57.89,0.18,7,7,-1.000,0
17.5622,0.53,0.11,-6.76,57.88,0.21,7,7,-1.000,0
17.5663,0.49,-0.04,-6.61,57.87,0.19,7,7,-1.000,0
17.5704,1.07,0.58,-6.16,58.21,0.47,7,7,-1.000,0
17.5747,0.99,-0.09,-6.13,58.27,0.13,7,7,-1.000,0
17.5786,1.13,0.15,-6.01,58.50,0.24,7,7,-1.000,0
17.5827,1.26,0.13,-5.87,58.73,0.25,7,7,-1.000,0
17.5872,1.29,0.03,-5.65,58.77,0.20,7,7,-1.000,0
17.5916,1.41,0.12,-5.48,58.87,0.14,7,7,-1.000,0
17.5954,1.55,0.14,-5.24,58.93,0.15,7,7,-1.000,0
17.5995,1.53,-0.03,-5.25,59.08,0.15,7,7,-1.000,0
17.6037,1.64,0.11,-5.09,59.18,0.13,7,7,-1.000,0
17.6082,1.76,0.12,-4.84,59.24,0.16,7,7,-1.000,0
17.6121,1.54,-0.22,-4.87,59.30,0.21,7,7,-1.000,0
17.6162,1.40,-0.14,-4.83,59.19,0.21,7,7,-1.000,0
17.6205,1.23,-0.17,-4.93,59.19,0.10,7,7,-1.000,0
17.6250,1.05,-0.18,-5.04,59.15,0.12,7,7,-1.000,0
17.6288,0.72,-0.33,-5.45,59.28,0.25,7,7,-1.000,0
17.6328,0.63,-0.09,-5.76,59.47,0.30,7,7,-1.000,0
17.6371,0.73,0.10,-5.77,59.49,0.11,7,7,-1.000,0
17.6416,0.68,-0.05,-5.88,59.43,0.09,7,7,-1.000,0
17.6454,0.99,0.31,-5.51,59.13,0.35,7,7,-1.000,0
17.6496,0.98,-0.01,-5.55,59.04,0.10,7,7,-1.000,0
17.6538,1.04,0.06,-5.63,59.02,0.14,7,7,-1.000,0
17.6582,0.78,-0.26,-6.01,59.00,0.21,7,7,-1.000,0
17.6622,1.03,0.25,-6.11,59.17,0.38,7,7,-1.000,0
17.6661,1.24,0.21,-6.01,59.09,0.16,7,7,-1.000,0
17.6704,1.36,0.12,-6.01,59.04,0.13,7,7,-1.000,0
17.6748,1.61,0.25,-5.81,58.90,0.19,7,7,-1.000,0
17.6789,1.59,-0.02,-5.96,58.95,0.14,7,7,-1.000,0
17.6828,1.77,0.18,-5.78,58.82,0.16,7,7,-1.000,0
17.6870,1.85,0.08,-5.83,58.86,0.13,7,7,-1.000,0
17.6912,2.05,0.20,-5.70,58.83,0.12,7,7,-1.000,0
17.6953,2.39,0.33,-5.61,58.94,0.29,7,7,-1.000,0
17.6994,2.62,0.23,-5.40,58.87,0.14,7,7,-1.000,0
17.7037,2.90,0.28,-5.19,58.99,0.19,7,7,-1.000,0
17.7079,2.96,0.07,-5.36,59.30,0.38,7,7,-1.000,0
17.7120,3.10,0.14,-5.42,59.49,0.27,7,7,-1.000,0
17.7162,3.07,-0.03,-5.48,59.60,0.12,7,7,-1.000,0
17.7203,3.22,0.15,-5.39,59.77,0.18,7,7,-1.000,0
17.7246,3.15,-0.06,-5.36,59.90,0.16,7,7,-1.000,0
17.7287,2.84,-0.31,-5.72,60.21,0.36,7,7,-1.000,0
17.7329,2.85,0.01,-5.84,60.51,0.33,7,7,-1.000,0
17.7371,3.22,0.37,-5.65,60.80,0.36,7,7,-1.000,0
17.7417,2.95,-0.26,-5.99,60.99,0.26,7,7,-1.000,0
17.7455,3.04,0.08,-5.94,61.08,0.10,7,7,-1.000,0
17.7495,3.04,0.00,-5.95,61.13,0.06,7,7,-1.000,0
17.7537,2.95,-0.08,-6.18,61.32,0.25,7,7,-1.000,0
17.7581,2.97,0.01,-6.20,61.35,0.04,7,7,-1.000,0
17.7621,3.07,0.10,-6.20,61.41,0.12,7,7,-1.000,0
17.7662,3.06,-0.01,-6.37,61.52,0.20,7,7,-1.000,0
17.7705,3.20,0.14,-6.34,61.54,0.12,7,7,-1.000,0
17.7747,3.27,0.06,-6.52,61.75,0.31,7,7,-1.000,0
17.7787,3.10,-0.17,-6.69,61.78,0.09,7,7,-1.000,0
17.7828,3.29,0.19,-6.54,61.81,0.10,7,7,-1.000,0
17.7871,3.82,0.54,-6.47,62.36,0.73,7,7,-1.000,0
17.7914,4.38,0.56,-6.16,62.69,0.46,7,7,-1.000,0
17.7953,4.48,0.09,-6.12,62.86,0.18,7,7,-1.000,0
17.7994,4.78,0.31,-5.84,63.00,0.20,7,7,-1.000,0
17.8037,4.87,0.08,-5.63,63.04,0.14,7,7,-1.000,0
17.8079,4.86,-0.00,-5.63,63.19,0.16,7,7,-1.000,0
17.8120,4.87,0.01,-5.57,63.28,0.10,7,7,-1.000,0
17.8162,4.39,-0.49,-5.56,62.99,0.57,7,7,-1.000,0
17.8206,4.36,-0.03,-5.55,63.10,0.12,7,7,-1.000,0
17.8248,4.17,-0.19,-5.54,63.05,0.20,7,7,-1.000,0
17.8287,4.05,-0.12,-5.66,63.18,0.14,7,7,-1.000,0
17.8334,3.90,-0.15,-5.73,63.19,0.10,7,7,-1.000,0
17.8373,4.13,0.23,-5.75,63.48,0.39,7,7,-1.000,0
17.8414,4.02,-0.11,-5.94,63.61,0.16,7,7,-1.000,0
17.8458,3.98,-0.04,-6.04,63.70,0.12,7,7,-1.000,0
17.8497,3.82,-0.17,-6.33,63.88,0.24,7,7,-1.000,0
17.8538,3.82,0.01,-6.36,63.89,0.03,7,7,-1.000,0
17.8581,3.31,-0.51,-6.79,63.84,0.23,7,7,-1.000,0
17.8620,3.47,0.16,-6.70,63.88,0.10,7,7,-1.000,0
17.8662,3.32,-0.15,-7.02,64.04,0.25,7,7,-1.000,0
17.8703,3.33,0.01,-7.03,64.07,0.04,7,7,-1.000,0
17.8748,3.23,-0.09,-7.19,64.13,0.10,7,7,-1.000,0
17.8788,3.22,-0.02,-7.23,64.16,0.04,7,7,-1.000,0
17.8830,3.33,0.11,-7.15,64.21,0.07,7,7,-1.000,0
17.8872,3.19,-0.14,-7.25,64.24,0.08,7,7,-1.000,0
17.8914,3.10,-0.09,-7.43,64.42,0.21,7,7,-1.000,0
17.8955,3.10,-0.00,-7.36,64.38,0.09,7,7,-1.000,0
17.8995,2.98,-0.12,-7.60,64.59,0.26,7,7,-1.000,0
17.9038,3.12,0.14,-7.51,64.64,0.08,7,7,-1.000,0
17.9082,3.09,-0.03,-7.58,64.69,0.07,7,7,-1.000,0
17.9123,3.10,0.01,-7.63,64.73,0.07,7,7,-1.000,0
17.9162,2.87,-0.23,-7.86,64.74,0.10,7,7,-1.000,0
17.9205,2.94,0.07,-7.97,64.88,0.23,7,7,-1.000,0
17.9248,3.15,0.21,-7.87,64.94,0.14,7,7,-1.000,0
17.9290,3.09,-0.06,-8.01,64.97,0.09,7,7,-1.000,0
17.9329,3.14,0.05,-8.00,64.91,0.07,7,7,-1.000,0
17.9371,3.08,-0.06,-8.07,64.90,0.03,7,7,-1.000,0
17.9413,2.88,-0.20,-8.40,65.01,0.20,7,7,-1.000,0
17.9458,2.87,-0.02,-8.55,65.13,0.17,7,7,-1.000,0
17.9496,2.96,0.10,-8.50,65.21,0.10,7,7,-1.000,0
17.9538,2.92,-0.05,-8.59,65.12,0.10,7,7,-1.000,0
17.9579,2.77,-0.15,-8.77,65.02,0.13,7,7,-1.000,0
17.9621,3.39,0.62,-8.44,65.24,0.41,7,7,-1.000,0
17.9661,3.53,0.14,-8.32,65.20,0.07,7,7,-1.000,0
17.9704,3.48,-0.05,-8.34,65.15,0.06,7,7,-1.000,0
17.9747,3.59,0.11,-8.30,65.19,0.09,7,7,-1.000,0
17.9790,3.69,0.10,-8.18,65.11,0.09,7,7,-1.000,0
17.9828,3.67,-0.03,-8.23,65.11,0.02,7,7,-1.000,0
17.9870,3.56,-0.11,-8.35,65.08,0.06,7,7,-1.000,0
17.9912,3.34,-0.22,-8.56,65.06,0.10,7,7,-1.000,0
17.9953,3.32,-0.02,-8.60,65.07,0.02,7,7,-1.000,0
17.9993,3.24,-0.08,-8.70,65.08,0.05,7,7,-1.000,0
18.0037,3.18,-0.06,-8.77,65.04,0.05,7,7,-1.000,0
18.0082,3.04,-0.14,-8.92,65.03,0.07,7,7,-1.000,0
18.0122,3.02,-0.02,-8.96,65.00,0.03,7,7,-1.000,0
18.0162,2.98,-0.04,-9.05,65.03,0.07,7,7,-1.000,0
18.0205,2.95,-0.03,-9.11,65.05,0.04,7,7,-1.000,0
18.0247,2.98,0.03,-9.10,65.02,0.03,7,7,-1.000,0
18.0290,2.90,-0.08,-9.23,65.08,0.09,7,7,-1.000,0
18.0329,2.90,0.00,-9.24,65.04,0.03,7,7,-1.000,0
18.0370,2.74,-0.16,-9.44,65.14,0.13,7,7,-1.000,0
18.0412,2.93,0.19,-9.34,65.23,0.13,7,7,-1.000,0
18.0453,3.15,0.23,-9.04,65.28,0.15,7,7,-1.000,0
18.0495,3.24,0.09,-8.96,65.36,0.09,7,7,-1.000,0
18.0538,3.21,-0.03,-8.94,65.39,0.06,7,7,-1.000,0
18.0581,3.07,-0.14,-9.10,65.49,0.12,7,7,-1.000,0
18.0621,3.02,-0.05,-9.15,65.58,0.09,7,7,-1.000,0
18.0662,2.93,-0.09,-9.27,65.75,0.17,7,7,-1.000,0
18.0705,2.92,-0.01,-9.25,65.93,0.18,7,7,-1.000,0
18.0745,2.77,-0.15,-9.32,66.05,0.16,7,7,-1.000,0
18.0786,3.15,0.39,-8.83,66.16,0.23,7,7,-1.000,0
18.0828,3.53,0.37,-8.42,66.32,0.23,7,7,-1.000,0
18.0870,3.29,-0.24,-8.61,66.43,0.15,7,7,-1.000,0
18.0914,3.31,0.02,-8.54,66.58,0.16,7,7,-1.000,0
18.0954,3.25,-0.05,-8.55,66.71,0.14,7,7,-1.000,0
18.0994,3.19,-0.06,-8.60,66.89,0.18,7,7,-1.000,0
18.1046,3.28,0.09,-8.49,67.04,0.15,7,7,-1.000,0
18.1102,3.19,-0.08,-8.49,67.06,0.09,7,7,-1.000,0
18.1143,3.14,-0.05,-8.65,67.27,0.25,7,7,-1.000,0
18.1184,3.24,0.10,-8.65,67.39,0.15,7,7,-1.000,0
18.1223,3.29,0.04,-8.67,67.38,0.06,7,7,-1.000,0
18.1267,3.13,-0.16,-8.81,67.35,0.07,7,7,-1.000,0
18.1319,3.08,-0.04,-8.92,67.33,0.08,7,7,-1.000,0
18.1355,3.37,0.29,-8.65,67.27,0.13,7,7,-1.000,0
18.1406,3.50,0.13,-8.60,67.35,0.12,7,7,-1.000,0
18.1442,4.02,0.51,-8.10,67.33,0.20,7,7,-1.000,0
18.1476,3.93,-0.08,-8.12,67.37,0.08,7,7,-1.000,0
18.1517,4.22,0.29,-7.76,67.47,0.18,7,7,-1.000,0
18.1558,4.06,-0.16,-7.92,67.78,0.31,7,7,-1.000,0
18.1606,3.57,-0.48,-8.37,68.18,0.44,7,7,-1.000,0
18.1646,3.10,-0.48,-8.80,68.76,0.60,7,7,-1.000,0
18.1683,2.64,-0.45,-8.99,69.32,0.63,7,7,-1.000,0
18.1723,2.18,-0.46,-9.11,69.85,0.64,7,7,-1.000,0
18.1757,1.78,-0.40,-9.20,70.29,0.55,7,7,-1.000,0
18.1789,0.99,-0.79,-9.71,71.06,0.84,7,7,-1.000,0
18.1832,0.02,-0.97,-10.39,71.80,0.83,7,7,-1.000,0
18.1871,-0.72,-0.74,-10.92,72.34,0.61,7,7,-1.000,0
18.1913,-1.62,-0.90,-11.47,72.94,0.72,7,7,-1.000,0
18.1957,-2.29,-0.67,-11.72,73.18,0.51,7,7,-1.000,0
18.1995,-3.46,-1.17,-12.52,73.40,0.51,7,7,-1.000,0
18.2042,-4.47,-1.01,-13.60,73.99,0.66,7,7,-1.000,0
18.2081,-5.34,-0.88,-14.34,74.31,0.42,7,7,-1.000,0
18.2121,-6.03,-0.69,-14.93,74.58,0.34,7,7,-1.000,0
18.2162,-7.14,-1.11,-15.78,74.89,0.47,7,7,-1.000,0
18.2205,-8.33,-1.19,-16.90,74.89,0.31,7,7,-1.000,0
18.2246,-9.23,-0.90,-17.70,75.03,0.28,7,7,-1.000,0
18.2286,-10.34,-1.11,-18.71,75.17,0.33,7,7,-1.000,0
18.2328,-11.81,-1.47,-20.10,75.40,0.44,7,7,-1.000,0
18.2371,-12.78,-0.96,-20.96,75.53,0.29,7,7,-1.000,0
18.2418,-13.79,-1.01,-21.81,75.64,0.30,7,7,-1.000,0
18.2460,-15.13,-1.35,-22.92,75.76,0.40,7,7,-1.000,0
18.2496,-15.45,-0.32,-23.13,75.82,0.14,7,7,-1.000,0
18.2540,-15.90,-0.44,-23.50,75.86,0.13,7,7,-1.000,0
18.2582,-16.26,-0.36,-23.81,75.93,0.12,7,7,-1.000,0
18.2622,-15.82,0.43,-23.46,75.93,0.13,7,7,-1.000,0
18.2663,-15.55,0.28,-23.34,76.05,0.21,7,7,-1.000,0
18.2705,-15.52,0.03,-23.49,76.14,0.19,7,7,-1.000,0
18.2748,-14.02,1.51,-22.02,76.34,0.41,7,7,-1.000,0
18.2789,-14.68,-0.66,-22.82,76.41,0.23,7,7,-1.000,0
18.2829,-13.78,0.90,-22.00,76.57,0.27,7,7,-1.000,0
18.2870,-12.43,1.35,-20.94,76.98,0.57,7,7,-1.000,0
18.2914,-12.31,0.12,-20.95,77.04,0.15,7,7,-1.000,0
18.2956,-11.73,0.58,-20.44,77.32,0.31,7,7,-1.000,0
18.2995,-11.27,0.46,-20.07,77.68,0.38,7,7,-1.000,0
18.3038,-11.01,0.26,-19.94,78.09,0.43,7,7,-1.000,0
18.3080,-10.82,0.19,-19.74,78.37,0.28,7,7,-1.000,0
18.3121,-10.56,0.26,-19.55,78.83,0.47,7,7,-1.000,0
18.3161,-9.94,0.62,-18.88,79.15,0.35,7,7,-1.000,0
18.3203,-10.59,-0.65,-19.53,79.59,0.46,7,7,-1.000,0
18.3247,-10.60,-0.01,-19.37,79.86,0.32,7,7,-1.000,0
18.3288,-10.14,0.46,-18.75,80.10,0.31,7,7,-1.000,0
18.3328,-9.39,0.75,-17.73,80.29,0.36,7,7,-1.000,0
18.3372,-8.68,0.71,-16.89,80.63,0.39,7,7,-1.000,0
18.3415,-7.68,1.00,-15.70,80.87,0.35,7,7,-1.000,0
18.3454,-6.40,1.29,-14.16,81.06,0.39,7,7,-1.000,0
18.3494,-4.95,1.45,-12.42,81.21,0.41,7,7,-1.000,0
18.3537,-3.36,1.59,-10.63,81.33,0.35,7,7,-1.000,0
18.3581,-1.82,1.54,-8.89,81.35,0.32,7,7,-1.000,0
18.3621,0.27,2.09,-6.52,81.21,0.46,7,7,-1.000,0
18.3662,2.04,1.77,-4.63,81.03,0.36,7,7,-1.000,0
18.3704,3.56,1.51,-3.07,80.85,0.31,7,7,-1.000,0
18.3746,5.56,2.01,-1.04,80.49,0.48,7,7,-1.000,0
18.3785,6.40,0.84,-0.16,80.10,0.42,7,7,-1.000,0
18.3828,6.99,0.59,0.48,79.64,0.47,7,7,-1.000,0
18.3871,6.89,-0.11,0.42,79.30,0.35,7,7,-1.000,0
18.3914,7.55,0.66,1.20,78.77,0.56,7,7,-1.000,0
18.3953,7.70,0.16,1.46,78.40,0.38,7,7,-1.000,0
18.3994,8.27,0.57,2.24,78.01,0.47,7,7,-1.000,0
18.4038,8.32,0.04,2.65,77.58,0.56,7,7,-1.000,0
18.4082,8.00,-0.32,2.76,77.19,0.58,7,7,-1.000,0
18.4121,8.78,0.78,3.65,77.13,0.22,7,7,-1.000,0
18.4162,9.21,0.42,4.29,77.09,0.25,7,7,-1.000,0
18.4204,8.78,-0.42,4.11,77.00,0.27,7,7,-1.000,0
18.4247,8.55,-0.23,4.26,76.88,0.40,7,7,-1.000,0
18.4288,9.47,0.92,5.37,76.92,0.30,7,7,-1.000,0
18.4329,9.56,0.09,5.74,76.92,0.28,7,7,-1.000,0
18.4370,9.50,-0.06,5.86,76.93,0.18,7,7,-1.000,0
18.4414,9.97,0.47,6.27,77.11,0.21,7,7,-1.000,0
18.4457,9.96,-0.01,6.30,77.21,0.11,7,7,-1.000,0
18.4494,9.84,-0.12,6.23,77.27,0.08,7,7,-1.000,0
18.4536,9.74,-0.10,6.19,77.32,0.08,7,7,-1.000,0
18.4581,10.17,0.43,6.63,77.36,0.10,7,7,-1.000,0
18.4627,11.47,1.30,7.79,77.36,0.30,7,7,-1.000,0
18.4666,11.37,-0.10,7.61,77.37,0.08,7,7,-1.000,0
18.4710,11.37,-0.00,7.58,77.21,0.16,7,7,-1.000,0
18.4749,11.53,0.16,7.58,77.16,0.17,7,7,-1.000,0
18.4787,12.16,0.63,7.94,77.19,0.30,7,7,-1.000,0
18.4828,12.18,0.02,7.96,77.09,0.10,7,7,-1.000,0
18.4871,12.15,-0.02,7.94,77.11,0.02,7,7,-1.000,0
18.4916,12.03,-0.13,7.95,77.10,0.14,7,7,-1.000,0
18.4955,11.84,-0.18,7.94,77.11,0.17,7,7,-1.000,0
18.4994,11.86,0.02,8.00,77.23,0.13,7,7,-1.000,0
18.5037,11.48,-0.38,7.77,77.18,0.17,7,7,-1.000,0
18.5083,11.02,-0.46,7.41,77.36,0.23,7,7,-1.000,0
18.5122,10.77,-0.25,7.38,77.43,0.23,7,7,-1.000,0
18.5162,9.91,-0.86,6.74,77.47,0.28,7,7,-1.000,0
18.5204,9.39,-0.51,6.38,77.50,0.18,7,7,-1.000,0
18.5249,9.58,0.19,6.64,77.55,0.10,7,7,-1.000,0
18.5288,9.71,0.13,6.82,77.57,0.07,7,7,-1.000,0
18.5328,8.93,-0.77,6.12,77.73,0.23,7,7,-1.000,0
18.5371,8.87,-0.07,6.11,77.81,0.11,7,7,-1.000,0
18.5416,8.23,-0.63,5.61,77.86,0.18,7,7,-1.000,0
18.5454,8.23,-0.00,5.72,77.87,0.12,7,7,-1.000,0
18.5494,8.27,0.05,5.91,77.91,0.15,7,7,-1.000,0
18.5537,8.38,0.10,6.20,77.92,0.20,7,7,-1.000,0
18.5581,8.90,0.52,6.96,78.00,0.28,7,7,-1.000,0
18.5621,10.35,1.46,8.68,77.92,0.44,7,7,-1.000,0
18.5662,10.72,0.36,9.19,77.94,0.17,7,7,-1.000,0
18.5703,10.86,0.14,9.55,78.05,0.25,7,7,-1.000,0
18.5749,10.54,-0.32,9.57,78.21,0.38,7,7,-1.000,0
18.5788,11.20,0.67,10.53,78.22,0.33,7,7,-1.000,0
18.5829,12.07,0.86,11.65,78.20,0.33,7,7,-1.000,0
18.5872,13.84,1.77,13.61,78.24,0.43,7,7,-1.000,0
18.5917,14.46,0.61,14.61,78.27,0.42,7,7,-1.000,0
18.5956,15.64,1.18,16.06,78.26,0.38,7,7,-1.000,0
18.5995,17.63,2.00,18.42,78.09,0.60,7,7,-1.000,0
18.6038,19.68,2.05,20.76,78.09,0.54,7,7,-1.000,0
18.6083,20.35,0.66,21.75,78.13,0.37,7,7,-1.000,0
18.6122,20.75,0.40,22.60,78.14,0.46,7,7,-1.000,0
18.6163,20.52,-0.23,22.90,78.25,0.55,7,7,-1.000,0
18.6204,21.08,0.56,23.78,78.29,0.35,7,7,-1.000,0
18.6249,22.45,1.37,25.55,78.18,0.52,7,7,-1.000,0
18.6288,24.98,2.53,28.37,78.07,0.63,7,7,-1.000,0
18.6329,25.45,0.47,29.26,77.98,0.45,7,7,-1.000,0
18.6373,27.11,1.65,31.35,77.85,0.60,7,7,-1.000,0
18.6416,27.99,0.88,32.71,77.77,0.54,7,7,-1.000,0
18.6455,28.06,0.07,33.24,77.78,0.46,7,7,-1.000,0
18.6495,27.49,-0.57,33.24,77.95,0.60,7,7,-1.000,0
18.6538,27.57,0.07,34.05,77.71,0.77,7,7,-1.000,0
18.6583,27.77,0.20,34.51,78.00,0.40,7,7,-1.000,0
18.6622,25.40,-2.36,32.98,78.03,0.92,7,7,-1.000,0
18.6662,29.11,3.71,36.42,78.12,0.79,7,7,-1.000,0
18.6705,29.13,0.02,36.81,78.26,0.39,7,7,-1.000,0
18.6749,28.86,-0.27,36.86,78.29,0.33,7,7,-1.000,0
18.6788,24.78,-4.08,33.81,77.95,1.31,7,7,-1.000,0
18.6829,25.33,0.55,34.48,77.81,0.22,7,7,-1.000,0
18.6873,25.13,-0.20,34.39,78.00,0.22,7,7,-1.000,0
18.6917,25.25,0.12,34.64,78.13,0.20,7,7,-1.000,0
18.6956,25.01,-0.24,34.57,78.19,0.18,7,7,-1.000,0
18.6996,24.91,-0.10,34.62,78.11,0.17,7,7,-1.000,0
18.7039,24.60,-0.32,34.54,77.98,0.28,7,7,-1.000,0
18.7084,24.58,-0.01,34.51,78.10,0.12,7,7,-1.000,0
18.7122,24.68,0.09,34.64,77.98,0.12,7,7,-1.000,0
18.7163,23.80,-0.88,34.23,77.53,0.66,7,7,-1.000,0
18.7206,24.42,0.62,34.54,77.86,0.46,7,7,-1.000,0
18.7247,25.18,0.76,35.49,77.62,0.35,7,7,-1.000,0
18.7286,28.05,2.87,37.78,77.85,0.83,7,7,-1.000,0
18.7330,26.92,-1.14,36.88,77.73,0.34,7,7,-1.000,0
18.7371,26.66,-0.25,36.46,77.62,0.21,7,7,-1.000,0
18.7416,25.99,-0.67,35.93,77.22,0.45,7,7,-1.000,0
18.7454,27.97,1.98,37.49,77.39,0.60,7,7,-1.000,0
18.7494,28.62,0.65,37.96,77.25,0.26,7,7,-1.000,0
18.7538,28.02,-0.60,37.38,77.15,0.16,7,7,-1.000,0
18.7582,27.95,-0.07,37.34,76.89,0.26,7,7,-1.000,0
18.7622,27.57,-0.39,37.04,76.68,0.24,7,7,-1.000,0
18.7662,26.97,-0.60,36.34,76.80,0.22,7,7,-1.000,0
18.7704,26.54,-0.43,35.69,76.98,0.31,7,7,-1.000,0
18.7749,25.65,-0.89,35.03,76.70,0.40,7,7,-1.000,0
18.7788,26.56,0.90,35.60,76.63,0.38,7,7,-1.000,0
18.7829,26.05,-0.50,35.04,76.58,0.14,7,7,-1.000,0
18.7871,26.59,0.54,35.28,76.83,0.39,7,7,-1.000,0
18.7916,25.86,-0.73,34.59,76.86,0.17,7,7,-1.000,0
18.7956,25.07,-0.79,33.85,76.76,0.21,7,7,-1.000,0
18.7995,25.23,0.16,33.81,76.82,0.20,7,7,-1.000,0
18.8039,25.52,0.30,33.78,76.93,0.35,7,7,-1.000,0
18.8080,26.67,1.14,34.78,77.02,0.29,7,7,-1.000,0
18.8125,25.13,-1.53,33.45,76.77,0.46,7,7,-1.000,0
18.8164,25.88,0.75,33.85,76.97,0.42,7,7,-1.000,0
18.8205,26.64,0.76,34.36,77.06,0.30,7,7,-1.000,0
18.8247,25.97,-0.67,33.89,76.86,0.31,7,7,-1.000,0
18.8288,26.54,0.57,34.36,76.86,0.16,7,7,-1.000,0
18.8330,27.14,0.60,34.80,77.00,0.24,7,7,-1.000,0
18.8372,28.17,1.04,35.66,77.03,0.28,7,7,-1.000,0
18.8417,28.85,0.67,36.07,77.15,0.31,7,7,-1.000,0
18.8455,29.41,0.56,36.51,77.03,0.20,7,7,-1.000,0
18.8495,29.64,0.24,36.70,77.02,0.07,7,7,-1.000,0
18.8540,30.77,1.13,37.65,77.02,0.29,7,7,-1.000,0
18.8580,31.01,0.24,37.76,77.24,0.26,7,7,-1.000,0
18.8622,31.63,0.62,38.17,77.44,0.31,7,7,-1.000,0
18.8663,32.44,0.81,38.68,77.72,0.43,7,7,-1.000,0
18.8705,32.38,-0.05,38.47,77.84,0.20,7,7,-1.000,0
18.8747,31.72,-0.66,37.95,77.87,0.19,7,7,-1.000,0
18.8787,32.77,1.05,38.92,78.00,0.26,7,7,-1.000,0
18.8829,32.80,0.03,38.91,78.22,0.22,7,7,-1.000,0
18.8872,33.21,0.41,39.20,78.50,0.32,7,7,-1.000,0
18.8917,28.93,-4.28,35.63,78.56,1.06,7,7,-1.000,0
18.8955,29.02,0.09,35.52,78.86,0.36,7,7,-1.000,0
18.8995,29.55,0.53,35.83,78.90,0.24,7,7,-1.000,0
18.9038,29.33,-0.21,35.63,79.15,0.25,7,7,-1.000,0
18.9083,29.87,0.54,36.00,79.58,0.47,7,7,-1.000,0
18.9122,29.71,-0.16,35.89,79.75,0.18,7,7,-1.000,0
18.9163,30.11,0.40,36.09,79.82,0.22,7,7,-1.000,0
18.9205,31.23,1.12,36.87,80.10,0.47,7,7,-1.000,0
18.9250,32.76,1.54,38.04,80.26,0.46,7,7,-1.000,0
18.9289,33.79,1.03,38.87,80.73,0.53,7,7,-1.000,0
18.9329,34.94,1.15,39.94,80.89,0.25,7,7,-1.000,0
18.9372,35.24,0.30,40.01,81.06,0.29,7,7,-1.000,0
18.9417,36.31,1.07,40.71,81.53,0.62,7,7,-1.000,0
18.9456,37.14,0.83,41.47,81.82,0.32,7,7,-1.000,0
18.9495,39.38,2.24,43.55,82.15,0.47,7,7,-1.000,0
18.9538,40.60,1.22,44.64,82.71,0.60,7,7,-1.000,0
18.9583,39.39,-1.22,43.40,82.89,0.24,7,7,-1.000,0
18.9622,41.26,1.87,45.12,83.35,0.53,7,7,-1.000,0
18.9662,42.77,1.51,46.66,83.65,0.34,7,7,-1.000,0
18.9704,42.80,0.03,46.69,84.27,0.63,7,7,-1.000,0
18.9751,43.38,0.58,47.21,84.71,0.45,7,7,-1.000,0
18.9789,46.00,2.61,49.77,84.66,0.25,7,7,-1.000,0
18.9830,48.71,2.71,52.39,85.39,0.78,7,7,-1.000,0
18.9871,48.69,-0.02,52.35,85.65,0.26,7,7,-1.000,0
18.9917,51.72,3.03,55.47,86.02,0.43,7,7,-1.000,0
18.9956,54.60,2.87,58.39,86.48,0.50,7,7,-1.000,0
18.9995,58.80,4.21,62.56,87.08,0.64,7,7,-1.000,0
19.0038,66.37,7.56,70.21,87.29,0.44,7,7,-1.000,0
19.0083,74.32,7.95,78.26,87.50,0.43,7,7,-1.000,0
19.0122,82.85,8.53,86.80,87.95,0.56,7,7,-1.000,0
19.0163,95.11,12.27,99.05,88.07,0.44,7,7,-1.000,0
19.0205,108.45,13.34,112.43,88.13,0.45,7,7,-1.000,0
19.0250,120.85,12.40,124.69,87.96,0.47,7,7,-1.000,0
19.0289,127.90,7.05,131.67,87.69,0.38,7,7,-1.000,0
19.0330,134.02,6.12,137.77,87.51,0.31,7,7,-1.000,0
19.0372,140.34,6.32,143.92,87.24,0.44,7,7,-1.000,0
19.0417,142.81,2.47,146.30,87.01,0.27,7,7,-1.000,0
19.0456,146.46,3.65,149.67,86.49,0.63,7,7,-1.000,0
19.0495,149.18,2.72,152.36,86.24,0.31,7,7,-1.000,0
19.0540,151.46,2.27,154.47,85.83,0.47,7,7,-1.000,0
19.0580,152.53,1.07,155.47,85.43,0.41,7,7,-1.000,0
19.0621,154.84,2.31,157.70,85.04,0.44,7,7,-1.000,0
19.0662,155.88,1.04,158.96,84.71,0.41,7,7,-1.000,0
19.0705,158.04,2.16,160.72,83.80,1.01,7,7,-1.000,0
19.0751,160.75,2.71,163.63,83.48,0.49,7,7,-1.000,0
19.0789,162.83,2.08,165.76,82.90,0.63,7,7,-1.000,0
19.0828,164.71,1.88,167.90,82.65,0.44,7,7,-1.000,0
19.0872,167.93,3.21,171.14,81.96,0.81,7,7,-1.000,0
19.0917,166.32,-1.61,168.45,80.24,2.06,7,7,-1.000,0
19.0955,167.92,1.60,169.72,79.30,1.03,7,7,-1.000,0
19.0995,169.39,1.47,171.78,79.31,0.67,7,7,-1.000,0
19.1043,170.73,1.34,173.05,78.88,0.50,7,7,-1.000,0
19.1097,172.39,1.66,174.66,78.51,0.50,7,7,-1.000,0
19.1135,173.89,1.50,176.12,78.09,0.51,7,7,-1.000,0
19.1171,174.37,0.49,176.63,77.42,0.68,7,7,-1.000,0
19.1218,174.35,-0.03,176.40,77.28,0.25,7,7,-1.000,0
19.1263,175.85,1.50,177.76,76.87,0.54,7,7,-1.000,0
19.1302,176.33,0.48,178.21,76.58,0.31,7,7,-1.000,0
19.1345,175.67,-0.66,177.27,76.28,0.44,7,7,-1.000,0
19.1388,175.66,-0.01,177.06,75.69,0.62,7,7,-1.000,0
19.1431,176.20,0.54,177.21,75.15,0.68,7,7,-1.000,0
19.1474,175.46,-0.74,175.96,74.51,0.86,7,7,-1.000,0
19.1514,174.72,-0.73,175.61,74.56,0.41,7,7,-1.000,0
19.1561,174.65,-0.08,175.18,74.05,0.62,7,7,-1.000,0
19.1603,173.27,-1.37,174.10,74.11,0.45,7,7,-1.000,0
19.1651,172.58,-0.69,173.11,73.09,1.09,7,7,-1.000,0
19.1682,171.24,-1.34,172.44,73.57,0.87,7,7,-1.000,0
19.1720,169.36,-1.88,171.27,73.50,0.84,7,7,-1.000,0
19.1761,169.64,0.28,171.50,73.16,0.35,7,7,-1.000,0
19.1794,170.82,1.18,172.28,72.32,0.97,7,7,-1.000,0
19.1831,170.83,0.00,172.44,71.92,0.44,7,7,-1.000,0
19.1873,170.00,-0.83,172.17,71.77,0.60,7,7,-1.000,0
19.1918,171.19,1.20,172.95,71.21,0.77,7,7,-1.000,0
19.1957,172.17,0.97,173.39,70.68,0.77,7,7,-1.000,0
19.1998,172.42,0.26,173.46,70.03,0.68,7,7,-1.000,0
19.2042,172.70,0.27,173.88,69.99,0.19,7,7,-1.000,0
19.2080,172.74,0.04,173.58,69.75,0.42,7,7,-1.000,0
19.2122,172.78,0.05,173.29,69.37,0.50,7,7,-1.000,0
19.2163,172.66,-0.13,172.93,69.05,0.40,7,7,-1.000,0
19.2206,173.01,0.35,172.58,68.37,0.97,7,7,-1.000,0
19.2247,172.46,-0.55,171.46,68.06,0.72,7,7,-1.000,0
19.2287,172.35,-0.11,171.64,68.04,0.29,7,7,-1.000,0
19.2328,173.51,1.16,172.44,67.49,0.76,7,7,-1.000,0
19.2372,173.50,-0.01,172.20,67.17,0.39,7,7,-1.000,0
19.2417,172.92,-0.58,170.99,66.54,0.96,7,7,-1.000,0
19.2461,172.83,-0.09,171.32,66.39,0.44,7,7,-1.000,0
19.2495,173.03,0.20,171.61,66.11,0.32,7,7,-1.000,0
19.2539,173.52,0.49,172.24,65.82,0.40,7,7,-1.000,0
19.2585,173.12,-0.39,171.83,65.38,0.47,7,7,-1.000,0
19.2624,173.16,0.04,172.00,64.86,0.53,7,7,-1.000,0
19.2663,173.44,0.27,172.46,64.39,0.53,7,7,-1.000,0
19.2705,174.20,0.76,173.11,63.77,0.70,7,7,-1.000,0
19.2750,174.82,0.62,173.72,63.24,0.60,7,7,-1.000,0
19.2790,175.18,0.36,174.31,63.04,0.37,7,7,-1.000,0
19.2829,175.41,0.22,174.83,62.70,0.48,7,7,-1.000,0
19.2872,175.13,-0.28,174.57,62.36,0.36,7,7,-1.000,0
19.2917,175.31,0.18,174.70,61.88,0.49,7,7,-1.000,0
19.2954,175.66,0.35,174.88,61.35,0.57,7,7,-1.000,0
19.2994,175.99,0.33,175.27,61.08,0.33,7,7,-1.000,0
19.3038,175.79,-0.20,175.45,61.25,0.40,7,7,-1.000,0
19.3083,175.95,0.17,175.06,60.58,0.86,7,7,-1.000,0
19.3121,175.08,-0.87,174.31,60.55,0.43,7,7,-1.000,0
19.3162,175.48,0.40,174.17,59.91,0.82,7,7,-1.000,0
19.3204,175.84,0.35,174.09,59.30,0.75,7,7,-1.000,0
19.3249,175.78,-0.06,173.52,58.74,0.77,7,7,-1.000,0
19.3289,175.76,-0.02,172.96,58.08,0.85,7,7,-1.000,0
19.3329,176.23,0.48,172.16,56.79,1.78,7,7,-1.000,0
19.3372,176.32,0.08,172.36,56.31,0.49,7,7,-1.000,0
19.3417,176.31,-0.00,172.15,55.73,0.62,7,7,-1.000,0
19.3455,176.58,0.26,172.36,55.27,0.48,7,7,-1.000,0
19.3495,176.92,0.34,172.56,54.74,0.57,7,7,-1.000,0
19.3538,177.33,0.41,172.95,54.32,0.49,7,7,-1.000,0
19.3582,177.76,0.43,173.38,53.70,0.67,7,7,-1.000,0
19.3622,178.15,0.38,173.70,52.92,0.82,7,7,-1.000,0
19.3663,178.50,0.35,174.53,52.50,0.72,7,7,-1.000,0
19.3704,178.95,0.45,174.95,51.74,0.81,7,7,-1.000,0
19.3750,179.35,0.40,175.43,51.20,0.62,7,7,-1.000,0
19.3789,179.62,0.27,175.71,50.79,0.44,7,7,-1.000,0
19.3830,-179.86,0.53,176.10,50.03,0.84,7,7,-1.000,0
19.3873,-179.42,0.44,176.83,49.69,0.59,7,7,-1.000,0
19.3917,-179.11,0.30,177.13,49.21,0.52,7,7,-1.000,0
19.3956,-178.74,0.37,177.05,48.26,1.05,7,7,-1.000,0
19.3995,-178.54,0.20,176.80,47.55,0.82,7,7,-1.000,0
19.4039,-178.32,0.23,176.75,47.06,0.55,7,7,-1.000,0
19.4081,-178.28,0.04,176.68,46.79,0.29,7,7,-1.000,0
19.4122,-178.49,-0.21,176.29,46.61,0.33,7,7,-1.000,0
19.4162,-178.81,-0.32,175.61,46.54,0.50,7,7,-1.000,0
19.4204,-178.10,0.70,175.90,45.69,1.00,7,7,-1.000,0
19.4250,-177.91,0.19,176.09,45.64,0.15,7,7,-1.000,0
19.4288,-177.87,0.04,175.97,45.30,0.37,7,7,-1.000,0
19.4329,-177.55,0.32,175.64,44.37,1.11,7,7,-1.000,0
19.4371,-177.45,0.10,175.72,44.01,0.37,7,7,-1.000,0
19.4416,-177.22,0.23,176.13,43.90,0.32,7,7,-1.000,0
19.4454,-177.11,0.10,176.33,43.64,0.30,7,7,-1.000,0
19.4494,-176.84,0.27,176.51,43.24,0.45,7,7,-1.000,0
19.4538,-176.59,0.25,176.54,42.76,0.52,7,7,-1.000,0
19.4582,-176.38,0.21,176.57,42.22,0.58,7,7,-1.000,0
19.4622,-176.15,0.23,176.83,41.96,0.33,7,7,-1.000,0
19.4662,-176.08,0.07,176.94,41.60,0.36,7,7,-1.000,0
19.4704,-175.91,0.17,177.21,41.40,0.29,7,7,-1.000,0
19.4749,-175.76,0.16,177.47,41.06,0.39,7,7,-1.000,0
19.4787,-175.82,-0.06,177.15,40.55,0.59,7,7,-1.000,0
19.4830,-175.57,0.25,177.32,39.96,0.62,7,7,-1.000,0
19.4876,-175.35,0.22,177.68,39.59,0.47,7,7,-1.000,0
19.4918,-175.09,0.25,177.92,39.04,0.58,7,7,-1.000,0
19.4956,-174.88,0.21,178.38,38.84,0.42,7,7,-1.000,0
19.4995,-174.63,0.25,178.89,38.36,0.63,7,7,-1.000,0
19.5038,-174.51,0.12,178.86,37.88,0.50,7,7,-1.000,0
19.5083,-174.39,0.12,178.98,37.31,0.58,7,7,-1.000,0
19.5122,-174.19,0.20,179.14,36.73,0.60,7,7,-1.000,0
19.5163,-173.98,0.21,179.40,36.22,0.55,7,7,-1.000,0
19.5205,-173.72,0.26,179.89,35.99,0.45,7,7,-1.000,0
19.5250,-173.54,0.18,180.00,35.43,0.58,7,7,-1.000,0
19.5289,-173.32,0.22,-179.86,34.96,0.51,7,7,-1.000,0
19.5330,-173.12,0.20,-179.58,34.57,0.45,7,7,-1.000,0
19.5373,-172.94,0.18,-178.92,34.53,0.59,7,7,-1.000,0
19.5417,-172.80,0.15,-178.32,34.47,0.53,7,7,-1.000,0
19.5456,-172.59,0.21,-178.17,34.08,0.43,7,7,-1.000,0
19.5495,-172.42,0.17,-178.17,33.59,0.51,7,7,-1.000,0
19.5538,-172.29,0.13,-178.27,33.02,0.60,7,7,-1.000,0
19.5583,-172.05,0.25,-178.03,32.74,0.37,7,7,-1.000,0
19.5622,-171.68,0.36,-177.93,32.28,0.56,7,7,-1.000,0
19.5663,-171.31,0.37,-178.07,31.58,0.84,7,7,-1.000,0
19.5705,-171.04,0.27,-177.97,31.16,0.48,7,7,-1.000,0
19.5750,-170.78,0.26,-177.86,30.81,0.42,7,7,-1.000,0
19.5789,-170.59,0.20,-178.03,30.17,0.71,7,7,-1.000,0
19.5830,-170.40,0.19,-177.89,29.75,0.45,7,7,-1.000,0
19.5872,-170.41,-0.02,-177.77,29.59,0.20,7,7,-1.000,0
19.5916,-170.23,0.18,-177.46,29.23,0.45,7,7,-1.000,0
19.5956,-170.06,0.17,-177.34,28.77,0.49,7,7,-1.000,0
19.5995,-169.88,0.18,-177.22,28.24,0.55,7,7,-1.000,0
19.6038,-169.73,0.16,-176.97,27.94,0.37,7,7,-1.000,0
19.6083,-169.60,0.12,-176.85,27.48,0.47,7,7,-1.000,0
19.6120,-169.51,0.09,-176.79,26.74,0.75,7,7,-1.000,0
19.6162,-169.45,0.06,-176.93,26.07,0.69,7,7,-1.000,0
19.6204,-169.36,0.09,-176.98,25.52,0.56,7,7,-1.000,0
19.6249,-169.24,0.12,-176.74,24.93,0.63,7,7,-1.000,0
19.6289,-169.07,0.17,-176.18,24.72,0.55,7,7,-1.000,0
19.6328,-168.91,0.15,-175.96,24.24,0.53,7,7,-1.000,0
19.6373,-168.78,0.14,-175.71,23.80,0.49,7,7,-1.000,0
19.6416,-168.72,0.05,-175.50,23.40,0.45,7,7,-1.000,0
19.6454,-168.61,0.11,-175.13,22.99,0.53,7,7,-1.000,0
19.6495,-168.51,0.10,-174.99,22.51,0.50,7,7,-1.000,0
19.6538,-168.29,0.22,-175.09,21.71,0.84,7,7,-1.000,0
19.6583,-168.00,0.29,-175.19,20.93,0.85,7,7,-1.000,0
19.6622,-167.82,0.18,-175.08,20.25,0.70,7,7,-1.000,0
19.6662,-167.57,0.25,-175.10,19.73,0.58,7,7,-1.000,0
19.6705,-167.34,0.23,-174.98,19.45,0.35,7,7,-1.000,0
19.6749,-167.12,0.22,-174.78,19.06,0.46,7,7,-1.000,0
19.6789,-166.84,0.28,-174.75,18.65,0.49,7,7,-1.000,0
19.6828,-166.67,0.17,-174.76,18.33,0.37,7,7,-1.000,0
19.6871,-166.52,0.14,-174.72,17.92,0.43,7,7,-1.000,0
19.6917,-166.45,0.08,-174.72,17.57,0.36,7,7,-1.000,0
19.6956,-166.36,0.08,-174.61,17.19,0.40,7,7,-1.000,0
19.6994,-166.32,0.04,-174.57,16.83,0.36,7,7,-1.000,0
19.7039,-166.27,0.04,-174.48,16.63,0.21,7,7,-1.000,0
19.7084,-166.28,-0.01,-174.42,16.26,0.38,7,7,-1.000,0
19.7122,-166.16,0.12,-174.09,16.19,0.32,7,7,-1.000,0
19.7164,-166.10,0.06,-173.82,15.87,0.40,7,7,-1.000,0
19.7205,-165.93,0.17,-173.49,15.48,0.51,7,7,-1.000,0
19.7249,-165.81,0.12,-173.30,15.14,0.39,7,7,-1.000,0
19.7288,-165.75,0.07,-173.33,14.73,0.42,7,7,-1.000,0
19.7330,-165.57,0.18,-173.18,14.36,0.42,7,7,-1.000,0
19.7372,-165.45,0.12,-173.09,14.08,0.31,7,7,-1.000,0
19.7417,-165.21,0.24,-173.07,13.73,0.42,7,7,-1.000,0
19.7456,-164.96,0.25,-172.89,13.54,0.33,7,7,-1.000,0
19.7495,-164.85,0.10,-172.93,13.14,0.42,7,7,-1.000,0
19.7539,-164.64,0.21,-172.94,13.01,0.26,7,7,-1.000,0
19.7583,-164.46,0.18,-172.81,12.66,0.40,7,7,-1.000,0
19.7621,-164.39,0.07,-172.82,12.25,0.42,7,7,-1.000,0
19.7662,-164.33,0.06,-172.83,12.01,0.24,7,7,-1.000,0
19.7706,-164.19,0.13,-172.83,11.79,0.27,7,7,-1.000,0
19.7749,-164.14,0.05,-172.86,11.43,0.37,7,7,-1.000,0
19.7789,-164.20,-0.05,-172.99,11.05,0.40,7,7,-1.000,0
19.7830,-164.07,0.13,-172.95,10.88,0.21,7,7,-1.000,0
19.7873,-164.13,-0.06,-173.01,10.41,0.48,7,7,-1.000,0
19.7918,-164.11,0.02,-173.10,10.22,0.21,7,7,-1.000,0
19.7957,-163.96,0.15,-173.12,10.03,0.25,7,7,-1.000,0
19.7996,-163.89,0.07,-173.30,9.73,0.36,7,7,-1.000,0
19.8040,-163.77,0.12,-173.21,9.38,0.38,7,7,-1.000,0
19.8081,-163.57,0.19,-173.16,9.12,0.33,7,7,-1.000,0
19.8123,-163.46,0.11,-173.19,8.76,0.38,7,7,-1.000,0
19.8165,-163.40,0.06,-173.20,8.54,0.23,7,7,-1.000,0
19.8210,-163.37,0.02,-173.21,8.18,0.36,7,7,-1.000,0
19.8251,-163.34,0.04,-173.37,7.79,0.43,7,7,-1.000,0
19.8293,-163.33,0.01,-173.39,7.50,0.29,7,7,-1.000,0
19.8334,-163.40,-0.08,-173.28,7.31,0.23,7,7,-1.000,0
19.8373,-163.47,-0.06,-173.27,6.87,0.45,7,7,-1.000,0
19.8419,-163.46,0.00,-173.24,6.61,0.27,7,7,-1.000,0
19.8456,-163.47,-0.00,-173.20,6.34,0.28,7,7,-1.000,0
19.8496,-163.48,-0.01,-173.06,6.19,0.20,7,7,-1.000,0
19.8540,-163.58,-0.10,-173.32,5.86,0.42,7,7,-1.000,0
19.8585,-163.66,-0.08,-173.42,5.65,0.24,7,7,-1.000,0
19.8623,-163.74,-0.07,-173.75,5.20,0.56,7,7,-1.000,0
19.8663,-163.76,-0.02,-173.87,5.03,0.21,7,7,-1.000,0
19.8705,-163.77,-0.02,-174.04,4.75,0.33,7,7,-1.000,0
19.8750,-163.76,0.01,-174.13,4.54,0.23,7,7,-1.000,0
19.8788,-163.79,-0.03,-174.35,4.23,0.39,7,7,-1.000,0
19.8830,-163.78,0.01,-174.44,4.08,0.18,7,7,-1.000,0
19.8872,-163.79,-0.01,-174.56,3.79,0.31,7,7,-1.000,0
19.8916,-163.81,-0.03,-174.67,3.61,0.21,7,7,-1.000,0
19.8954,-163.82,-0.01,-174.74,3.37,0.25,7,7,-1.000,0
19.8994,-163.84,-0.02,-174.89,3.06,0.34,7,7,-1.000,0
19.9039,-163.89,-0.05,-175.04,2.80,0.31,7,7,-1.000,0
19.9081,-163.85,0.04,-175.25,2.48,0.39,7,7,-1.000,0
19.9120,-163.88,-0.03,-175.34,2.22,0.28,7,7,-1.000,0
19.9162,-163.91,-0.03,-175.31,1.90,0.33,7,7,-1.000,0
19.9204,-163.94,-0.03,-175.27,1.60,0.30,7,7,-1.000,0
19.9249,-163.97,-0.03,-175.26,1.40,0.21,7,7,-1.000,0
19.9287,-164.00,-0.04,-175.32,1.15,0.25,7,7,-1.000,0
19.9329,-164.07,-0.07,-175.31,0.85,0.32,7,7,-1.000,0
19.9372,-164.06,0.01,-175.32,0.57,0.28,7,7,-1.000,0
19.9416,-164.03,0.03,-175.21,0.27,0.32,7,7,-1.000,0
19.9455,-163.98,0.05,-175.38,-0.09,0.40,7,7,-1.000,0
19.9495,-163.88,0.10,-175.35,-0.22,0.16,7,7,-1.000,0
19.9538,-163.78,0.10,-175.25,-0.37,0.21,7,7,-1.000,0
19.9585,-164.19,-0.42,-175.66,-0.45,0.59,7,7,-1.000,0
19.9624,-164.31,-0.11,-176.10,-0.89,0.64,7,7,-1.000,0
19.9662,-164.21,0.10,-176.19,-1.33,0.46,7,7,-1.000,0
19.9705,-164.11,0.09,-176.27,-1.73,0.42,7,7,-1.000,0
19.9749,-164.13,-0.01,-176.31,-1.97,0.25,7,7,-1.000,0
19.9788,-164.14,-0.01,-176.35,-2.30,0.34,7,7,-1.000,0
19.9830,-164.18,-0.04,-176.51,-2.60,0.34,7,7,-1.000,0
19.9872,-164.19,-0.01,-176.41,-3.03,0.44,7,7,-1.000,0
19.9915,-164.26,-0.07,-176.59,-3.25,0.30,7,7,-1.000,0
19.9955,-164.22,0.04,-176.59,-3.61,0.35,7,7,-1.000,0
19.9995,-164.22,0.00,-176.63,-3.92,0.31,7,7,-1.000,0
20.0038,-164.24,-0.01,-176.66,-4.21,0.29,7,7,-1.000,0
20.0084,-164.28,-0.04,-176.82,-4.40,0.26,7,7,-1.000,0
20.0123,-164.34,-0.06,-176.86,-4.61,0.22,7,7,-1.000,0
20.0163,-164.36,-0.02,-176.82,-4.85,0.25,7,7,-1.000,0
20.0205,-164.35,0.01,-176.87,-5.16,0.31,7,7,-1.000,0
20.0247,-164.39,-0.04,-176.96,-5.42,0.28,7,7,-1.000,0
20.0287,-164.33,0.06,-177.01,-5.80,0.39,7,7,-1.000,0
20.0330,-164.35,-0.02,-177.07,-6.16,0.37,7,7,-1.000,0
20.0372,-164.33,0.01,-177.09,-6.45,0.29,7,7,-1.000,0
20.0419,-164.33,-0.00,-177.06,-6.56,0.11,7,7,-1.000,0
20.0456,-164.38,-0.05,-177.03,-6.82,0.26,7,7,-1.000,0
20.0496,-164.43,-0.05,-177.09,-7.08,0.27,7,7,-1.000,0
20.0540,-164.55,-0.12,-177.23,-7.13,0.20,7,7,-1.000,0
20.0585,-164.60,-0.05,-177.39,-7.40,0.32,7,7,-1.000,0
20.0623,-164.69,-0.09,-177.65,-7.73,0.44,7,7,-1.000,0
20.0664,-164.80,-0.11,-177.64,-7.85,0.16,7,7,-1.000,0
20.0706,-164.92,-0.12,-177.74,-8.02,0.24,7,7,-1.000,0
20.0751,-164.99,-0.07,-177.79,-8.18,0.18,7,7,-1.000,0
20.0790,-165.08,-0.09,-177.89,-8.30,0.20,7,7,-1.000,0
20.0831,-165.19,-0.10,-177.95,-8.35,0.13,7,7,-1.000,0
20.0873,-165.26,-0.07,-178.07,-8.39,0.15,7,7,-1.000,0
20.0918,-165.36,-0.10,-178.15,-8.37,0.14,7,7,-1.000,0
20.0958,-165.53,-0.17,-178.18,-8.11,0.32,7,7,-1.000,0
20.0996,-165.78,-0.24,-178.63,-8.25,0.56,7,7,-1.000,0
20.1047,-165.94,-0.17,-178.87,-8.05,0.37,7,7,-1.000,0
20.1103,-165.97,-0.02,-178.86,-7.94,0.11,7,7,-1.000,0
20.1146,-166.28,-0.31,-179.30,-8.05,0.58,7,7,-1.000,0
20.1185,-166.69,-0.41,-179.55,-8.05,0.51,7,7,-1.000,0
20.1226,-167.17,-0.48,-179.67,-7.89,0.53,7,7,-1.000,0
20.1267,-167.40,-0.23,-179.92,-7.94,0.36,7,7,-1.000,0
20.1309,-167.69,-0.29,179.70,-8.10,0.53,7,7,-1.000,0
20.1358,-168.02,-0.34,179.59,-8.06,0.37,7,7,-1.000,0
20.1399,-169.55,-1.53,179.81,-7.57,1.59,7,7,-1.000,0
20.1434,-170.07,-0.52,179.70,-7.74,0.57,7,7,-1.000,0
20.1474,-170.45,-0.38,179.62,-8.03,0.49,7,7,-1.000,0
20.1508,-170.87,-0.42,179.69,-8.05,0.42,7,7,-1.000,0
20.1547,-171.28,-0.41,179.68,-8.10,0.42,7,7,-1.000,0
20.1588,-171.59,-0.31,179.68,-8.14,0.31,7,7,-1.000,0
20.1641,-171.83,-0.24,179.77,-8.17,0.25,7,7,-1.000,0
20.1681,-172.10,-0.27,179.95,-8.35,0.35,7,7,-1.000,0
20.1735,-172.32,-0.21,-179.94,-8.42,0.23,7,7,-1.000,0
20.1773,-172.46,-0.14,-179.87,-8.43,0.15,7,7,-1.000,0
20.1812,-172.58,-0.12,-179.81,-8.60,0.22,7,7,-1.000,0
20.1845,-172.71,-0.13,-179.61,-8.85,0.33,7,7,-1.000,0
20.1878,-172.94,-0.24,-179.52,-8.95,0.26,7,7,-1.000,0
20.1917,-173.06,-0.11,-179.51,-9.21,0.28,7,7,-1.000,0
20.1959,-173.17,-0.12,-179.54,-9.33,0.18,7,7,-1.000,0
20.2003,-173.25,-0.08,-179.24,-9.26,0.31,7,7,-1.000,0
20.2044,-173.31,-0.06,-179.23,-9.30,0.07,7,7,-1.000,0
20.2085,-173.34,-0.03,-179.17,-9.32,0.07,7,7,-1.000,0
20.2124,-173.42,-0.09,-179.01,-9.44,0.20,7,7,-1.000,0
20.2165,-173.48,-0.06,-178.90,-9.70,0.29,7,7,-1.000,0
20.2207,-173.54,-0.06,-178.63,-9.68,0.27,7,7,-1.000,0
20.2252,-173.60,-0.06,-178.34,-9.50,0.34,7,7,-1.000,0
20.2290,-173.64,-0.03,-178.23,-9.86,0.37,7,7,-1.000,0
20.2329,-173.70,-0.06,-178.02,-10.03,0.27,7,7,-1.000,0
20.2372,-173.76,-0.06,-177.76,-9.97,0.26,7,7,-1.000,0
20.2417,-173.75,0.01,-177.67,-10.08,0.15,7,7,-1.000,0
20.2457,-173.83,-0.08,-177.02,-9.65,0.77,7,7,-1.000,0
20.2497,-173.87,-0.04,-176.92,-9.59,0.11,7,7,-1.000,0
20.2541,-174.06,-0.19,-177.32,-10.02,0.64,7,7,-1.000,0
20.2583,-174.04,0.03,-177.18,-9.86,0.21,7,7,-1.000,0
20.2621,-173.88,0.16,-176.91,-9.86,0.34,7,7,-1.000,0
20.2663,-173.87,0.00,-176.63,-9.91,0.28,7,7,-1.000,0
20.2705,-173.92,-0.05,-176.62,-10.09,0.18,7,7,-1.000,0
20.2749,-173.95,-0.03,-176.35,-10.03,0.27,7,7,-1.000,0
20.2787,-173.93,0.02,-176.25,-10.08,0.12,7,7,-1.000,0
20.2829,-173.88,0.04,-175.81,-9.73,0.57,7,7,-1.000,0
20.2871,-173.89,-0.01,-176.06,-10.05,0.42,7,7,-1.000,0
20.2915,-173.94,-0.05,-176.04,-9.90,0.16,7,7,-1.000,0
20.2956,-173.98,-0.03,-176.08,-9.62,0.29,7,7,-1.000,0
20.2995,-173.96,0.02,-176.06,-9.65,0.04,7,7,-1.000,0
20.3039,-173.87,0.09,-176.15,-9.56,0.14,7,7,-1.000,0
20.3082,-173.95,-0.08,-176.24,-9.46,0.17,7,7,-1.000,0
20.3123,-173.84,0.12,-176.61,-9.07,0.53,7,7,-1.000,0
20.3163,-173.71,0.13,-177.15,-8.77,0.62,7,7,-1.000,0
20.3205,-173.58,0.13,-177.42,-8.50,0.38,7,7,-1.000,0
20.3250,-173.58,0.00,-177.74,-8.60,0.33,7,7,-1.000,0
20.3288,-173.52,0.06,-177.69,-8.48,0.15,7,7,-1.000,0
20.3330,-173.52,0.01,-178.10,-8.84,0.55,7,7,-1.000,0
20.3371,-173.41,0.10,-177.97,-8.54,0.35,7,7,-1.000,0
20.3415,-173.34,0.07,-178.16,-8.67,0.23,7,7,-1.000,0
20.3457,-173.30,0.04,-178.29,-8.62,0.14,7,7,-1.000,0
20.3497,-173.37,-0.07,-178.27,-8.47,0.16,7,7,-1.000,0
20.3539,-173.48,-0.11,-177.86,-8.09,0.56,7,7,-1.000,0
20.3583,-173.43,0.05,-177.80,-7.92,0.19,7,7,-1.000,0
20.3622,-173.34,0.09,-177.98,-7.82,0.22,7,7,-1.000,0
20.3661,-173.14,0.20,-177.74,-7.68,0.36,7,7,-1.000,0
20.3703,-173.01,0.13,-177.55,-7.56,0.27,7,7,-1.000,0
20.3747,-172.91,0.10,-177.53,-7.60,0.11,7,7,-1.000,0
20.3791,-172.86,0.05,-177.63,-7.60,0.11,7,7,-1.000,0
20.3829,-172.94,-0.09,-177.52,-7.45,0.20,7,7,-1.000,0
20.3872,-172.86,0.08,-177.33,-7.46,0.22,7,7,-1.000,0
20.3917,-172.70,0.16,-177.54,-7.43,0.25,7,7,-1.000,0
20.3955,-172.61,0.09,-177.42,-7.48,0.17,7,7,-1.000,0
20.3995,-172.49,0.12,-177.45,-7.54,0.14,7,7,-1.000,0
20.4038,-172.41,0.08,-177.49,-7.48,0.10,7,7,-1.000,0
20.4081,-172.18,0.23,-177.45,-7.35,0.27,7,7,-1.000,0
20.4123,-171.91,0.27,-177.24,-7.15,0.42,7,7,-1.000,0
20.4163,-171.70,0.21,-177.39,-7.42,0.37,7,7,-1.000,0
20.4204,-171.59,0.12,-177.57,-7.50,0.22,7,7,-1.000,0
20.4248,-171.52,0.07,-177.44,-7.23,0.31,7,7,-1.000,0
20.4290,-171.27,0.24,-177.48,-7.22,0.24,7,7,-1.000,0
20.4328,-171.22,0.06,-177.34,-7.35,0.21,7,7,-1.000,0
20.4371,-171.04,0.17,-177.36,-7.04,0.36,7,7,-1.000,0
20.4414,-171.03,0.01,-177.43,-6.78,0.27,7,7,-1.000,0
20.4457,-170.86,0.17,-177.12,-6.32,0.59,7,7,-1.000,0
20.4496,-171.03,-0.17,-177.28,-6.60,0.37,7,7,-1.000,0
20.4538,-171.03,-0.00,-177.33,-6.59,0.05,7,7,-1.000,0
20.4581,-170.94,0.09,-177.48,-6.78,0.25,7,7,-1.000,0
20.4623,-170.87,0.07,-177.55,-6.58,0.23,7,7,-1.000,0
20.4662,-170.98,-0.12,-177.42,-6.31,0.31,7,7,-1.000,0
20.4704,-170.90,0.09,-177.33,-6.32,0.13,7,7,-1.000,0
20.4748,-170.86,0.04,-177.30,-5.90,0.43,7,7,-1.000,0
20.4791,-170.67,0.19,-177.11,-5.71,0.34,7,7,-1.000,0
20.4829,-170.67,-0.00,-177.37,-5.82,0.28,7,7,-1.000,0
20.4872,-170.40,0.27,-177.46,-5.81,0.27,7,7,-1.000,0
20.4914,-170.21,0.19,-177.42,-5.59,0.30,7,7,-1.000,0
20.4957,-170.05,0.15,-177.44,-5.43,0.22,7,7,-1.000,0
20.4995,-169.74,0.31,-177.20,-5.00,0.59,7,7,-1.000,0
20.5040,-169.47,0.27,-177.57,-4.97,0.43,7,7,-1.000,0
20.5086,-168.97,0.49,-177.79,-5.01,0.53,7,7,-1.000,0
20.5127,-168.45,0.52,-177.43,-4.65,0.75,7,7,-1.000,0
20.5163,-168.10,0.35,-177.56,-4.59,0.37,7,7,-1.000,0
20.5205,-167.50,0.61,-177.42,-4.44,0.65,7,7,-1.000,0
20.5250,-167.04,0.45,-177.77,-4.22,0.59,7,7,-1.000,0
20.5289,-166.41,0.63,-177.58,-4.19,0.67,7,7,-1.000,0
20.5329,-165.71,0.70,-177.37,-3.94,0.79,7,7,-1.000,0
20.5372,-165.06,0.65,-177.62,-3.91,0.68,7,7,-1.000,0
20.5416,-164.35,0.71,-177.62,-3.89,0.71,7,7,-1.000,0
20.5456,-163.71,0.65,-177.71,-3.46,0.78,7,7,-1.000,0
20.5496,-162.88,0.83,-177.53,-3.54,0.86,7,7,-1.000,0
20.5539,-162.03,0.85,-177.31,-3.50,0.89,7,7,-1.000,0
20.5582,-161.23,0.80,-177.13,-3.43,0.83,7,7,-1.000,0
20.5622,-160.45,0.78,-177.22,-3.59,0.80,7,7,-1.000,0
20.5663,-159.57,0.88,-176.52,-3.40,1.17,7,7,-1.000,0
20.5704,-158.79,0.78,-176.57,-3.76,0.86,7,7,-1.000,0
20.5750,-158.00,0.79,-176.34,-4.08,0.90,7,7,-1.000,0
20.5788,-157.29,0.71,-176.07,-4.24,0.80,7,7,-1.000,0
20.5829,-156.49,0.80,-175.89,-4.42,0.86,7,7,-1.000,0
20.5872,-155.68,0.80,-175.62,-4.77,0.94,7,7,-1.000,0
20.5916,-154.98,0.70,-175.34,-5.00,0.82,7,7,-1.000,0
20.5954,-154.04,0.94,-175.03,-5.25,1.05,7,7,-1.000,0
20.5996,-153.16,0.88,-174.83,-5.46,0.94,7,7,-1.000,0
20.6039,-152.32,0.84,-174.71,-5.99,1.01,7,7,-1.000,0
20.6082,-151.48,0.85,-174.29,-6.21,1.01,7,7,-1.000,0
20.6121,-150.67,0.80,-174.22,-6.44,0.84,7,7,-1.000,0
20.6163,-149.83,0.84,-174.01,-6.48,0.89,7,7,-1.000,0
20.6205,-149.28,0.55,-174.15,-6.79,0.64,7,7,-1.000,0
20.6250,-148.28,1.00,-173.87,-6.81,1.06,7,7,-1.000,0
20.6288,-147.87,0.42,-173.30,-6.92,0.76,7,7,-1.000,0
20.6327,-147.00,0.86,-173.19,-6.64,0.93,7,7,-1.000,0
20.6370,-146.74,0.26,-173.29,-6.82,0.32,7,7,-1.000,0
20.6415,-146.05,0.70,-172.97,-6.63,0.82,7,7,-1.000,0
20.6454,-145.02,1.02,-172.74,-6.50,1.08,7,7,-1.000,0
20.6494,-144.42,0.61,-172.54,-6.22,0.72,7,7,-1.000,0
20.6537,-143.53,0.89,-172.63,-6.12,0.88,7,7,-1.000,0
20.6581,-143.09,0.44,-172.57,-5.87,0.52,7,7,-1.000,0
20.6621,-142.44,0.65,-172.49,-5.89,0.66,7,7,-1.000,0
20.6661,-141.94,0.50,-172.21,-5.68,0.63,7,7,-1.000,0
20.6703,-141.23,0.71,-172.16,-5.63,0.72,7,7,-1.000,0
20.6748,-140.91,0.32,-172.28,-5.55,0.34,7,7,-1.000,0
20.6787,-140.57,0.34,-172.31,-5.46,0.35,7,7,-1.000,0
20.6827,-139.96,0.62,-172.12,-5.45,0.66,7,7,-1.000,0
20.6872,-139.63,0.32,-171.87,-5.06,0.58,7,7,-1.000,0
20.6916,-139.20,0.43,-171.74,-4.64,0.62,7,7,-1.000,0
20.6956,-139.12,0.08,-171.79,-5.00,0.38,7,7,-1.000,0
20.6996,-138.72,0.40,-171.77,-4.63,0.55,7,7,-1.000,0
20.7037,-138.62,0.10,-171.66,-4.51,0.19,7,7,-1.000,0
20.7082,-138.34,0.28,-171.79,-4.63,0.32,7,7,-1.000,0
20.7122,-137.98,0.36,-172.14,-4.22,0.64,7,7,-1.000,0
20.7163,-137.67,0.31,-172.02,-4.03,0.39,7,7,-1.000,0
20.7206,-137.60,0.07,-172.09,-4.27,0.26,7,7,-1.000,0
20.7250,-137.46,0.14,-172.24,-4.04,0.31,7,7,-1.000,0
20.7289,-137.34,0.11,-172.19,-4.00,0.13,7,7,-1.000,0
20.7328,-137.36,-0.02,-172.31,-3.86,0.19,7,7,-1.000,0
20.7371,-137.05,0.31,-172.27,-3.80,0.32,7,7,-1.000,0
20.7416,-136.79,0.26,-172.11,-3.62,0.36,7,7,-1.000,0
20.7454,-136.46,0.33,-172.28,-3.72,0.38,7,7,-1.000,0
20.7495,-136.19,0.27,-172.31,-3.51,0.34,7,7,-1.000,0
20.7537,-136.11,0.09,-171.89,-3.58,0.44,7,7,-1.000,0
20.7579,-135.84,0.27,-172.19,-3.56,0.39,7,7,-1.000,0
20.7621,-135.37,0.47,-172.09,-3.56,0.49,7,7,-1.000,0
20.7661,-135.53,-0.16,-172.10,-3.24,0.35,7,7,-1.000,0
20.7702,-135.22,0.31,-172.05,-3.08,0.36,7,7,-1.000,0
20.7751,-134.91,0.30,-172.08,-3.08,0.30,7,7,-1.000,0
20.7788,-134.55,0.37,-171.96,-2.97,0.40,7,7,-1.000,0
20.7828,-133.94,0.61,-172.09,-2.82,0.64,7,7,-1.000,0
20.7872,-134.04,-0.10,-171.72,-2.89,0.38,7,7,-1.000,0
20.7913,-133.56,0.48,-172.17,-2.68,0.68,7,7,-1.000,0
20.7953,-133.76,-0.19,-172.31,-2.64,0.24,7,7,-1.000,0
20.7995,-132.97,0.79,-172.16,-2.61,0.81,7,7,-1.000,0
20.8038,-133.03,-0.06,-172.30,-2.26,0.39,7,7,-1.000,0
20.8079,-132.37,0.66,-172.19,-2.38,0.69,7,7,-1.000,0
20.8121,-132.08,0.29,-172.21,-2.21,0.34,7,7,-1.000,0
20.8162,-132.29,-0.22,-172.38,-1.68,0.60,7,7,-1.000,0
20.8206,-131.75,0.54,-172.44,-1.60,0.55,7,7,-1.000,0
20.8249,-131.36,0.40,-172.60,-1.31,0.51,7,7,-1.000,0
20.8289,-131.63,-0.28,-172.24,-1.18,0.46,7,7,-1.000,0
20.8333,-130.53,1.10,-172.74,-1.33,1.21,7,7,-1.000,0
20.8371,-130.43,0.10,-172.47,-0.88,0.53,7,7,-1.000,0
20.8417,-130.84,-0.41,-172.43,-0.73,0.44,7,7,-1.000,0
20.8454,-130.15,0.68,-172.62,-0.59,0.72,7,7,-1.000,0
20.8496,-130.07,0.08,-172.84,-0.80,0.32,7,7,-1.000,0
20.8537,-129.35,0.72,-172.97,-0.47,0.80,7,7,-1.000,0
20.8579,-129.13,0.23,-172.74,-0.57,0.34,7,7,-1.000,0
20.8621,-128.66,0.47,-172.97,-0.64,0.53,7,7,-1.000,0
20.8662,-128.59,0.07,-172.76,-0.40,0.33,7,7,-1.000,0
20.8704,-127.76,0.83,-173.10,-0.63,0.93,7,7,-1.000,0
20.8748,-127.55,0.21,-172.92,-0.57,0.28,7,7,-1.000,0
20.8787,-127.31,0.24,-172.90,-0.86,0.38,7,7,-1.000,0
20.8828,-127.02,0.28,-173.15,-0.90,0.38,7,7,-1.000,0
20.8871,-126.51,0.51,-172.56,-0.77,0.80,7,7,-1.000,0
20.8916,-126.17,0.34,-172.93,-0.79,0.50,7,7,-1.000,0
20.8956,-125.82,0.36,-172.70,-0.92,0.45,7,7,-1.000,0
20.8995,-125.59,0.23,-172.87,-1.14,0.36,7,7,-1.000,0
20.9038,-125.24,0.34,-172.82,-0.99,0.38,7,7,-1.000,0
20.9081,-124.56,0.68,-172.85,-0.85,0.70,7,7,-1.000,0
20.9123,-124.25,0.30,-172.88,-1.02,0.35,7,7,-1.000,0
20.9164,-123.66,0.59,-172.98,-1.04,0.60,7,7,-1.000,0
20.9206,-123.25,0.41,-172.98,-1.23,0.45,7,7,-1.000,0
20.9252,-122.70,0.55,-173.22,-1.06,0.62,7,7,-1.000,0
20.9289,-122.21,0.49,-173.06,-0.99,0.52,7,7,-1.000,0
20.9330,-121.57,0.64,-173.41,-0.83,0.74,7,7,-1.000,0
20.9374,-120.65,0.91,-173.84,-0.80,1.00,7,7,-1.000,0
20.9418,-120.30,0.35,-174.10,-0.77,0.44,7,7,-1.000,0
20.9457,-119.41,0.89,-174.24,-0.77,0.90,7,7,-1.000,0
20.9497,-118.73,0.68,-173.95,-1.39,0.97,7,7,-1.000,0
20.9540,-118.54,0.19,-173.97,-1.27,0.23,7,7,-1.000,0
20.9584,-117.52,1.03,-174.28,-1.37,1.07,7,7,-1.000,0
20.9623,-116.88,0.63,-174.49,-1.44,0.66,7,7,-1.000,0
20.9663,-116.36,0.53,-174.41,-1.71,0.60,7,7,-1.000,0
20.9706,-115.72,0.64,-174.56,-1.90,0.68,7,7,-1.000,0
20.9749,-114.71,1.01,-174.02,-2.47,1.30,7,7,-1.000,0
20.9789,-114.21,0.50,-175.09,-2.20,1.20,7,7,-1.000,0
20.9829,-113.31,0.90,-174.32,-3.00,1.46,7,7,-1.000,0
20.9873,-112.65,0.65,-174.49,-3.21,0.70,7,7,-1.000,0
20.9915,-111.97,0.68,-174.41,-3.42,0.72,7,7,-1.000,0
20.9954,-111.30,0.67,-175.07,-3.05,0.99,7,7,-1.000,0
20.9996,-110.77,0.53,-174.47,-3.56,0.97,7,7,-1.000,0
21.0038,-110.29,0.48,-175.87,-2.65,1.72,7,7,-1.000,0
21.0083,-109.62,0.67,-175.31,-4.15,1.75,7,7,-1.000,0
21.0122,-109.40,0.22,-175.58,-3.63,0.62,7,7,-1.000,0
21.0162,-108.05,1.35,-176.07,-3.58,1.41,7,7,-1.000,0
21.0205,-108.14,-0.08,-176.03,-3.45,0.16,7,7,-1.000,0
21.0250,-108.29,-0.15,-175.91,-2.86,0.62,7,7,-1.000,0
21.0289,-107.24,1.05,-176.54,-2.79,1.20,7,7,-1.000,0
21.0330,-106.82,0.43,-176.24,-2.29,0.73,7,7,-1.000,0
21.0373,-107.38,-0.56,-176.47,-2.33,0.62,7,7,-1.000,0
21.0417,-106.65,0.73,-176.76,-2.19,0.79,7,7,-1.000,0
21.0459,-106.63,0.02,-176.84,-2.34,0.17,7,7,-1.000,0
21.0498,-106.24,0.39,-177.07,-1.94,0.60,7,7,-1.000,0
21.0541,-105.92,0.32,-176.70,-1.77,0.52,7,7,-1.000,0
21.0582,-105.55,0.37,-176.66,-1.39,0.53,7,7,-1.000,0
21.0621,-104.97,0.58,-177.17,-1.57,0.78,7,7,-1.000,0
21.0663,-105.06,-0.09,-176.94,-1.25,0.40,7,7,-1.000,0
21.0705,-104.68,0.38,-176.85,-0.91,0.51,7,7,-1.000,0
21.0750,-104.42,0.26,-176.96,-0.68,0.36,7,7,-1.000,0
21.0788,-104.32,0.11,-177.65,-1.36,0.98,7,7,-1.000,0
21.0829,-104.33,-0.02,-177.96,-1.09,0.41,7,7,-1.000,0
21.0872,-104.46,-0.13,-177.73,-1.20,0.28,7,7,-1.000,0
21.0916,-104.14,0.33,-177.90,-0.79,0.55,7,7,-1.000,0
21.0955,-104.07,0.07,-177.78,-0.63,0.21,7,7,-1.000,0
21.0996,-103.91,0.16,-178.14,-0.63,0.39,7,7,-1.000,0
21.1044,-103.70,0.21,-178.13,-0.47,0.26,7,7,-1.000,0
21.1102,-104.21,-0.51,-177.74,-0.04,0.77,7,7,-1.000,0
21.1143,-103.94,0.27,-178.34,-0.55,0.84,7,7,-1.000,0
21.1185,-103.83,0.10,-178.04,0.04,0.66,7,7,-1.000,0
21.1225,-103.48,0.35,-178.33,-0.26,0.54,7,7,-1.000,0
21.1268,-103.18,0.30,-178.20,-0.27,0.32,7,7,-1.000,0
21.1312,-102.91,0.28,-178.11,0.14,0.50,7,7,-1.000,0
21.1359,-102.67,0.24,-177.93,-0.02,0.34,7,7,-1.000,0
21.1396,-102.36,0.31,-177.92,0.49,0.60,7,7,-1.000,0
21.1439,-102.03,0.33,-177.90,0.00,0.59,7,7,-1.000,0
21.1477,-101.58,0.45,-177.54,0.15,0.60,7,7,-1.000,0
21.1520,-101.18,0.40,-177.49,0.33,0.44,7,7,-1.000,0
21.1566,-101.52,-0.33,-176.97,0.25,0.63,7,7,-1.000,0
21.1606,-100.80,0.71,-177.22,0.13,0.76,7,7,-1.000,0
21.1642,-100.75,0.05,-177.28,0.23,0.13,7,7,-1.000,0
21.1690,-100.39,0.36,-176.77,0.34,0.64,7,7,-1.000,0
21.1728,-100.10,0.29,-177.46,0.43,0.75,7,7,-1.000,0
21.1774,-99.81,0.29,-177.11,0.47,0.46,7,7,-1.000,0
21.1813,-99.46,0.35,-177.11,0.15,0.47,7,7,-1.000,0
21.1834,-99.21,0.25,-177.27,0.36,0.37,7,7,-1.000,0
21.1874,-98.78,0.43,-177.26,0.67,0.53,7,7,-1.000,0
21.1915,-98.55,0.22,-177.41,0.46,0.34,7,7,-1.000,0
21.1956,-98.28,0.28,-177.20,0.76,0.45,7,7,-1.000,0
21.1996,-98.14,0.14,-177.29,0.45,0.35,7,7,-1.000,0
21.2041,-97.58,0.56,-177.38,1.18,0.93,7,7,-1.000,0
21.2081,-97.24,0.34,-177.36,0.57,0.70,7,7,-1.000,0
21.2318,-95.26,1.98,-177.40,1.10,2.05,7,7,-1.000,0
21.2329,-94.97,0.29,-177.06,1.26,0.47,7,7,-1.000,0
21.2372,-94.92,0.05,-176.97,1.31,0.11,7,7,-1.000,0
21.2417,-94.51,0.41,-176.99,1.12,0.45,7,7,-1.000,0
21.2455,-94.09,0.42,-177.23,1.33,0.53,7,7,-1.000,0
21.2496,-93.72,0.37,-176.55,1.67,0.84,7,7,-1.000,0
21.2542,-93.57,0.16,-176.73,1.40,0.37,7,7,-1.000,0
21.2583,-93.41,0.15,-176.39,1.46,0.37,7,7,-1.000,0
21.2623,-93.12,0.29,-176.75,1.12,0.58,7,7,-1.000,0
21.2664,-92.96,0.17,-176.15,1.48,0.72,7,7,-1.000,0
21.2704,-92.30,0.65,-176.77,1.47,0.91,7,7,-1.000,0
21.2749,-92.36,-0.06,-176.07,2.04,0.91,7,7,-1.000,0
21.2789,-91.75,0.61,-176.63,1.89,0.86,7,7,-1.000,0
21.2828,-91.42,0.33,-176.63,2.14,0.42,7,7,-1.000,0
21.2872,-91.23,0.20,-176.60,1.55,0.62,7,7,-1.000,0
21.2913,-90.82,0.41,-176.82,2.35,0.92,7,7,-1.000,0
21.2954,-90.63,0.19,-176.38,2.25,0.48,7,7,-1.000,0
21.2995,-90.33,0.30,-175.98,2.23,0.49,7,7,-1.000,0
21.3039,-90.13,0.20,-176.00,2.60,0.42,7,7,-1.000,0
21.3083,-89.79,0.34,-176.21,2.18,0.58,7,7,-1.000,0
21.3121,-89.71,0.08,-175.98,2.52,0.41,7,7,-1.000,0
21.3164,-89.38,0.32,-176.20,2.41,0.41,7,7,-1.000,0
21.3204,-89.63,-0.25,-175.91,2.69,0.48,7,7,-1.000,0
21.3247,-89.22,0.41,-176.01,2.48,0.48,7,7,-1.000,0
21.3288,-88.89,0.33,-175.35,3.38,1.15,7,7,-1.000,0
21.3328,-88.62,0.28,-175.84,3.17,0.62,7,7,-1.000,0
21.3372,-88.50,0.12,-175.88,3.33,0.20,7,7,-1.000,0
21.3416,-88.24,0.26,-175.68,3.34,0.32,7,7,-1.000,0
21.3456,-87.90,0.34,-175.63,3.25,0.36,7,7,-1.000,0
21.3495,-87.68,0.22,-175.67,3.42,0.28,7,7,-1.000,0
21.3538,-87.25,0.43,-175.39,3.53,0.51,7,7,-1.000,0
21.3583,-86.82,0.43,-175.66,3.03,0.72,7,7,-1.000,0
21.3622,-86.63,0.19,-175.28,3.71,0.80,7,7,-1.000,0
21.3664,-86.30,0.33,-175.02,3.93,0.46,7,7,-1.000,0
21.3704,-85.90,0.40,-174.94,3.86,0.41,7,7,-1.000,0
21.3750,-85.24,0.65,-175.61,3.10,1.23,7,7,-1.000,0
21.3791,-85.16,0.08,-174.96,3.92,1.04,7,7,-1.000,0
21.3829,-84.58,0.59,-174.74,4.10,0.64,7,7,-1.000,0
21.3872,-84.26,0.32,-174.89,4.24,0.39,7,7,-1.000,0
21.3917,-83.91,0.34,-175.11,4.19,0.42,7,7,-1.000,0
21.3954,-83.44,0.47,-175.12,4.33,0.49,7,7,-1.000,0
21.3996,-82.92,0.53,-174.84,4.54,0.62,7,7,-1.000,0
21.4039,-82.42,0.49,-174.96,4.83,0.59,7,7,-1.000,0
21.4084,-81.97,0.45,-174.85,4.75,0.46,7,7,-1.000,0
21.4123,-81.54,0.43,-175.22,4.95,0.62,7,7,-1.000,0
21.4164,-81.12,0.42,-175.19,5.09,0.44,7,7,-1.000,0
21.4205,-80.78,0.34,-175.07,5.09,0.35,7,7,-1.000,0
21.4250,-80.12,0.66,-175.38,5.54,0.88,7,7,-1.000,0
21.4290,-79.68,0.43,-175.15,5.33,0.51,7,7,-1.000,0
21.4328,-79.21,0.47,-175.30,5.64,0.60,7,7,-1.000,0
21.4371,-78.88,0.33,-175.33,5.83,0.38,7,7,-1.000,0
21.4416,-78.44,0.45,-175.21,5.74,0.46,7,7,-1.000,0
21.4456,-78.10,0.34,-174.98,5.92,0.42,7,7,-1.000,0
21.4497,-77.39,0.71,-175.06,5.72,0.75,7,7,-1.000,0
21.4539,-77.34,0.05,-175.08,5.98,0.26,7,7,-1.000,0
21.4582,-76.72,0.62,-175.65,5.77,0.91,7,7,-1.000,0
21.4622,-77.00,-0.29,-175.79,5.06,0.78,7,7,-1.000,0
21.4662,-76.50,0.51,-176.30,5.04,0.75,7,7,-1.000,0
21.4703,-76.35,0.15,-176.24,4.69,0.39,7,7,-1.000,0
21.4750,-75.90,0.45,-176.23,5.00,0.55,7,7,-1.000,0
21.4788,-75.45,0.45,-176.53,4.58,0.69,7,7,-1.000,0
21.4827,-75.22,0.23,-176.41,4.95,0.44,7,7,-1.000,0
21.4871,-74.75,0.47,-176.29,4.67,0.55,7,7,-1.000,0
21.4915,-74.48,0.27,-176.50,4.58,0.37,7,7,-1.000,0
21.4954,-74.30,0.18,-176.71,4.87,0.41,7,7,-1.000,0
21.4994,-74.00,0.30,-176.58,4.62,0.40,7,7,-1.000,0
21.5037,-73.86,0.15,-177.12,4.79,0.59,7,7,-1.000,0
21.5082,-73.83,0.03,-177.10,4.43,0.36,7,7,-1.000,0
21.5122,-73.19,0.64,-177.02,5.00,0.86,7,7,-1.000,0
21.5162,-73.16,0.03,-177.32,4.71,0.43,7,7,-1.000,0
21.5204,-72.82,0.34,-177.46,4.59,0.39,7,7,-1.000,0
21.5252,-72.51,0.32,-177.49,4.56,0.32,7,7,-1.000,0
21.5295,-72.23,0.27,-177.28,4.52,0.34,7,7,-1.000,0
21.5330,-71.84,0.40,-177.36,4.67,0.44,7,7,-1.000,0
21.5372,-71.59,0.25,-177.33,4.51,0.29,7,7,-1.000,0
21.5415,-71.21,0.39,-177.21,4.16,0.53,7,7,-1.000,0
21.5456,-71.07,0.14,-177.54,4.10,0.37,7,7,-1.000,0
21.5495,-70.93,0.14,-177.42,4.28,0.25,7,7,-1.000,0
21.5538,-70.26,0.67,-176.89,4.55,0.86,7,7,-1.000,0
21.5582,-70.06,0.20,-176.82,4.48,0.22,7,7,-1.000,0
21.5621,-69.39,0.67,-176.74,4.59,0.68,7,7,-1.000,0
21.5662,-69.33,0.06,-176.81,4.38,0.24,7,7,-1.000,0
21.5705,-68.63,0.70,-176.40,4.63,0.82,7,7,-1.000,0
21.5746,-68.00,0.63,-176.81,4.54,0.78,7,7,-1.000,0
21.5787,-67.79,0.21,-176.84,4.41,0.25,7,7,-1.000,0
21.5827,-67.69,0.09,-176.27,4.27,0.59,7,7,-1.000,0
21.5872,-66.93,0.76,-176.25,4.27,0.76,7,7,-1.000,0
21.5916,-66.77,0.16,-176.54,3.78,0.59,7,7,-1.000,0
21.5954,-66.58,0.20,-176.50,3.54,0.32,7,7,-1.000,0
21.5995,-66.03,0.55,-176.63,3.33,0.61,7,7,-1.000,0
21.6039,-65.99,0.04,-176.38,3.28,0.26,7,7,-1.000,0
21.6082,-66.67,-0.69,-176.86,2.40,1.21,7,7,-1.000,0
21.6121,-66.22,0.46,-176.86,2.25,0.48,7,7,-1.000,0
21.6162,-65.00,1.22,-176.30,2.33,1.33,7,7,-1.000,0
21.6204,-65.37,-0.37,-175.99,2.31,0.50,7,7,-1.000,0
21.6248,-64.94,0.43,-176.37,2.07,0.63,7,7,-1.000,0
21.6289,-64.77,0.18,-176.59,1.62,0.54,7,7,-1.000,0
21.6327,-64.48,0.28,-176.35,1.39,0.43,7,7,-1.000,0
21.6371,-64.13,0.36,-176.45,0.97,0.55,7,7,-1.000,0
21.6415,-63.89,0.24,-176.77,0.66,0.50,7,7,-1.000,0
21.6454,-63.53,0.37,-176.36,0.52,0.57,7,7,-1.000,0
21.6495,-62.99,0.53,-176.18,0.85,0.65,7,7,-1.000,0
21.6539,-62.97,0.02,-176.71,0.00,1.00,7,7,-1.000,0
21.6583,-62.38,0.59,-176.27,-0.18,0.76,7,7,-1.000,0
21.6623,-62.07,0.32,-176.73,0.15,0.65,7,7,-1.000,0
21.6663,-61.87,0.19,-177.05,-0.41,0.68,7,7,-1.000,0
21.6706,-61.72,0.15,-176.84,-0.39,0.25,7,7,-1.000,0
21.6752,-61.49,0.24,-177.06,-0.80,0.52,7,7,-1.000,0
21.6789,-61.03,0.46,-176.93,-0.68,0.49,7,7,-1.000,0
21.6829,-61.09,-0.06,-177.32,-1.31,0.74,7,7,-1.000,0
21.6873,-60.45,0.64,-177.05,-1.22,0.71,7,7,-1.000,0
21.6916,-60.28,0.17,-177.09,-1.20,0.18,7,7,-1.000,0
21.6955,-59.82,0.46,-177.19,-1.36,0.50,7,7,-1.000,0
21.6996,-59.70,0.11,-177.29,-1.60,0.28,7,7,-1.000,0
21.7038,-59.43,0.27,-177.41,-1.82,0.37,7,7,-1.000,0
21.7079,-59.33,0.10,-177.63,-2.19,0.44,7,7,-1.000,0
21.7120,-59.35,-0.03,-177.63,-2.17,0.04,7,7,-1.000,0
21.7161,-58.93,0.43,-177.26,-2.02,0.59,7,7,-1.000,0
21.7205,-58.71,0.22,-177.36,-2.24,0.33,7,7,-1.000,0
21.7246,-58.42,0.29,-178.03,-2.45,0.75,7,7,-1.000,0
21.7287,-58.18,0.24,-177.92,-2.54,0.28,7,7,-1.000,0
21.7327,-58.17,0.01,-177.55,-2.53,0.37,7,7,-1.000,0
21.7371,-58.21,-0.04,-177.91,-2.77,0.44,7,7,-1.000,0
21.7416,-57.96,0.26,-178.12,-2.65,0.34,7,7,-1.000,0
21.7454,-57.96,0.00,-178.16,-2.82,0.18,7,7,-1.000,0
21.7495,-57.93,0.03,-177.97,-3.19,0.41,7,7,-1.000,0
21.7537,-57.62,0.31,-177.97,-3.20,0.31,7,7,-1.000,0
21.7582,-57.92,-0.30,-177.97,-3.56,0.47,7,7,-1.000,0
21.7621,-57.68,0.24,-177.67,-3.86,0.50,7,7,-1.000,0
21.7661,-57.73,-0.05,-177.68,-4.30,0.44,7,7,-1.000,0
21.7704,-57.77,-0.04,-177.73,-4.56,0.27,7,7,-1.000,0
21.7748,-57.60,0.18,-177.64,-4.78,0.30,7,7,-1.000,0
21.7789,-57.63,-0.03,-177.59,-5.37,0.60,7,7,-1.000,0
21.7827,-57.78,-0.15,-177.55,-6.06,0.70,7,7,-1.000,0
21.7870,-57.77,0.00,-177.15,-5.95,0.42,7,7,-1.000,0
21.7916,-57.99,-0.21,-177.09,-6.40,0.51,7,7,-1.000,0
21.7954,-58.29,-0.31,-176.92,-6.86,0.57,7,7,-1.000,0
21.7995,-58.30,-0.01,-176.85,-6.94,0.10,7,7,-1.000,0
21.8038,-58.78,-0.47,-176.78,-7.16,0.52,7,7,-1.000,0
21.8078,-59.08,-0.31,-176.65,-7.56,0.51,7,7,-1.000,0
21.8122,-59.38,-0.30,-176.47,-7.69,0.35,7,7,-1.000,0
21.8161,-59.36,0.02,-176.07,-7.10,0.71,7,7,-1.000,0
21.8204,-59.74,-0.37,-176.44,-7.73,0.84,7,7,-1.000,0
21.8245,-59.87,-0.13,-175.71,-7.52,0.75,7,7,-1.000,0
21.8287,-60.00,-0.14,-175.97,-7.63,0.33,7,7,-1.000,0
21.8332,-60.11,-0.11,-175.84,-7.77,0.21,7,7,-1.000,0
21.8372,-60.24,-0.13,-175.31,-7.54,0.58,7,7,-1.000,0
21.8417,-60.42,-0.18,-175.26,-7.62,0.20,7,7,-1.000,0
21.8455,-60.32,0.10,-175.28,-7.78,0.19,7,7,-1.000,0
21.8495,-60.55,-0.23,-175.28,-8.02,0.33,7,7,-1.000,0
21.8538,-60.70,-0.15,-175.76,-8.96,1.08,7,7,-1.000,0
21.8582,-60.67,0.03,-175.52,-8.91,0.25,7,7,-1.000,0
21.8621,-60.85,-0.18,-174.96,-8.82,0.56,7,7,-1.000,0
21.8661,-60.84,0.00,-174.95,-9.35,0.52,7,7,-1.000,0
21.8704,-61.13,-0.29,-175.11,-10.14,0.87,7,7,-1.000,0
21.8749,-61.24,-0.11,-174.40,-10.24,0.71,7,7,-1.000,0
21.8789,-61.31,-0.07,-173.88,-10.38,0.53,7,7,-1.000,0
21.8827,-61.70,-0.39,-173.54,-10.97,0.75,7,7,-1.000,0
21.8871,-61.73,-0.03,-173.33,-11.61,0.67,7,7,-1.000,0
21.8915,-62.21,-0.48,-172.42,-11.80,0.96,7,7,-1.000,0
21.8955,-62.08,0.13,-172.68,-12.59,0.83,7,7,-1.000,0
21.8996,-62.63,-0.55,-172.72,-13.23,0.85,7,7,-1.000,0
21.9039,-62.92,-0.29,-172.33,-13.72,0.65,7,7,-1.000,0
21.9083,-63.16,-0.24,-172.47,-14.58,0.91,7,7,-1.000,0
21.9121,-63.19,-0.03,-172.95,-15.41,0.97,7,7,-1.000,0
21.9163,-63.52,-0.33,-172.69,-15.93,0.63,7,7,-1.000,0
21.9204,-63.57,-0.05,-172.72,-16.24,0.31,7,7,-1.000,0
21.9248,-63.72,-0.14,-172.36,-16.59,0.50,7,7,-1.000,0
21.9288,-63.57,0.15,-172.57,-17.13,0.58,7,7,-1.000,0
21.9327,-63.51,0.06,-172.85,-17.65,0.59,7,7,-1.000,0
21.9371,-63.60,-0.08,-172.98,-17.90,0.30,7,7,-1.000,0
21.9415,-63.40,0.19,-172.99,-18.00,0.21,7,7,-1.000,0
21.9453,-63.68,-0.28,-172.99,-18.24,0.37,7,7,-1.000,0
21.9495,-63.93,-0.25,-172.77,-18.13,0.29,7,7,-1.000,0
21.9537,-64.17,-0.24,-172.80,-18.38,0.35,7,7,-1.000,0
21.9582,-64.28,-0.11,-172.74,-18.27,0.15,7,7,-1.000,0
21.9622,-64.50,-0.22,-172.54,-18.59,0.40,7,7,-1.000,0
21.9661,-64.65,-0.15,-172.37,-18.58,0.19,7,7,-1.000,0
21.9703,-64.92,-0.27,-171.91,-18.71,0.47,7,7,-1.000,0
21.9746,-65.03,-0.11,-171.83,-18.82,0.15,7,7,-1.000,0
21.9786,-65.20,-0.17,-171.68,-19.04,0.29,7,7,-1.000,0
21.9827,-65.56,-0.36,-171.20,-19.14,0.51,7,7,-1.000,0
21.9870,-65.57,-0.01,-171.16,-19.35,0.22,7,7,-1.000,0
21.9917,-65.61,-0.04,-170.77,-19.74,0.54,7,7,-1.000,0
21.9956,-65.60,0.01,-170.64,-19.83,0.17,7,7,-1.000,0
21.9996,-65.62,-0.02,-170.32,-20.09,0.41,7,7,-1.000,0
22.0039,-65.49,0.13,-170.01,-20.51,0.56,7,7,-1.000,0
22.0083,-65.29,0.21,-170.03,-20.81,0.37,7,7,-1.000,0
22.0120,-65.15,0.14,-169.61,-21.05,0.54,7,7,-1.000,0
22.0163,-64.87,0.28,-169.50,-21.12,0.34,7,7,-1.000,0
22.0205,-64.84,0.03,-169.17,-21.56,0.56,7,7,-1.000,0
22.0248,-64.86,-0.01,-169.00,-21.82,0.31,7,7,-1.000,0
22.0288,-64.69,0.17,-169.06,-22.21,0.42,7,7,-1.000,0
22.0328,-64.65,0.05,-168.77,-22.37,0.35,7,7,-1.000,0
22.0372,-64.56,0.09,-168.42,-22.28,0.41,7,7,-1.000,0
22.0417,-64.64,-0.08,-168.49,-23.14,0.87,7,7,-1.000,0
22.0456,-64.71,-0.07,-168.13,-23.29,0.36,7,7,-1.000,0
22.0496,-64.81,-0.10,-167.72,-23.61,0.50,7,7,-1.000,0
22.0538,-64.65,0.16,-167.04,-23.26,0.83,7,7,-1.000,0
22.0583,-65.13,-0.48,-166.80,-24.29,1.12,7,7,-1.000,0
22.0622,-64.97,0.15,-166.81,-24.99,0.72,7,7,-1.000,0
22.0663,-65.30,-0.33,-165.93,-25.23,0.83,7,7,-1.000,0
22.0704,-65.39,-0.09,-165.24,-25.72,0.82,7,7,-1.000,0
22.0747,-65.61,-0.21,-164.53,-25.97,0.69,7,7,-1.000,0
22.0788,-65.97,-0.36,-164.27,-26.81,0.91,7,7,-1.000,0
22.0828,-66.11,-0.15,-163.49,-27.11,0.78,7,7,-1.000,0
22.0872,-66.40,-0.29,-162.93,-27.45,0.60,7,7,-1.000,0
22.0912,-66.58,-0.18,-162.22,-27.49,0.65,7,7,-1.000,0
22.0953,-66.69,-0.11,-161.90,-27.98,0.57,7,7,-1.000,0
22.0994,-66.78,-0.09,-161.58,-28.47,0.57,7,7,-1.000,0
22.1040,-67.01,-0.24,-161.31,-28.78,0.41,7,7,-1.000,0
22.1103,-66.86,0.15,-160.76,-28.81,0.64,7,7,-1.000,0
22.1142,-66.71,0.15,-160.40,-29.07,0.52,7,7,-1.000,0
22.1182,-66.77,-0.06,-160.06,-29.21,0.35,7,7,-1.000,0
22.1228,-66.54,0.23,-159.72,-29.32,0.50,7,7,-1.000,0
22.1272,-66.57,-0.03,-159.85,-30.00,0.69,7,7,-1.000,0
22.1310,-66.71,-0.14,-159.07,-29.70,0.78,7,7,-1.000,0
22.1351,-66.74,-0.03,-158.74,-29.73,0.32,7,7,-1.000,0
22.1389,-66.71,0.04,-158.57,-30.26,0.56,7,7,-1.000,0
22.1432,-66.73,-0.02,-158.03,-30.11,0.55,7,7,-1.000,0
22.1473,-66.41,0.32,-157.58,-30.32,0.71,7,7,-1.000,0
22.1523,-66.41,0.00,-157.36,-30.51,0.29,7,7,-1.000,0
22.1561,-66.05,0.36,-156.88,-30.40,0.74,7,7,-1.000,0
22.1606,-65.88,0.17,-156.68,-30.81,0.52,7,7,-1.000,0
22.1646,-65.76,0.12,-156.15,-30.85,0.61,7,7,-1.000,0
22.1681,-65.98,-0.22,-155.43,-30.94,0.64,7,7,-1.000,0
22.1724,-66.26,-0.28,-154.95,-31.25,0.52,7,7,-1.000,0
22.1752,-66.35,-0.09,-154.54,-31.73,0.61,7,7,-1.000,0
22.1790,-66.45,-0.09,-154.08,-32.19,0.62,7,7,-1.000,0
22.1831,-66.38,0.07,-153.83,-32.69,0.58,7,7,-1.000,0
22.1875,-66.23,0.15,-153.26,-32.75,0.66,7,7,-1.000,0
22.1913,-66.11,0.12,-152.97,-32.92,0.41,7,7,-1.000,0
22.1955,-66.03,0.08,-152.57,-33.11,0.49,7,7,-1.000,0
22.1995,-65.95,0.08,-152.30,-33.33,0.39,7,7,-1.000,0
22.2038,-65.78,0.17,-152.14,-33.35,0.29,7,7,-1.000,0
22.2082,-65.78,-0.00,-152.26,-34.01,0.66,7,7,-1.000,0
22.2120,-65.74,0.04,-152.15,-34.08,0.15,7,7,-1.000,0
22.2162,-65.50,0.24,-152.11,-34.34,0.37,7,7,-1.000,0
22.2203,-65.39,0.11,-152.05,-34.80,0.49,7,7,-1.000,0
22.2249,-65.01,0.38,-151.66,-34.67,0.69,7,7,-1.000,0
22.2287,-64.98,0.03,-151.45,-34.79,0.26,7,7,-1.000,0
22.2327,-65.31,-0.34,-150.53,-34.31,0.91,7,7,-1.000,0
22.2371,-65.32,-0.01,-150.18,-34.19,0.37,7,7,-1.000,0
22.2415,-65.13,0.19,-149.57,-34.99,1.08,7,7,-1.000,0
22.2454,-64.42,0.71,-149.82,-35.17,0.63,7,7,-1.000,0
22.2495,-64.43,-0.01,-149.35,-35.45,0.54,7,7,-1.000,0
22.2538,-63.92,0.51,-148.90,-35.26,0.87,7,7,-1.000,0
22.2583,-63.49,0.43,-148.79,-35.23,0.50,7,7,-1.000,0
22.2624,-63.79,-0.30,-147.74,-35.49,0.95,7,7,-1.000,0
22.2662,-63.09,0.70,-147.95,-35.62,0.62,7,7,-1.000,0
22.2703,-62.51,0.58,-148.10,-35.46,0.53,7,7,-1.000,0
22.2749,-62.48,0.02,-147.50,-35.60,0.63,7,7,-1.000,0
22.2790,-62.19,0.30,-147.45,-35.24,0.49,7,7,-1.000,0
22.2829,-61.68,0.50,-147.97,-35.75,0.70,7,7,-1.000,0
22.2872,-61.28,0.40,-148.21,-36.28,0.62,7,7,-1.000,0
22.2917,-60.87,0.41,-148.20,-36.34,0.42,7,7,-1.000,0
22.2957,-60.51,0.36,-148.37,-36.50,0.33,7,7,-1.000,0
22.2997,-60.38,0.14,-148.21,-36.40,0.29,7,7,-1.000,0
22.3038,-60.07,0.31,-148.16,-36.76,0.49,7,7,-1.000,0
22.3082,-60.38,-0.31,-148.09,-37.40,0.70,7,7,-1.000,0
22.3124,-60.28,0.10,-147.72,-37.46,0.44,7,7,-1.000,0
22.3163,-60.09,0.19,-147.66,-38.03,0.61,7,7,-1.000,0
22.3205,-60.00,0.09,-147.48,-38.49,0.53,7,7,-1.000,0
22.3249,-60.08,-0.08,-147.19,-38.92,0.50,7,7,-1.000,0
22.3289,-59.92,0.16,-146.74,-39.12,0.59,7,7,-1.000,0
22.3329,-59.94,-0.01,-146.28,-39.55,0.62,7,7,-1.000,0
22.3372,-59.81,0.12,-145.95,-39.97,0.59,7,7,-1.000,0
22.3413,-59.66,0.15,-145.47,-39.91,0.59,7,7,-1.000,0
22.3457,-59.48,0.19,-145.14,-40.46,0.73,7,7,-1.000,0
22.3498,-59.24,0.24,-144.80,-40.93,0.70,7,7,-1.000,0
22.3538,-58.90,0.34,-144.24,-41.20,0.86,7,7,-1.000,0
22.3580,-58.59,0.31,-143.60,-41.43,0.91,7,7,-1.000,0
22.3620,-58.51,0.08,-143.01,-41.72,0.70,7,7,-1.000,0
22.3663,-57.75,0.77,-142.13,-41.61,1.51,7,7,-1.000,0
22.3705,-57.58,0.17,-141.45,-41.92,0.86,7,7,-1.000,0
22.3750,-57.25,0.33,-140.78,-42.22,0.98,7,7,-1.000,0
22.3789,-56.51,0.74,-139.92,-42.06,1.46,7,7,-1.000,0
22.3829,-56.15,0.36,-139.70,-42.49,0.69,7,7,-1.000,0
22.3871,-55.56,0.59,-139.46,-42.50,0.77,7,7,-1.000,0
22.3916,-55.45,0.11,-139.50,-42.97,0.48,7,7,-1.000,0
22.3955,-55.60,-0.16,-139.17,-43.28,0.39,7,7,-1.000,0
22.3997,-55.43,0.17,-138.97,-43.62,0.49,7,7,-1.000,0
22.4038,-55.30,0.13,-138.71,-43.79,0.39,7,7,-1.000,0
22.4082,-55.25,0.04,-138.55,-44.05,0.33,7,7,-1.000,0
22.4122,-55.37,-0.11,-138.45,-44.38,0.33,7,7,-1.000,0
22.4162,-55.05,0.32,-138.53,-44.89,0.58,7,7,-1.000,0
22.4205,-55.36,-0.31,-138.00,-44.87,0.39,7,7,-1.000,0
22.4247,-55.66,-0.31,-138.12,-45.61,0.85,7,7,-1.000,0
22.4288,-55.97,-0.31,-137.83,-45.81,0.30,7,7,-1.000,0
22.4328,-56.03,-0.06,-137.59,-45.88,0.21,7,7,-1.000,0
22.4371,-56.19,-0.15,-137.56,-46.63,0.76,7,7,-1.000,0
22.4415,-56.56,-0.38,-137.26,-46.80,0.31,7,7,-1.000,0
22.4456,-56.60,-0.04,-137.30,-47.51,0.71,7,7,-1.000,0
22.4495,-56.59,0.01,-137.24,-47.68,0.18,7,7,-1.000,0
22.4538,-56.83,-0.24,-137.08,-48.28,0.63,7,7,-1.000,0
22.4579,-57.05,-0.22,-137.05,-48.93,0.67,7,7,-1.000,0
22.4620,-56.66,0.39,-136.99,-49.04,0.46,7,7,-1.000,0
22.4663,-56.63,0.02,-136.92,-49.42,0.39,7,7,-1.000,0
22.4705,-56.32,0.31,-137.08,-49.83,0.47,7,7,-1.000,0
22.4750,-56.14,0.18,-137.09,-50.23,0.44,7,7,-1.000,0
22.4789,-55.83,0.32,-137.20,-50.75,0.58,7,7,-1.000,0
22.4829,-55.35,0.48,-136.98,-50.63,0.67,7,7,-1.000,0
22.4871,-55.37,-0.02,-137.12,-51.32,0.70,7,7,-1.000,0
22.4913,-54.89,0.48,-137.31,-51.78,0.59,7,7,-1.000,0
22.4955,-54.83,0.05,-137.07,-51.91,0.31,7,7,-1.000,0
22.4995,-54.79,0.04,-136.98,-52.28,0.38,7,7,-1.000,0
22.5039,-54.15,0.64,-137.22,-52.75,0.67,7,7,-1.000,0
22.5083,-53.53,0.62,-136.98,-52.44,0.88,7,7,-1.000,0
22.5122,-52.96,0.57,-137.12,-52.59,0.49,7,7,-1.000,0
22.5163,-52.36,0.60,-137.06,-52.37,0.69,7,7,-1.000,0
22.5205,-52.03,0.34,-137.45,-52.82,0.51,7,7,-1.000,0
22.5249,-52.08,-0.05,-137.74,-53.37,0.64,7,7,-1.000,0
22.5290,-51.34,0.74,-137.80,-53.04,0.77,7,7,-1.000,0
22.5330,-51.29,0.04,-138.20,-53.50,0.59,7,7,-1.000,0
22.5373,-50.79,0.50,-137.99,-52.88,0.92,7,7,-1.000,0
22.5415,-50.54,0.25,-138.12,-52.90,0.17,7,7,-1.000,0
22.5463,-51.22,-0.67,-138.30,-53.57,1.07,7,7,-1.000,0
22.5499,-50.82,0.39,-138.19,-53.11,0.67,7,7,-1.000,0
22.5540,-51.14,-0.31,-138.50,-53.72,0.85,7,7,-1.000,0
22.5581,-51.28,-0.14,-138.16,-53.46,0.35,7,7,-1.000,0
22.5621,-51.18,0.10,-138.55,-53.81,0.47,7,7,-1.000,0
22.5661,-51.08,0.10,-138.11,-53.31,0.73,7,7,-1.000,0
22.5703,-50.64,0.44,-138.32,-53.41,0.32,7,7,-1.000,0
22.5748,-51.31,-0.67,-138.43,-53.92,0.92,7,7,-1.000,0
22.5788,-50.44,0.87,-138.66,-54.00,0.71,7,7,-1.000,0
22.5828,-50.76,-0.32,-138.73,-54.65,0.76,7,7,-1.000,0
22.5872,-50.15,0.61,-138.56,-54.28,0.85,7,7,-1.000,0
22.5914,-49.80,0.35,-138.85,-54.53,0.33,7,7,-1.000,0
22.5955,-49.28,0.52,-139.14,-54.83,0.44,7,7,-1.000,0
22.5995,-49.07,0.21,-139.19,-55.07,0.29,7,7,-1.000,0
22.6038,-49.11,-0.04,-139.15,-55.38,0.32,7,7,-1.000,0
22.6082,-49.20,-0.09,-139.02,-55.56,0.19,7,7,-1.000,0
22.6123,-48.62,0.58,-138.98,-55.66,0.62,7,7,-1.000,0
22.6163,-47.95,0.67,-139.32,-55.61,0.44,7,7,-1.000,0
22.6204,-47.75,0.19,-139.71,-55.70,0.27,7,7,-1.000,0
22.6248,-47.29,0.46,-139.69,-55.53,0.50,7,7,-1.000,0
22.6288,-46.92,0.37,-139.80,-55.78,0.38,7,7,-1.000,0
22.6328,-46.37,0.55,-139.96,-55.66,0.44,7,7,-1.000,0
22.6372,-43.92,2.45,-140.32,-54.46,2.47,7,7,-1.000,0
22.6413,-43.56,0.37,-140.29,-54.18,0.48,7,7,-1.000,0
22.6456,-43.00,0.56,-140.96,-54.39,0.45,7,7,-1.000,0
22.6496,-42.63,0.37,-141.08,-54.15,0.38,7,7,-1.000,0
22.6537,-42.41,0.22,-141.10,-54.33,0.27,7,7,-1.000,0
22.6579,-42.27,0.14,-141.29,-54.39,0.13,7,7,-1.000,0
22.6619,-42.39,-0.12,-141.69,-54.85,0.68,7,7,-1.000,0
22.6661,-41.82,0.56,-141.85,-54.63,0.49,7,7,-1.000,0
22.6703,-41.70,0.12,-141.66,-54.51,0.32,7,7,-1.000,0
22.6747,-41.18,0.52,-141.47,-54.33,0.71,7,7,-1.000,0
22.6787,-40.70,0.47,-141.48,-54.22,0.48,7,7,-1.000,0
22.6827,-41.78,-1.07,-141.57,-55.21,1.52,7,7,-1.000,0
22.6871,-42.11,-0.34,-141.49,-55.44,0.36,7,7,-1.000,0
22.6914,-41.78,0.33,-141.50,-55.51,0.33,7,7,-1.000,0
22.6955,-41.32,0.46,-141.56,-55.49,0.41,7,7,-1.000,0
22.6994,-41.90,-0.58,-141.76,-56.33,1.12,7,7,-1.000,0
22.7038,-42.06,-0.16,-141.85,-56.63,0.38,7,7,-1.000,0
22.7082,-42.79,-0.74,-141.44,-57.44,0.93,7,7,-1.000,0
22.7123,-43.51,-0.72,-140.45,-57.98,0.77,7,7,-1.000,0
22.7163,-43.89,-0.38,-140.14,-58.36,0.44,7,7,-1.000,0
22.7204,-44.04,-0.15,-140.24,-58.85,0.55,7,7,-1.000,0
22.7248,-43.69,0.35,-140.67,-58.71,0.26,7,7,-1.000,0
22.7289,-42.98,0.71,-141.28,-58.96,0.44,7,7,-1.000,0
22.7328,-43.30,-0.32,-141.08,-59.15,0.27,7,7,-1.000,0
22.7371,-42.71,0.59,-141.72,-59.13,0.33,7,7,-1.000,0
22.7414,-42.23,0.49,-141.89,-59.20,0.36,7,7,-1.000,0
22.7456,-41.88,0.34,-142.17,-59.31,0.21,7,7,-1.000,0
22.7495,-41.35,0.54,-142.51,-59.07,0.39,7,7,-1.000,0
22.7537,-41.24,0.11,-142.52,-59.10,0.10,7,7,-1.000,0
22.7581,-40.90,0.34,-143.09,-59.24,0.35,7,7,-1.000,0
22.7621,-40.27,0.62,-143.63,-59.13,0.34,7,7,-1.000,0
22.7662,-39.88,0.39,-144.03,-58.84,0.36,7,7,-1.000,0
22.7704,-38.83,1.05,-144.96,-58.54,0.62,7,7,-1.000,0
22.7747,-38.86,-0.02,-144.94,-58.20,0.34,7,7,-1.000,0
22.7789,-38.66,0.20,-145.60,-58.49,0.58,7,7,-1.000,0
22.7828,-38.57,0.09,-145.84,-58.60,0.20,7,7,-1.000,0
22.7870,-38.15,0.43,-146.34,-58.34,0.37,7,7,-1.000,0
22.7913,-37.66,0.49,-146.72,-57.86,0.55,7,7,-1.000,0
22.7953,-37.07,0.59,-147.64,-58.20,0.63,7,7,-1.000,0
22.7994,-36.73,0.34,-148.61,-58.89,0.99,7,7,-1.000,0
22.8038,-36.14,0.60,-149.12,-58.58,0.44,7,7,-1.000,0
22.8079,-35.96,0.17,-149.33,-58.54,0.11,7,7,-1.000,0
22.8123,-35.84,0.13,-149.76,-59.08,0.63,7,7,-1.000,0
22.8163,-35.43,0.40,-150.11,-58.75,0.39,7,7,-1.000,0
22.8204,-35.27,0.17,-150.25,-58.55,0.22,7,7,-1.000,0
22.8246,-34.89,0.37,-150.63,-58.65,0.23,7,7,-1.000,0
22.8289,-34.27,0.62,-151.06,-58.57,0.35,7,7,-1.000,0
22.8328,-34.22,0.05,-151.18,-58.57,0.08,7,7,-1.000,0
22.8371,-33.58,0.65,-151.62,-58.65,0.36,7,7,-1.000,0
22.8414,-32.93,0.64,-152.13,-58.53,0.36,7,7,-1.000,0
22.8454,-32.39,0.55,-152.48,-58.37,0.35,7,7,-1.000,0
22.8495,-31.79,0.60,-152.81,-58.25,0.38,7,7,-1.000,0
22.8537,-31.04,0.75,-153.21,-57.98,0.54,7,7,-1.000,0
22.8581,-30.41,0.63,-153.82,-57.92,0.35,7,7,-1.000,0
22.8622,-30.20,0.20,-154.17,-57.70,0.30,7,7,-1.000,0
22.8662,-30.54,-0.34,-154.54,-58.10,0.79,7,7,-1.000,0
22.8704,-29.62,0.92,-155.12,-57.50,0.80,7,7,-1.000,0
22.8745,-29.14,0.49,-154.94,-56.82,0.94,7,7,-1.000,0
22.8787,-28.70,0.43,-155.54,-56.79,0.34,7,7,-1.000,0
22.8827,-28.33,0.38,-155.51,-55.74,1.12,7,7,-1.000,0
22.8873,-27.72,0.60,-156.25,-55.41,0.53,7,7,-1.000,0
22.8915,-27.40,0.32,-156.45,-54.85,0.59,7,7,-1.000,0
22.8953,-27.10,0.31,-156.59,-54.19,0.69,7,7,-1.000,0
22.8995,-26.60,0.49,-157.16,-53.73,0.57,7,7,-1.000,0
22.9038,-26.44,0.16,-157.48,-53.37,0.43,7,7,-1.000,0
22.9081,-26.14,0.30,-157.78,-52.81,0.58,7,7,-1.000,0
22.9121,-25.86,0.28,-157.82,-52.10,0.76,7,7,-1.000,0
22.9162,-25.66,0.20,-158.10,-51.61,0.52,7,7,-1.000,0
22.9203,-25.33,0.33,-158.54,-51.29,0.42,7,7,-1.000,0
22.9249,-25.21,0.12,-158.58,-50.67,0.63,7,7,-1.000,0
22.9287,-24.97,0.24,-158.96,-50.16,0.56,7,7,-1.000,0
22.9326,-24.40,0.58,-159.54,-49.65,0.65,7,7,-1.000,0
22.9370,-24.14,0.26,-159.61,-48.76,0.91,7,7,-1.000,0
22.9416,-23.41,0.73,-160.33,-48.22,0.74,7,7,-1.000,0
22.9456,-22.93,0.48,-160.76,-47.82,0.52,7,7,-1.000,0
22.9496,-26.23,-3.30,-160.39,-49.04,3.27,7,7,-1.000,0
22.9538,-26.51,-0.29,-160.53,-48.70,0.53,7,7,-1.000,0
22.9582,-26.53,-0.01,-161.41,-48.96,0.92,7,7,-1.000,0
22.9623,-26.67,-0.14,-161.58,-48.76,0.36,7,7,-1.000,0
22.9662,-26.21,0.46,-162.07,-48.50,0.42,7,7,-1.000,0
22.9704,-25.96,0.25,-162.44,-48.16,0.41,7,7,-1.000,0
22.9749,-25.29,0.67,-162.46,-47.18,1.19,7,7,-1.000,0
22.9788,-25.11,0.18,-162.69,-46.81,0.40,7,7,-1.000,0
22.9828,-24.82,0.29,-162.93,-46.35,0.50,7,7,-1.000,0
22.9872,-24.34,0.49,-163.53,-45.79,0.70,7,7,-1.000,0
22.9916,-24.19,0.15,-163.69,-45.20,0.60,7,7,-1.000,0
22.9956,-24.02,0.17,-164.27,-45.14,0.48,7,7,-1.000,0
22.9996,-24.07,-0.05,-163.43,-44.66,0.95,7,7,-1.000,0
23.0037,-23.42,0.65,-163.98,-43.63,1.14,7,7,-1.000,0
23.0083,-23.96,-0.55,-163.74,-43.24,0.57,7,7,-1.000,0
23.0122,-23.17,0.79,-164.43,-42.60,0.88,7,7,-1.000,0
23.0162,-22.85,0.32,-164.89,-42.33,0.44,7,7,-1.000,0
23.0204,-22.97,-0.12,-165.54,-41.78,0.91,7,7,-1.000,0
23.0250,-22.68,0.29,-165.08,-41.07,0.99,7,7,-1.000,0
23.0288,-22.64,0.04,-166.15,-40.74,1.10,7,7,-1.000,0
23.0328,-22.31,0.32,-166.01,-39.90,0.95,7,7,-1.000,0
23.0371,-21.85,0.46,-166.25,-39.48,0.55,7,7,-1.000,0
23.0416,-22.17,-0.32,-166.76,-38.48,1.25,7,7,-1.000,0
23.0454,-22.00,0.17,-167.23,-38.14,0.52,7,7,-1.000,0
23.0495,-21.74,0.26,-166.86,-37.18,1.11,7,7,-1.000,0
23.0540,-22.04,-0.30,-166.50,-36.40,0.84,7,7,-1.000,0
23.0582,-22.38,-0.34,-166.20,-35.81,0.65,7,7,-1.000,0
23.0621,-22.35,0.03,-165.60,-34.42,1.52,7,7,-1.000,0
23.0661,-21.99,0.37,-166.16,-33.74,0.83,7,7,-1.000,0
23.0704,-22.18,-0.19,-166.40,-33.23,0.64,7,7,-1.000,0
23.0749,-22.45,-0.27,-166.31,-32.01,1.24,7,7,-1.000,0
23.0789,-22.08,0.36,-166.00,-30.64,1.48,7,7,-1.000,0
23.0828,-21.98,0.10,-166.63,-29.87,0.97,7,7,-1.000,0
23.0871,-22.21,-0.23,-166.98,-29.13,0.90,7,7,-1.000,0
23.0916,-22.58,-0.36,-167.50,-28.51,0.98,7,7,-1.000,0
23.0956,-23.16,-0.59,-168.14,-28.35,1.07,7,7,-1.000,0
23.0996,-23.75,-0.59,-168.56,-27.44,1.25,7,7,-1.000,0
23.1044,-23.70,0.06,-168.77,-27.11,0.38,7,7,-1.000,0
23.1101,-23.73,-0.04,-168.80,-26.73,0.38,7,7,-1.000,0
23.1142,-23.98,-0.24,-168.56,-25.79,0.98,7,7,-1.000,0
23.1178,-23.91,0.07,-168.40,-25.22,0.60,7,7,-1.000,0
23.1226,-23.52,0.39,-168.58,-24.91,0.47,7,7,-1.000,0
23.1266,-23.47,0.06,-168.59,-24.53,0.38,7,7,-1.000,0
23.1307,-23.45,0.01,-168.46,-24.05,0.49,7,7,-1.000,0
23.1346,-23.37,0.08,-168.34,-23.58,0.51,7,7,-1.000,0
23.1389,-23.24,0.13,-168.36,-23.00,0.59,7,7,-1.000,0
23.1431,-23.19,0.05,-168.47,-22.65,0.36,7,7,-1.000,0
23.1478,-23.17,0.02,-168.44,-22.04,0.61,7,7,-1.000,0
23.1516,-23.05,0.12,-168.76,-22.07,0.30,7,7,-1.000,0
23.1561,-22.91,0.14,-168.72,-21.72,0.39,7,7,-1.000,0
23.1598,-22.89,0.02,-168.78,-21.40,0.31,7,7,-1.000,0
23.1640,-22.87,0.02,-168.62,-20.88,0.55,7,7,-1.000,0
23.1679,-22.72,0.15,-168.68,-20.53,0.37,7,7,-1.000,0
23.1727,-22.65,0.07,-168.87,-20.22,0.36,7,7,-1.000,0
23.1773,-22.67,-0.02,-168.82,-19.60,0.62,7,7,-1.000,0
23.1790,-22.62,0.05,-169.05,-19.28,0.38,7,7,-1.000,0
23.1833,-22.60,0.02,-168.91,-18.69,0.61,7,7,-1.000,0
23.1873,-22.60,0.00,-169.17,-18.33,0.45,7,7,-1.000,0
23.1914,-22.39,0.21,-169.12,-17.70,0.67,7,7,-1.000,0
23.1954,-22.39,-0.00,-169.37,-17.37,0.41,7,7,-1.000,0
23.1996,-22.50,-0.11,-169.50,-16.84,0.57,7,7,-1.000,0
23.2039,-22.75,-0.25,-169.83,-16.83,0.47,7,7,-1.000,0
23.2082,-22.93,-0.19,-169.72,-15.99,0.87,7,7,-1.000,0
23.2121,-22.73,0.20,-170.03,-16.02,0.32,7,7,-1.000,0
23.2163,-22.85,-0.12,-170.12,-15.62,0.44,7,7,-1.000,0
23.2204,-22.63,0.23,-170.02,-15.15,0.54,7,7,-1.000,0
23.2249,-22.45,0.18,-169.89,-14.53,0.67,7,7,-1.000,0
23.2289,-22.43,0.02,-170.16,-14.45,0.28,7,7,-1.000,0
23.2328,-22.36,0.08,-170.24,-14.05,0.41,7,7,-1.000,0
23.2372,-22.47,-0.11,-170.36,-13.55,0.53,7,7,-1.000,0
23.2414,-22.37,0.10,-170.65,-13.37,0.34,7,7,-1.000,0
23.2454,-22.34,0.03,-170.59,-13.09,0.29,7,7,-1.000,0
23.2496,-22.45,-0.11,-170.46,-12.75,0.37,7,7,-1.000,0
23.2538,-22.71,-0.26,-170.52,-12.37,0.47,7,7,-1.000,0
23.2583,-22.35,0.36,-170.04,-12.29,0.66,7,7,-1.000,0
23.2624,-22.44,-0.09,-170.76,-11.63,0.99,7,7,-1.000,0
23.2664,-22.44,0.00,-170.21,-10.92,0.90,7,7,-1.000,0
23.2705,-22.36,0.08,-169.73,-10.44,0.70,7,7,-1.000,0
23.2749,-22.38,-0.03,-170.05,-9.87,0.66,7,7,-1.000,0
23.2788,-22.49,-0.11,-170.24,-9.34,0.57,7,7,-1.000,0
23.2828,-22.79,-0.30,-170.14,-8.55,0.84,7,7,-1.000,0
23.2872,-22.77,0.02,-170.17,-7.71,0.84,7,7,-1.000,0
23.2913,-22.94,-0.17,-170.54,-6.88,0.93,7,7,-1.000,0
23.2954,-23.20,-0.26,-170.69,-6.14,0.81,7,7,-1.000,0
23.2995,-23.49,-0.30,-170.98,-5.39,0.87,7,7,-1.000,0
23.3039,-23.39,0.10,-171.09,-4.81,0.59,7,7,-1.000,0
23.3083,-23.55,-0.16,-171.23,-3.85,0.99,7,7,-1.000,0
23.3120,-23.60,-0.05,-171.47,-3.21,0.69,7,7,-1.000,0
23.3163,-23.62,-0.02,-171.41,-2.56,0.65,7,7,-1.000,0
23.3204,-23.24,0.38,-171.24,-1.51,1.13,7,7,-1.000,0
23.3247,-23.26,-0.03,-171.53,-0.46,1.10,7,7,-1.000,0
23.3287,-23.23,0.03,-171.61,-0.02,0.45,7,7,-1.000,0
23.3328,-23.16,0.07,-171.43,0.77,0.81,7,7,-1.000,0
23.3372,-23.47,-0.31,-171.93,1.11,0.67,7,7,-1.000,0
23.3416,-23.11,0.36,-172.00,1.40,0.47,7,7,-1.000,0
23.3455,-23.61,-0.50,-172.36,1.52,0.62,7,7,-1.000,0
23.3494,-23.43,0.18,-172.48,1.87,0.42,7,7,-1.000,0
23.3538,-23.86,-0.43,-173.27,1.57,0.94,7,7,-1.000,0
23.3583,-24.21,-0.36,-173.31,2.22,0.74,7,7,-1.000,0
23.3622,-24.06,0.16,-173.77,1.88,0.60,7,7,-1.000,0
23.3663,-24.16,-0.11,-173.87,2.59,0.73,7,7,-1.000,0
23.3705,-24.13,0.04,-173.97,3.01,0.43,7,7,-1.000,0
23.3749,-24.37,-0.24,-174.27,3.69,0.78,7,7,-1.000,0
23.3788,-24.90,-0.53,-174.78,4.30,0.94,7,7,-1.000,0
23.3828,-25.03,-0.12,-174.94,5.14,0.87,7,7,-1.000,0
23.3873,-24.59,0.43,-174.83,5.70,0.71,7,7,-1.000,0
23.3915,-25.12,-0.52,-175.19,6.98,1.42,7,7,-1.000,0
23.3954,-25.13,-0.01,-175.34,7.14,0.22,7,7,-1.000,0
23.3996,-25.14,-0.01,-175.54,7.83,0.72,7,7,-1.000,0
23.4038,-25.63,-0.49,-175.84,8.65,0.97,7,7,-1.000,0
23.4083,-25.29,0.34,-175.81,9.27,0.71,7,7,-1.000,0
23.4121,-24.78,0.51,-175.69,9.93,0.83,7,7,-1.000,0
23.4163,-24.90,-0.11,-175.56,10.96,1.04,7,7,-1.000,0
23.4205,-24.72,0.17,-175.54,11.34,0.42,7,7,-1.000,0
23.4250,-23.66,1.06,-174.92,11.79,1.21,7,7,-1.000,0
23.4288,-24.21,-0.55,-175.12,12.11,0.64,7,7,-1.000,0
23.4328,-24.04,0.17,-175.30,12.40,0.40,7,7,-1.000,0
23.4371,-23.44,0.60,-175.05,12.89,0.77,7,7,-1.000,0
23.4416,-23.41,0.02,-175.07,13.40,0.52,7,7,-1.000,0
23.4455,-22.78,0.63,-174.82,13.94,0.82,7,7,-1.000,0
23.4496,-22.62,0.16,-174.64,14.50,0.60,7,7,-1.000,0
23.4539,-22.78,-0.16,-174.97,15.15,0.73,7,7,-1.000,0
23.4582,-22.31,0.48,-174.66,15.67,0.72,7,7,-1.000,0
23.4621,-22.19,0.12,-174.49,16.41,0.76,7,7,-1.000,0
23.4663,-22.02,0.17,-174.50,17.08,0.70,7,7,-1.000,0
23.4704,-22.18,-0.16,-174.91,17.68,0.71,7,7,-1.000,0
23.4750,-22.09,0.09,-174.76,18.34,0.67,7,7,-1.000,0
23.4789,-22.51,-0.43,-175.56,19.21,1.17,7,7,-1.000,0
23.4829,-22.01,0.50,-175.00,19.57,0.72,7,7,-1.000,0
23.4873,-21.89,0.12,-174.94,20.42,0.86,7,7,-1.000,0
23.4916,-22.28,-0.39,-175.29,21.37,1.04,7,7,-1.000,0
23.4953,-22.35,-0.07,-175.84,21.90,0.75,7,7,-1.000,0
23.4995,-22.34,0.01,-175.91,22.71,0.81,7,7,-1.000,0
23.5038,-22.82,-0.48,-176.41,23.49,0.95,7,7,-1.000,0
23.5083,-22.54,0.28,-176.19,24.01,0.59,7,7,-1.000,0
23.5121,-22.73,-0.20,-176.56,24.66,0.73,7,7,-1.000,0
23.5163,-22.56,0.17,-176.55,25.12,0.49,7,7,-1.000,0
23.5205,-22.81,-0.25,-176.78,25.82,0.75,7,7,-1.000,0
23.5249,-22.81,-0.00,-176.79,26.49,0.67,7,7,-1.000,0
23.5289,-22.76,0.05,-176.89,26.91,0.44,7,7,-1.000,0
23.5328,-22.95,-0.19,-177.28,27.46,0.66,7,7,-1.000,0
23.5372,-23.32,-0.37,-177.81,28.35,1.01,7,7,-1.000,0
23.5416,-22.92,0.39,-177.41,28.86,0.65,7,7,-1.000,0
23.5456,-23.43,-0.51,-177.99,29.75,1.04,7,7,-1.000,0
23.5497,-23.97,-0.54,-179.07,30.74,1.37,7,7,-1.000,0
23.5539,-24.22,-0.25,-179.36,31.09,0.44,7,7,-1.000,0
23.5583,-24.35,-0.13,-179.63,31.72,0.66,7,7,-1.000,0
23.5624,-24.44,-0.10,179.84,32.56,0.97,7,7,-1.000,0
23.5664,-24.54,-0.10,179.43,33.24,0.77,7,7,-1.000,0
23.5709,-25.24,-0.70,178.78,33.84,0.89,7,7,-1.000,0
23.5752,-25.46,-0.22,178.22,34.46,0.78,7,7,-1.000,0
23.5789,-25.63,-0.16,177.87,35.16,0.75,7,7,-1.000,0
23.5829,-25.75,-0.12,177.55,35.91,0.80,7,7,-1.000,0
23.5872,-25.93,-0.17,177.23,36.46,0.61,7,7,-1.000,0
23.5917,-26.00,-0.07,176.96,36.98,0.58,7,7,-1.000,0
23.5956,-25.91,0.09,177.07,37.64,0.66,7,7,-1.000,0
23.5996,-26.05,-0.14,176.77,38.06,0.48,7,7,-1.000,0
23.6039,-26.23,-0.17,176.57,38.59,0.55,7,7,-1.000,0
23.6084,-26.25,-0.02,176.38,39.08,0.52,7,7,-1.000,0
23.6122,-26.27,-0.02,176.48,39.66,0.60,7,7,-1.000,0
23.6162,-26.62,-0.35,176.11,40.17,0.59,7,7,-1.000,0
23.6205,-26.57,0.05,176.10,40.76,0.60,7,7,-1.000,0
23.6250,-26.68,-0.12,176.18,41.41,0.67,7,7,-1.000,0
23.6289,-26.67,0.01,176.18,42.08,0.67,7,7,-1.000,0
23.6329,-26.78,-0.11,176.04,42.63,0.56,7,7,-1.000,0
23.6372,-27.05,-0.27,175.84,43.17,0.58,7,7,-1.000,0
23.6416,-27.13,-0.07,175.71,43.83,0.67,7,7,-1.000,0
23.6455,-27.63,-0.50,175.11,44.37,0.69,7,7,-1.000,0
23.6496,-27.71,-0.08,175.04,44.92,0.56,7,7,-1.000,0
23.6539,-28.02,-0.32,174.84,45.65,0.76,7,7,-1.000,0
23.6583,-28.09,-0.07,174.56,46.44,0.83,7,7,-1.000,0
23.6622,-28.07,0.02,174.55,46.87,0.43,7,7,-1.000,0
23.6662,-28.14,-0.07,174.42,47.58,0.72,7,7,-1.000,0
23.6705,-28.42,-0.28,173.97,48.40,0.88,7,7,-1.000,0
23.6751,-28.43,-0.01,173.58,49.21,0.90,7,7,-1.000,0
23.6790,-28.59,-0.16,173.38,49.76,0.56,7,7,-1.000,0
23.6829,-28.78,-0.19,173.14,50.35,0.62,7,7,-1.000,0
23.6873,-29.36,-0.58,172.41,50.88,0.71,7,7,-1.000,0
23.6913,-29.16,0.20,172.49,51.37,0.51,7,7,-1.000,0
23.6955,-29.48,-0.32,172.14,51.78,0.47,7,7,-1.000,0
23.6996,-29.49,-0.02,171.98,52.10,0.35,7,7,-1.000,0
23.7038,-30.22,-0.73,171.14,52.85,0.91,7,7,-1.000,0
23.7083,-30.57,-0.35,170.68,53.31,0.54,7,7,-1.000,0
23.7122,-30.48,0.09,170.69,53.68,0.38,7,7,-1.000,0
23.7162,-30.53,-0.05,170.45,54.18,0.54,7,7,-1.000,0
23.7205,-30.91,-0.38,169.89,54.87,0.76,7,7,-1.000,0
23.7250,-31.37,-0.47,169.42,55.43,0.63,7,7,-1.000,0
23.7289,-31.42,-0.05,169.29,55.91,0.48,7,7,-1.000,0
23.7329,-31.81,-0.38,168.71,56.45,0.64,7,7,-1.000,0
23.7372,-32.21,-0.40,168.27,57.12,0.72,7,7,-1.000,0
23.7417,-33.04,-0.83,167.39,57.57,0.66,7,7,-1.000,0
23.7457,-33.63,-0.60,166.69,58.17,0.70,7,7,-1.000,0
23.7495,-34.08,-0.44,166.02,58.85,0.78,7,7,-1.000,0
23.7538,-34.78,-0.70,165.19,59.52,0.80,7,7,-1.000,0
23.7583,-35.44,-0.66,164.33,60.09,0.72,7,7,-1.000,0
23.7622,-36.47,-1.03,163.29,60.53,0.69,7,7,-1.000,0
23.7662,-37.56,-1.09,162.10,61.09,0.81,7,7,-1.000,0
23.7704,-38.32,-0.76,161.08,61.65,0.75,7,7,-1.000,0
23.7749,-39.21,-0.89,160.15,62.04,0.59,7,7,-1.000,0
23.7789,-39.82,-0.62,159.31,62.50,0.62,7,7,-1.000,0
23.7829,-40.26,-0.44,158.81,63.01,0.56,7,7,-1.000,0
23.7872,-41.07,-0.81,157.97,63.45,0.58,7,7,-1.000,0
23.7916,-41.74,-0.67,157.22,63.90,0.57,7,7,-1.000,0
23.7955,-42.52,-0.78,156.37,64.28,0.53,7,7,-1.000,0
23.7996,-43.18,-0.66,155.64,64.68,0.51,7,7,-1.000,0
23.8039,-44.44,-1.25,154.32,65.01,0.65,7,7,-1.000,0
23.8079,-45.57,-1.13,153.05,65.32,0.62,7,7,-1.000,0
23.8124,-46.68,-1.11,151.74,65.89,0.79,7,7,-1.000,0
23.8164,-48.39,-1.71,149.96,66.38,0.88,7,7,-1.000,0
23.8205,-49.19,-0.80,149.08,66.74,0.51,7,7,-1.000,0
23.8245,-50.98,-1.79,147.33,67.23,0.86,7,7,-1.000,0
23.8290,-52.68,-1.70,145.41,67.48,0.78,7,7,-1.000,0
23.8333,-54.54,-1.86,143.47,67.86,0.83,7,7,-1.000,0
23.8374,-55.98,-1.44,141.97,67.92,0.57,7,7,-1.000,0
23.8416,-57.80,-1.82,140.11,68.12,0.73,7,7,-1.000,0
23.8455,-59.78,-1.99,138.05,68.09,0.77,7,7,-1.000,0
23.8496,-61.40,-1.61,136.35,68.26,0.66,7,7,-1.000,0
23.8538,-63.22,-1.83,134.52,68.41,0.71,7,7,-1.000,0
23.8583,-65.31,-2.08,132.44,68.44,0.78,7,7,-1.000,0
23.8621,-67.41,-2.11,130.29,68.64,0.82,7,7,-1.000,0
23.8662,-68.60,-1.19,128.66,68.48,0.70,7,7,-1.000,0
23.8704,-71.09,-2.49,126.27,68.35,0.93,7,7,-1.000,0
23.8748,-72.15,-1.06,124.95,68.35,0.52,7,7,-1.000,0
23.8789,-73.98,-1.84,122.99,68.14,0.76,7,7,-1.000,0
23.8830,-75.58,-1.60,121.26,68.08,0.65,7,7,-1.000,0
23.8872,-77.22,-1.64,119.47,67.87,0.71,7,7,-1.000,0
23.8916,-79.43,-2.21,117.20,67.58,0.91,7,7,-1.000,0
23.8955,-81.15,-1.71,115.32,67.27,0.78,7,7,-1.000,0
23.8997,-83.50,-2.36,112.96,67.00,0.98,7,7,-1.000,0
23.9039,-85.37,-1.87,110.93,66.53,0.93,7,7,-1.000,0
23.9084,-86.65,-1.28,109.62,66.25,0.60,7,7,-1.000,0
23.9122,-87.73,-1.08,108.42,65.68,0.75,7,7,-1.000,0
23.9163,-88.48,-0.75,107.52,65.25,0.58,7,7,-1.000,0
23.9205,-89.75,-1.27,106.08,64.66,0.85,7,7,-1.000,0
23.9251,-91.02,-1.28,104.67,63.99,0.91,7,7,-1.000,0
23.9289,-92.55,-1.52,103.06,63.10,1.14,7,7,-1.000,0
23.9330,-92.88,-0.33,102.50,62.52,0.66,7,7,-1.000,0
23.9372,-93.55,-0.68,101.44,62.16,0.66,7,7,-1.000,0
23.9417,-94.22,-0.67,100.56,61.66,0.67,7,7,-1.000,0
23.9456,-94.37,-0.15,100.15,61.28,0.47,7,7,-1.000,0
23.9497,-94.85,-0.48,99.28,60.84,0.68,7,7,-1.000,0
23.9538,-95.38,-0.53,98.69,60.44,0.49,7,7,-1.000,0
23.9583,-95.73,-0.35,98.14,59.97,0.56,7,7,-1.000,0
23.9623,-95.25,0.48,98.16,59.41,0.72,7,7,-1.000,0
23.9662,-95.84,-0.58,97.39,58.51,0.98,7,7,-1.000,0
23.9705,-96.37,-0.54,96.71,57.91,0.70,7,7,-1.000,0
23.9747,-96.08,0.29,96.61,57.42,0.62,7,7,-1.000,0
23.9788,-95.95,0.14,96.38,56.82,0.70,7,7,-1.000,0
23.9830,-96.23,-0.29,95.75,56.19,0.75,7,7,-1.000,0
23.9872,-96.21,0.03,95.40,55.69,0.63,7,7,-1.000,0
23.9917,-96.72,-0.51,94.66,54.80,0.99,7,7,-1.000,0
23.9956,-96.53,0.19,94.32,54.14,0.83,7,7,-1.000,0
23.9997,-96.22,0.32,93.86,53.42,1.03,7,7,-1.000,0
24.0039,-96.87,-0.66,92.71,52.53,1.16,7,7,-1.000,0
24.0081,-97.37,-0.50,92.03,51.56,1.05,7,7,-1.000,0
24.0121,-97.34,0.03,91.54,50.55,1.14,7,7,-1.000,0
24.0163,-97.48,-0.14,90.99,49.54,1.11,7,7,-1.000,0
24.0204,-97.55,-0.07,90.59,48.63,0.97,7,7,-1.000,0
24.0251,-97.44,0.11,90.33,47.87,0.83,7,7,-1.000,0
24.0290,-96.95,0.49,90.38,47.27,0.75,7,7,-1.000,0
24.0330,-97.06,-0.10,89.90,46.43,0.94,7,7,-1.000,0
24.0372,-96.73,0.32,89.86,45.87,0.66,7,7,-1.000,0
24.0416,-96.44,0.29,89.87,45.41,0.54,7,7,-1.000,0
24.0455,-96.15,0.29,89.75,44.83,0.70,7,7,-1.000,0
24.0496,-95.92,0.23,89.73,44.24,0.64,7,7,-1.000,0
24.0539,-95.74,0.18,89.65,43.43,0.84,7,7,-1.000,0
24.0584,-95.21,0.53,89.85,42.73,0.81,7,7,-1.000,0
24.0623,-95.19,0.02,89.70,42.02,0.73,7,7,-1.000,0
24.0662,-95.04,0.14,89.54,41.05,1.00,7,7,-1.000,0
24.0705,-94.89,0.15,89.34,40.04,1.06,7,7,-1.000,0
24.0748,-94.48,0.42,89.75,39.21,0.90,7,7,-1.000,0
24.0788,-94.29,0.18,89.68,38.03,1.21,7,7,-1.000,0
24.0829,-93.96,0.34,89.89,37.19,0.87,7,7,-1.000,0
24.0872,-93.48,0.47,90.03,35.97,1.29,7,7,-1.000,0
24.0917,-93.13,0.36,90.16,35.08,0.94,7,7,-1.000,0
24.0956,-92.44,0.69,90.38,34.21,1.06,7,7,-1.000,0
24.0996,-91.85,0.59,90.60,33.50,0.87,7,7,-1.000,0
24.1058,-91.36,0.49,90.92,32.77,0.83,7,7,-1.000,0
24.1107,-90.87,0.48,91.10,32.24,0.68,7,7,-1.000,0
24.1144,-90.47,0.40,91.26,31.82,0.54,7,7,-1.000,0
24.1187,-90.09,0.38,91.45,31.62,0.38,7,7,-1.000,0
24.1226,-89.68,0.41,91.53,31.42,0.43,7,7,-1.000,0
24.1271,-89.31,0.37,91.59,31.30,0.37,7,7,-1.000,0
24.1318,-88.83,0.47,91.67,31.29,0.44,7,7,-1.000,0
24.1360,-88.52,0.32,91.70,31.28,0.30,7,7,-1.000,0
24.1401,-88.00,0.52,91.68,31.12,0.55,7,7,-1.000,0
24.1437,-87.69,0.31,91.54,31.01,0.41,7,7,-1.000,0
24.1477,-87.46,0.23,91.57,31.12,0.25,7,7,-1.000,0
24.1519,-87.16,0.30,91.46,30.80,0.49,7,7,-1.000,0
24.1559,-86.84,0.31,91.31,30.57,0.47,7,7,-1.000,0
24.1602,-86.49,0.36,91.28,30.16,0.56,7,7,-1.000,0
24.1645,-85.96,0.52,91.40,29.75,0.63,7,7,-1.000,0
24.1692,-85.41,0.55,91.29,29.18,0.83,7,7,-1.000,0
24.1742,-85.09,0.33,91.46,28.63,0.62,7,7,-1.000,0
24.1767,-84.50,0.59,91.73,28.12,0.72,7,7,-1.000,0
24.1790,-83.82,0.68,92.05,27.39,0.94,7,7,-1.000,0
24.1834,-83.16,0.67,92.62,26.97,0.77,7,7,-1.000,0
24.1873,-82.32,0.84,93.31,26.48,0.94,7,7,-1.000,0
24.1918,-81.51,0.82,94.04,25.99,0.96,7,7,-1.000,0
24.1957,-80.58,0.93,94.69,25.40,1.05,7,7,-1.000,0
24.1996,-79.44,1.13,95.77,25.00,1.25,7,7,-1.000,0
24.2039,-78.60,0.84,96.57,24.67,0.94,7,7,-1.000,0
24.2083,-77.89,0.72,97.63,24.38,1.05,7,7,-1.000,0
24.2122,-76.95,0.94,98.71,24.16,1.12,7,7,-1.000,0
24.2162,-75.95,1.00,99.85,23.92,1.19,7,7,-1.000,0
24.2205,-74.83,1.12,100.79,23.78,1.14,7,7,-1.000,0
24.2250,-73.83,1.00,101.65,23.54,1.05,7,7,-1.000,0
24.2290,-72.93,0.90,102.68,23.36,1.08,7,7,-1.000,0
24.2330,-72.24,0.69,103.37,23.14,0.79,7,7,-1.000,0
24.2372,-71.39,0.86,103.91,22.88,0.86,7,7,-1.000,0
24.2416,-70.86,0.53,104.55,22.59,0.71,7,7,-1.000,0
24.2456,-70.14,0.71,104.97,22.46,0.69,7,7,-1.000,0
24.2496,-69.47,0.67,105.36,22.19,0.69,7,7,-1.000,0
24.2539,-68.98,0.49,105.55,22.09,0.47,7,7,-1.000,0
24.2583,-68.28,0.70,105.72,21.83,0.71,7,7,-1.000,0
24.2623,-67.49,0.79,106.03,21.29,0.91,7,7,-1.000,0
24.2664,-66.84,0.65,106.09,20.93,0.73,7,7,-1.000,0
24.2707,-66.20,0.64,106.38,20.50,0.74,7,7,-1.000,0
24.2750,-65.53,0.66,106.71,20.07,0.77,7,7,-1.000,0
24.2790,-64.86,0.68,107.08,19.41,0.93,7,7,-1.000,0
24.2830,-64.11,0.75,107.52,18.67,1.04,7,7,-1.000,0
24.2872,-63.47,0.64,108.09,18.08,0.93,7,7,-1.000,0
24.2917,-62.62,0.86,108.88,17.29,1.24,7,7,-1.000,0
24.2954,-62.09,0.52,109.35,16.52,0.98,7,7,-1.000,0
24.2996,-61.62,0.47,110.12,15.90,1.00,7,7,-1.000,0
24.3038,-60.95,0.68,110.82,15.24,1.06,7,7,-1.000,0
24.3083,-60.29,0.66,111.59,14.65,1.06,7,7,-1.000,0
24.3122,-59.96,0.33,112.23,14.38,0.69,7,7,-1.000,0
24.3162,-59.23,0.73,112.49,13.90,0.86,7,7,-1.000,0
24.3205,-58.71,0.52,112.77,13.67,0.57,7,7,-1.000,0
24.3250,-58.29,0.43,113.02,13.52,0.46,7,7,-1.000,0
24.3289,-57.88,0.40,113.11,13.38,0.42,7,7,-1.000,0
24.3328,-57.70,0.19,113.09,13.34,0.20,7,7,-1.000,0
24.3371,-57.66,0.04,113.19,13.52,0.21,7,7,-1.000,0
24.3416,-57.39,0.27,113.14,13.55,0.29,7,7,-1.000,0
24.3454,-56.92,0.46,112.96,13.38,0.57,7,7,-1.000,0
24.3496,-56.63,0.29,112.82,13.28,0.37,7,7,-1.000,0
24.3538,-56.48,0.15,112.83,13.31,0.14,7,7,-1.000,0
24.3582,-56.09,0.39,113.06,13.20,0.42,7,7,-1.000,0
24.3621,-55.65,0.45,113.30,13.18,0.46,7,7,-1.000,0
24.3662,-54.73,0.92,113.37,12.58,1.08,7,7,-1.000,0
24.3704,-54.50,0.23,113.99,12.51,0.62,7,7,-1.000,0
24.3750,-53.60,0.90,114.73,12.14,1.10,7,7,-1.000,0
24.3789,-52.94,0.66,115.59,11.80,1.02,7,7,-1.000,0
24.3829,-51.83,1.11,116.36,11.17,1.38,7,7,-1.000,0
24.3871,-51.04,0.79,117.61,10.87,1.38,7,7,-1.000,0
24.3916,-50.26,0.77,118.95,10.52,1.46,7,7,-1.000,0
24.3957,-48.89,1.37,119.99,9.76,1.74,7,7,-1.000,0
24.3997,-48.04,0.86,121.63,9.39,1.76,7,7,-1.000,0
24.4039,-47.11,0.93,123.04,8.86,1.65,7,7,-1.000,0
24.4083,-46.00,1.10,124.47,8.20,1.80,7,7,-1.000,0
24.4122,-44.99,1.02,126.04,7.70,1.82,7,7,-1.000,0
24.4162,-44.14,0.85,127.46,7.22,1.63,7,7,-1.000,0
24.4206,-43.29,0.85,128.97,7.30,1.64,7,7,-1.000,0
24.4250,-42.41,0.88,130.16,6.54,1.58,7,7,-1.000,0
24.4290,-41.40,1.01,131.62,6.07,1.75,7,7,-1.000,0
24.4330,-40.47,0.93,132.79,5.48,1.54,7,7,-1.000,0
24.4372,-39.48,0.99,134.07,4.56,1.80,7,7,-1.000,0
24.4417,-38.76,0.72,135.32,4.28,1.41,7,7,-1.000,0
24.4457,-38.08,0.69,136.08,3.17,1.49,7,7,-1.000,0
24.4496,-37.56,0.51,137.32,2.62,1.43,7,7,-1.000,0
24.4539,-36.65,0.91,138.16,2.32,1.25,7,7,-1.000,0
24.4583,-36.36,0.29,138.70,2.07,0.65,7,7,-1.000,0
24.4623,-36.11,0.25,139.36,1.19,1.12,7,7,-1.000,0
24.4662,-35.77,0.34,139.88,1.07,0.63,7,7,-1.000,0
24.4705,-35.60,0.17,140.44,0.55,0.78,7,7,-1.000,0
24.4749,-35.55,0.06,140.76,0.56,0.32,7,7,-1.000,0
24.4789,-35.37,0.18,140.79,0.43,0.22,7,7,-1.000,0
24.4830,-35.07,0.30,141.35,0.15,0.70,7,7,-1.000,0
24.4873,-34.79,0.27,141.42,-0.06,0.35,7,7,-1.000,0
24.4916,-34.54,0.25,141.73,-0.16,0.41,7,7,-1.000,0
24.4954,-34.44,0.11,141.76,-0.24,0.14,7,7,-1.000,0
24.4997,-34.49,-0.05,142.29,-0.56,0.62,7,7,-1.000,0
24.5039,-34.44,0.05,142.54,-0.76,0.32,7,7,-1.000,0
24.5084,-34.24,0.20,142.54,-0.80,0.20,7,7,-1.000,0
24.5123,-33.93,0.30,142.87,-1.25,0.64,7,7,-1.000,0
24.5162,-33.81,0.13,143.00,-1.69,0.48,7,7,-1.000,0
24.5205,-33.94,-0.13,143.75,-1.78,0.75,7,7,-1.000,0
24.5250,-33.89,0.05,143.95,-2.12,0.40,7,7,-1.000,0
24.5289,-33.82,0.07,144.69,-2.21,0.75,7,7,-1.000,0
24.5330,-33.68,0.14,145.03,-2.62,0.56,7,7,-1.000,0
24.5372,-33.58,0.10,145.17,-2.67,0.18,7,7,-1.000,0
24.5417,-33.68,-0.10,145.71,-2.77,0.55,7,7,-1.000,0
24.5455,-33.47,0.21,146.16,-3.29,0.73,7,7,-1.000,0
24.5497,-33.73,-0.26,146.29,-3.04,0.38,7,7,-1.000,0
24.5539,-33.34,0.39,146.98,-3.73,1.07,7,7,-1.000,0
24.5583,-33.29,0.05,147.41,-3.88,0.45,7,7,-1.000,0
24.5623,-31.78,1.51,149.56,-4.82,2.88,7,7,-1.000,0
24.5662,-31.60,0.18,150.03,-5.19,0.63,7,7,-1.000,0
24.5706,-31.39,0.21,150.33,-5.22,0.39,7,7,-1.000,0
24.5750,-30.85,0.53,150.90,-5.98,1.11,7,7,-1.000,0
24.5789,-30.62,0.23,151.30,-6.31,0.59,7,7,-1.000,0
24.5829,-30.49,0.13,151.67,-6.42,0.42,7,7,-1.000,0
24.5874,-30.09,0.41,152.20,-7.03,0.93,7,7,-1.000,0
24.5920,-29.94,0.15,152.92,-7.34,0.82,7,7,-1.000,0
24.5956,-29.83,0.11,153.54,-7.46,0.66,7,7,-1.000,0
24.5995,-29.52,0.32,153.91,-7.87,0.66,7,7,-1.000,0
24.6038,-29.27,0.24,154.54,-8.29,0.82,7,7,-1.000,0
24.6082,-29.04,0.23,154.85,-8.77,0.64,7,7,-1.000,0
24.6121,-28.82,0.22,155.39,-9.18,0.74,7,7,-1.000,0
24.6161,-28.58,0.23,155.88,-9.42,0.63,7,7,-1.000,0
24.6204,-28.27,0.31,156.05,-10.52,1.17,7,7,-1.000,0
24.6249,-27.89,0.38,156.87,-10.73,0.98,7,7,-1.000,0
24.6288,-27.85,0.04,157.97,-10.85,1.12,7,7,-1.000,0
24.6328,-27.46,0.39,158.78,-11.21,1.03,7,7,-1.000,0
24.6371,-27.16,0.29,159.38,-11.66,0.85,7,7,-1.000,0
24.6415,-27.06,0.11,160.01,-12.51,1.07,7,7,-1.000,0
24.6454,-26.96,0.10,161.02,-13.18,1.23,7,7,-1.000,0
24.6496,-26.82,0.15,162.00,-13.90,1.25,7,7,-1.000,0
24.6539,-26.20,0.62,163.05,-13.76,1.35,7,7,-1.000,0
24.6582,-25.79,0.41,164.13,-13.99,1.26,7,7,-1.000,0
24.6620,-25.79,-0.00,165.18,-14.71,1.27,7,7,-1.000,0
24.6662,-25.78,0.01,167.01,-14.83,1.84,7,7,-1.000,0
24.6705,-25.60,0.18,167.92,-15.47,1.17,7,7,-1.000,0
24.6750,-25.44,0.16,169.26,-15.84,1.43,7,7,-1.000,0
24.6789,-25.20,0.24,169.57,-17.11,1.35,7,7,-1.000,0
24.6831,-25.07,0.13,170.57,-17.57,1.15,7,7,-1.000,0
24.6873,-25.05,0.02,171.44,-17.99,0.97,7,7,-1.000,0
24.6915,-25.08,-0.03,172.34,-18.87,1.25,7,7,-1.000,0
24.6957,-25.24,-0.16,173.10,-19.40,0.89,7,7,-1.000,0
24.6997,-25.16,0.07,172.89,-19.45,0.20,7,7,-1.000,0
24.7039,-25.20,-0.04,174.44,-20.15,1.69,7,7,-1.000,0
24.7082,-25.18,0.02,174.69,-21.01,0.90,7,7,-1.000,0
24.7123,-25.17,0.01,175.29,-21.54,0.80,7,7,-1.000,0
24.7162,-24.85,0.31,176.04,-21.57,0.92,7,7,-1.000,0
24.7205,-24.52,0.34,176.08,-22.05,0.60,7,7,-1.000,0
24.7249,-25.00,-0.49,176.37,-22.49,0.64,7,7,-1.000,0
24.7289,-25.23,-0.23,176.78,-22.55,0.39,7,7,-1.000,0
24.7330,-25.62,-0.39,177.92,-22.78,1.07,7,7,-1.000,0
24.7371,-25.97,-0.35,179.18,-22.84,1.17,7,7,-1.000,0
24.7413,-25.77,0.20,178.14,-22.45,1.06,7,7,-1.000,0
24.7457,-26.43,-0.66,179.48,-22.72,1.28,7,7,-1.000,0
24.7496,-26.96,-0.53,-179.13,-22.88,1.29,7,7,-1.000,0
24.7539,-27.67,-0.72,178.11,-19.72,4.43,7,7,-1.000,0
24.7585,-27.87,-0.20,178.92,-19.40,0.84,7,7,-1.000,0
24.7622,-28.44,-0.57,-179.59,-19.74,1.44,7,7,-1.000,0
24.7661,-28.78,-0.33,-177.89,-19.77,1.62,7,7,-1.000,0
24.7703,-28.33,0.45,-175.99,-19.99,2.11,7,7,-1.000,0
24.7747,-27.60,0.73,-172.25,-19.97,4.05,7,7,-1.000,0
24.7788,-27.96,-0.36,-171.40,-20.26,0.85,7,7,-1.000,0
24.7828,-28.14,-0.18,-169.51,-20.13,1.84,7,7,-1.000,0
24.7870,-27.02,1.11,-164.17,-20.47,5.83,7,7,-1.000,0
24.7912,-26.49,0.53,-166.87,-20.81,2.58,7,7,-1.000,0
24.7953,-26.54,-0.05,-167.03,-21.15,0.39,7,7,-1.000,0
24.7995,-26.38,0.16,-164.45,-21.80,2.71,7,7,-1.000,0
24.8037,-26.33,0.05,-163.72,-22.21,0.86,7,7,-1.000,0
24.8079,-26.06,0.27,-162.04,-22.34,1.80,7,7,-1.000,0
24.8120,-25.66,0.40,-161.10,-22.29,1.15,7,7,-1.000,0
24.8162,-25.30,0.36,-161.19,-22.72,0.55,7,7,-1.000,0
24.8206,-25.23,0.07,-160.62,-22.70,0.61,7,7,-1.000,0
24.8246,-24.85,0.38,-160.30,-23.22,0.79,7,7,-1.000,0
24.8288,-25.24,-0.39,-159.39,-22.97,0.87,7,7,-1.000,0
24.8332,-24.99,0.26,-158.97,-23.33,0.68,7,7,-1.000,0
24.8372,-25.24,-0.26,-159.42,-23.30,0.60,7,7,-1.000,0
24.8414,-25.15,0.09,-158.57,-24.33,1.36,7,7,-1.000,0
24.8456,-25.62,-0.47,-157.59,-23.90,0.99,7,7,-1.000,0
24.8496,-26.04,-0.42,-157.36,-24.77,0.95,7,7,-1.000,0
24.8537,-26.02,0.02,-156.09,-24.47,1.31,7,7,-1.000,0
24.8578,-25.88,0.14,-154.97,-24.48,1.18,7,7,-1.000,0
24.8620,-26.21,-0.33,-153.97,-24.80,0.97,7,7,-1.000,0
24.8661,-26.36,-0.15,-153.01,-25.12,0.97,7,7,-1.000,0
24.8704,-26.62,-0.25,-152.01,-25.46,0.98,7,7,-1.000,0
24.8749,-26.48,0.14,-150.66,-25.35,1.42,7,7,-1.000,0
24.8787,-27.40,-0.93,-149.33,-25.67,1.29,7,7,-1.000,0
24.8828,-27.75,-0.35,-147.26,-25.75,1.95,7,7,-1.000,0
24.8871,-28.57,-0.82,-146.24,-26.64,1.33,7,7,-1.000,0
24.8912,-28.62,-0.06,-146.22,-26.19,0.45,7,7,-1.000,0
24.8954,-28.79,-0.16,-144.42,-26.54,1.76,7,7,-1.000,0
24.8995,-28.96,-0.18,-143.48,-26.66,0.88,7,7,-1.000,0
24.9038,-29.38,-0.42,-142.53,-26.86,0.87,7,7,-1.000,0
24.9082,-29.03,0.35,-141.72,-27.15,1.06,7,7,-1.000,0
24.9121,-28.93,0.10,-140.58,-26.90,1.22,7,7,-1.000,0
24.9161,-29.04,-0.11,-140.22,-27.13,0.40,7,7,-1.000,0
24.9204,-29.09,-0.05,-139.20,-26.94,1.01,7,7,-1.000,0
24.9248,-29.39,-0.30,-138.58,-26.83,0.57,7,7,-1.000,0
24.9288,-29.72,-0.33,-137.94,-26.97,0.59,7,7,-1.000,0
24.9329,-29.87,-0.14,-137.39,-25.97,1.12,7,7,-1.000,0
24.9371,-29.96,-0.09,-136.33,-25.50,1.13,7,7,-1.000,0
24.9414,-30.19,-0.23,-135.38,-25.24,0.91,7,7,-1.000,0
24.9454,-30.42,-0.23,-134.44,-24.47,1.16,7,7,-1.000,0
24.9496,-30.24,0.18,-133.70,-23.75,1.10,7,7,-1.000,0
24.9538,-30.49,-0.25,-132.64,-23.38,1.06,7,7,-1.000,0
24.9581,-30.75,-0.26,-131.83,-22.70,1.00,7,7,-1.000,0
24.9620,-30.85,-0.10,-130.59,-21.86,1.47,7,7,-1.000,0
24.9661,-31.10,-0.25,-129.35,-21.23,1.33,7,7,-1.000,0
24.9703,-31.40,-0.30,-128.01,-20.83,1.32,7,7,-1.000,0
24.9748,-31.84,-0.44,-127.37,-19.98,1.07,7,7,-1.000,0
24.9787,-32.00,-0.17,-126.60,-19.32,0.98,7,7,-1.000,0
24.9829,-32.11,-0.11,-125.02,-18.43,1.78,7,7,-1.000,0
24.9870,-32.14,-0.03,-123.71,-17.29,1.73,7,7,-1.000,0
24.9914,-31.90,0.24,-122.90,-16.90,1.00,7,7,-1.000,0
24.9955,-31.81,0.08,-121.82,-16.21,1.31,7,7,-1.000,0
24.9997,-31.19,0.62,-120.65,-15.60,1.59,7,7,-1.000,0
25.0038,-30.88,0.31,-119.88,-15.32,0.95,7,7,-1.000,0
25.0082,-30.94,-0.07,-119.09,-14.81,0.92,7,7,-1.000,0
25.0121,-30.42,0.52,-117.99,-13.91,1.61,7,7,-1.000,0
25.0162,-30.23,0.20,-117.41,-13.94,0.65,7,7,-1.000,0
25.0206,-30.03,0.20,-116.63,-13.45,0.99,7,7,-1.000,0
25.0247,-30.00,0.03,-115.84,-13.12,0.86,7,7,-1.000,0
25.0288,-29.95,0.05,-114.93,-12.22,1.29,7,7,-1.000,0
25.0329,-29.59,0.35,-113.76,-11.81,1.36,7,7,-1.000,0
25.0372,-29.26,0.33,-112.79,-11.42,1.15,7,7,-1.000,0
25.0414,-29.13,0.13,-111.55,-11.10,1.32,7,7,-1.000,0
25.0456,-29.26,-0.13,-110.12,-10.43,1.56,7,7,-1.000,0
25.0496,-28.74,0.52,-109.52,-10.41,0.86,7,7,-1.000,0
25.0538,-28.38,0.36,-109.41,-10.16,0.47,7,7,-1.000,0
25.0582,-28.44,-0.06,-107.87,-9.75,1.59,7,7,-1.000,0
25.0622,-28.32,0.12,-106.52,-9.77,1.38,7,7,-1.000,0
25.0662,-28.39,-0.07,-105.32,-9.54,1.21,7,7,-1.000,0
25.0705,-27.99,0.41,-104.28,-9.66,1.19,7,7,-1.000,0
25.0750,-28.12,-0.13,-103.20,-9.63,1.07,7,7,-1.000,0
25.0789,-27.82,0.30,-101.96,-9.25,1.38,7,7,-1.000,0
25.0830,-27.59,0.22,-100.75,-9.35,1.26,7,7,-1.000,0
25.0871,-27.85,-0.25,-100.31,-9.24,0.48,7,7,-1.000,0
25.0917,-27.25,0.60,-98.78,-8.95,1.75,7,7,-1.000,0
25.0955,-27.02,0.23,-97.93,-8.39,1.07,7,7,-1.000,0
25.0995,-27.08,-0.06,-97.61,-8.68,0.43,7,7,-1.000,0
25.1053,-27.02,0.06,-97.07,-8.65,0.55,7,7,-1.000,0
25.1106,-26.62,0.40,-95.22,-7.96,2.06,7,7,-1.000,0
25.1142,-26.40,0.22,-94.38,-7.62,0.96,7,7,-1.000,0
25.1183,-26.09,0.31,-93.82,-7.11,0.84,7,7,-1.000,0
25.1228,-25.90,0.19,-93.13,-6.68,0.86,7,7,-1.000,0
25.1273,-25.74,0.16,-92.15,-6.44,1.04,7,7,-1.000,0
25.1310,-25.18,0.56,-91.42,-6.16,1.01,7,7,-1.000,0
25.1350,-25.20,-0.02,-90.93,-5.85,0.57,7,7,-1.000,0
25.1392,-24.68,0.52,-89.73,-5.66,1.37,7,7,-1.000,0
25.1432,-24.35,0.33,-88.68,-5.55,1.14,7,7,-1.000,0
25.1474,-24.20,0.15,-87.65,-5.22,1.10,7,7,-1.000,0
25.1519,-23.92,0.29,-87.32,-5.51,0.54,7,7,-1.000,0
25.1564,-24.22,-0.30,-87.55,-5.71,0.44,7,7,-1.000,0
25.1604,-23.61,0.61,-86.97,-5.89,0.90,7,7,-1.000,0
25.1645,-23.10,0.51,-85.90,-5.68,1.25,7,7,-1.000,0
25.1684,-23.33,-0.23,-85.47,-5.69,0.47,7,7,-1.000,0
25.1725,-23.48,-0.15,-85.47,-5.83,0.21,7,7,-1.000,0
25.1767,-22.39,1.09,-83.86,-5.34,2.09,7,7,-1.000,0
25.1807,-22.52,-0.13,-83.60,-5.43,0.29,7,7,-1.000,0
25.1832,-22.58,-0.05,-83.51,-5.34,0.13,7,7,-1.000,0
25.1876,-21.44,1.14,-82.07,-5.14,1.93,7,7,-1.000,0
25.1917,-21.36,0.08,-81.48,-5.04,0.60,7,7,-1.000,0
25.1958,-21.41,-0.05,-81.32,-4.79,0.30,7,7,-1.000,0
25.1999,-20.49,0.92,-80.24,-4.54,1.49,7,7,-1.000,0
25.2043,-20.90,-0.40,-80.69,-4.34,0.66,7,7,-1.000,0
25.2080,-19.92,0.98,-79.53,-4.19,1.58,7,7,-1.000,0
25.2122,-19.64,0.27,-78.84,-3.92,0.80,7,7,-1.000,0
25.2162,-19.70,-0.06,-78.10,-3.64,0.79,7,7,-1.000,0
25.2205,-19.14,0.56,-77.43,-3.52,0.91,7,7,-1.000,0
25.2250,-19.55,-0.41,-77.45,-3.25,0.49,7,7,-1.000,0
25.2288,-18.69,0.85,-76.37,-2.90,1.46,7,7,-1.000,0
25.2329,-18.46,0.24,-75.76,-2.84,0.67,7,7,-1.000,0
25.2372,-17.98,0.48,-74.95,-2.57,0.99,7,7,-1.000,0
25.2416,-17.42,0.56,-74.38,-2.15,0.91,7,7,-1.000,0
25.2455,-17.74,-0.32,-74.45,-1.50,0.73,7,7,-1.000,0
25.2495,-16.56,1.18,-73.37,-1.54,1.62,7,7,-1.000,0
25.2538,-16.09,0.47,-72.70,-1.17,0.91,7,7,-1.000,0
25.2583,-15.59,0.50,-72.46,-0.68,0.75,7,7,-1.000,0
25.2622,-15.66,-0.07,-72.66,-0.04,0.67,7,7,-1.000,0
25.2662,-14.54,1.12,-71.66,0.25,1.53,7,7,-1.000,0
25.2707,-14.02,0.52,-71.43,0.36,0.58,7,7,-1.000,0
25.2749,-13.39,0.63,-71.05,0.88,0.89,7,7,-1.000,0
25.2788,-13.05,0.35,-70.80,1.25,0.57,7,7,-1.000,0
25.2830,-12.86,0.19,-70.82,1.80,0.58,7,7,-1.000,0
25.2871,-11.86,0.99,-69.89,1.92,1.34,7,7,-1.000,0
25.2913,-11.67,0.19,-70.17,2.36,0.56,7,7,-1.000,0
25.2953,-11.24,0.42,-70.15,2.87,0.66,7,7,-1.000,0
25.2995,-10.60,0.64,-69.87,3.30,0.82,7,7,-1.000,0
25.3038,-10.09,0.51,-69.49,3.59,0.68,7,7,-1.000,0
25.3083,-9.65,0.44,-69.63,4.15,0.73,7,7,-1.000,0
25.3122,-9.05,0.60,-69.54,4.56,0.73,7,7,-1.000,0
25.3163,-8.76,0.29,-69.25,4.79,0.45,7,7,-1.000,0
25.3206,-7.89,0.86,-68.90,5.10,0.96,7,7,-1.000,0
25.3250,-7.50,0.39,-68.88,5.68,0.70,7,7,-1.000,0
25.3289,-7.23,0.26,-68.96,6.40,0.78,7,7,-1.000,0
25.3331,-6.84,0.40,-68.75,6.68,0.50,7,7,-1.000,0
25.3373,-5.97,0.87,-68.63,7.28,1.06,7,7,-1.000,0
25.3417,-5.91,0.05,-68.90,8.26,1.02,7,7,-1.000,0
25.3455,-5.53,0.38,-69.00,8.91,0.77,7,7,-1.000,0
25.3496,-5.26,0.27,-68.97,9.41,0.56,7,7,-1.000,0
25.3538,-4.91,0.34,-69.23,9.93,0.70,7,7,-1.000,0
25.3583,-4.45,0.46,-68.89,10.44,0.73,7,7,-1.000,0
25.3622,-3.62,0.83,-68.11,10.52,1.03,7,7,-1.000,0
25.3662,-2.81,0.82,-67.95,10.78,0.84,7,7,-1.000,0
25.3706,-3.00,-0.19,-68.43,11.78,1.11,7,7,-1.000,0
25.3750,-2.81,0.18,-68.76,12.41,0.75,7,7,-1.000,0
25.3789,-2.34,0.48,-68.42,12.82,0.67,7,7,-1.000,0
25.3830,-2.10,0.24,-68.33,13.22,0.46,7,7,-1.000,0
25.3872,-1.69,0.41,-68.38,13.85,0.76,7,7,-1.000,0
25.3916,-1.28,0.41,-68.40,14.37,0.67,7,7,-1.000,0
25.3955,-1.23,0.05,-68.61,15.09,0.75,7,7,-1.000,0
25.3995,-0.53,0.69,-68.79,15.36,0.81,7,7,-1.000,0
25.4039,-0.13,0.41,-68.72,15.64,0.48,7,7,-1.000,0
25.4083,0.31,0.44,-68.68,16.49,0.96,7,7,-1.000,0
25.4122,0.64,0.33,-68.78,17.00,0.63,7,7,-1.000,0
25.4162,1.06,0.41,-68.81,17.63,0.75,7,7,-1.000,0
25.4205,1.41,0.36,-68.98,18.24,0.76,7,7,-1.000,0
25.4250,1.52,0.10,-69.13,18.84,0.63,7,7,-1.000,0
25.4289,1.49,-0.03,-69.19,19.44,0.60,7,7,-1.000,0
25.4329,1.54,0.05,-69.53,20.10,0.75,7,7,-1.000,0
25.4372,2.14,0.60,-69.06,20.29,0.65,7,7,-1.000,0
25.4417,1.94,-0.20,-69.57,21.01,0.86,7,7,-1.000,0
25.4456,2.16,0.23,-69.34,21.34,0.42,7,7,-1.000,0
25.4496,2.61,0.44,-69.17,21.81,0.63,7,7,-1.000,0
25.4538,2.45,-0.16,-69.44,22.21,0.48,7,7,-1.000,0
25.4583,2.74,0.29,-69.66,22.82,0.74,7,7,-1.000,0
25.4622,2.91,0.17,-69.40,23.49,0.72,7,7,-1.000,0
25.4662,3.13,0.21,-69.25,24.04,0.59,7,7,-1.000,0
25.4705,3.21,0.08,-69.39,24.57,0.56,7,7,-1.000,0
25.4751,3.75,0.54,-69.14,25.26,0.85,7,7,-1.000,0
25.4790,3.26,-0.49,-69.09,25.65,0.64,7,7,-1.000,0
25.4830,3.65,0.39,-69.32,26.38,0.91,7,7,-1.000,0
25.4872,4.36,0.71,-68.91,27.04,0.92,7,7,-1.000,0
25.4917,3.44,-0.92,-69.97,28.05,1.44,7,7,-1.000,0
25.4956,3.67,0.22,-69.59,28.43,0.50,7,7,-1.000,0
25.4996,3.57,-0.10,-69.88,29.18,0.79,7,7,-1.000,0
25.5038,3.22,-0.35,-70.40,29.91,0.86,7,7,-1.000,0
25.5084,2.91,-0.31,-70.77,30.34,0.55,7,7,-1.000,0
25.5122,2.64,-0.27,-71.15,31.00,0.74,7,7,-1.000,0
25.5162,2.10,-0.54,-71.77,31.45,0.73,7,7,-1.000,0
25.5205,1.35,-0.75,-72.72,32.18,1.12,7,7,-1.000,0
25.5250,1.15,-0.20,-73.16,32.36,0.42,7,7,-1.000,0
25.5289,0.20,-0.95,-74.35,32.93,1.19,7,7,-1.000,0
25.5329,-0.75,-0.95,-75.36,33.61,1.16,7,7,-1.000,0
25.5371,-1.13,-0.38,-76.35,34.34,1.11,7,7,-1.000,0
25.5416,-1.90,-0.78,-77.55,34.81,1.09,7,7,-1.000,0
25.5456,-2.21,-0.31,-78.25,35.40,0.83,7,7,-1.000,0
25.5495,-2.81,-0.60,-79.60,35.86,1.20,7,7,-1.000,0
25.5537,-3.76,-0.95,-80.47,36.50,1.05,7,7,-1.000,0
25.5580,-4.08,-0.32,-81.90,36.91,1.33,7,7,-1.000,0
25.5621,-5.16,-1.08,-83.89,37.52,1.71,7,7,-1.000,0
25.5661,-5.94,-0.78,-85.24,38.20,1.26,7,7,-1.000,0
25.5705,-6.96,-1.02,-88.63,37.93,2.88,7,7,-1.000,0
25.5749,-7.65,-0.69,-90.23,38.14,1.31,7,7,-1.000,0
25.5788,-8.08,-0.43,-91.61,38.55,1.23,7,7,-1.000,0
25.5829,-8.67,-0.59,-92.99,38.77,1.14,7,7,-1.000,0
25.5872,-8.93,-0.26,-94.42,39.23,1.36,7,7,-1.000,0
25.5913,-9.61,-0.68,-96.16,39.29,1.42,7,7,-1.000,0
25.5953,-10.24,-0.63,-97.34,39.61,0.97,7,7,-1.000,0
25.5995,-10.90,-0.66,-98.83,39.88,1.22,7,7,-1.000,0
25.6041,-11.04,-0.15,-99.84,40.07,0.93,7,7,-1.000,0
25.6087,-12.02,-0.97,-101.33,40.69,1.30,7,7,-1.000,0
25.6127,-12.88,-0.86,-102.77,41.30,1.25,7,7,-1.000,0
25.6162,-13.61,-0.73,-104.10,41.49,1.03,7,7,-1.000,0
25.6204,-14.46,-0.85,-105.21,42.15,1.06,7,7,-1.000,0
25.6247,-15.51,-1.05,-106.66,42.77,1.24,7,7,-1.000,0
25.6287,-16.80,-1.29,-108.12,43.59,1.38,7,7,-1.000,0
25.6328,-17.16,-0.35,-109.03,43.87,0.77,7,7,-1.000,0
25.6374,-18.10,-0.94,-110.55,44.25,1.16,7,7,-1.000,0
25.6416,-19.49,-1.39,-112.09,44.67,1.22,7,7,-1.000,0
25.6453,-21.14,-1.65,-113.81,45.67,1.63,7,7,-1.000,0
25.6495,-22.24,-1.10,-115.45,45.88,1.17,7,7,-1.000,0
25.6538,-23.10,-0.86,-117.04,45.83,1.14,7,7,-1.000,0
25.6583,-23.56,-0.47,-118.43,46.03,1.12,7,7,-1.000,0
25.6620,-24.25,-0.68,-119.67,45.90,0.90,7,7,-1.000,0
25.6661,-24.90,-0.66,-121.01,45.59,1.03,7,7,-1.000,0
25.6705,-25.44,-0.54,-122.53,45.56,1.19,7,7,-1.000,0
25.6750,-25.89,-0.45,-123.88,45.34,1.10,7,7,-1.000,0
25.6789,-26.35,-0.46,-125.30,45.26,1.14,7,7,-1.000,0
25.6829,-26.82,-0.47,-126.98,44.99,1.42,7,7,-1.000,0
25.6871,-27.40,-0.58,-128.77,44.74,1.47,7,7,-1.000,0
25.6912,-28.20,-0.80,-130.70,44.12,1.60,7,7,-1.000,0
25.6953,-28.65,-0.45,-132.49,43.84,1.55,7,7,-1.000,0
25.6995,-29.26,-0.61,-134.12,43.76,1.29,7,7,-1.000,0
25.7037,-29.54,-0.28,-135.81,43.62,1.51,7,7,-1.000,0
25.7083,-30.07,-0.53,-137.84,43.20,1.76,7,7,-1.000,0
25.7121,-29.83,0.24,-138.97,43.53,1.34,7,7,-1.000,0
25.7161,-29.96,-0.14,-140.35,43.41,1.30,7,7,-1.000,0
25.7204,-30.39,-0.43,-142.12,43.42,1.51,7,7,-1.000,0
25.7250,-31.17,-0.78,-144.02,43.45,1.48,7,7,-1.000,0
25.7288,-31.76,-0.59,-145.83,43.58,1.47,7,7,-1.000,0
25.7329,-32.18,-0.42,-147.03,44.03,1.07,7,7,-1.000,0
25.7372,-33.11,-0.93,-148.67,44.20,1.21,7,7,-1.000,0
25.7416,-33.92,-0.81,-150.32,44.31,1.24,7,7,-1.000,0
25.7454,-34.44,-0.52,-151.70,44.54,1.10,7,7,-1.000,0
25.7495,-35.69,-1.25,-153.71,44.46,1.44,7,7,-1.000,0
25.7538,-35.93,-0.24,-154.33,44.29,0.51,7,7,-1.000,0
25.7583,-36.51,-0.58,-155.56,43.99,0.97,7,7,-1.000,0
25.7622,-36.81,-0.30,-156.41,43.93,0.68,7,7,-1.000,0
25.7662,-37.22,-0.41,-157.33,43.35,0.91,7,7,-1.000,0
25.7705,-37.54,-0.32,-158.10,42.93,0.73,7,7,-1.000,0
25.7750,-37.82,-0.28,-159.23,42.46,1.07,7,7,-1.000,0
25.7789,-38.26,-0.44,-160.16,42.04,0.83,7,7,-1.000,0
25.7830,-38.35,-0.10,-161.01,41.57,0.92,7,7,-1.000,0
25.7872,-38.58,-0.23,-162.06,40.97,1.10,7,7,-1.000,0
25.7917,-38.83,-0.25,-163.31,40.56,1.18,7,7,-1.000,0
25.7955,-38.98,-0.15,-164.65,40.19,1.30,7,7,-1.000,0
25.7996,-39.62,-0.65,-166.32,39.77,1.41,7,7,-1.000,0
25.8039,-39.25,0.38,-167.37,39.40,1.38,7,7,-1.000,0
25.8080,-39.79,-0.54,-168.57,38.75,1.15,7,7,-1.000,0
25.8124,-40.00,-0.21,-170.02,38.26,1.41,7,7,-1.000,0
25.8167,-39.55,0.45,-170.98,37.60,1.45,7,7,-1.000,0
25.8206,-39.96,-0.41,-172.49,37.13,1.38,7,7,-1.000,0
25.8248,-40.00,-0.05,-173.95,36.88,1.46,7,7,-1.000,0
25.8291,-39.48,0.53,-174.80,36.40,1.33,7,7,-1.000,0
25.8333,-39.75,-0.27,-176.26,36.07,1.36,7,7,-1.000,0
25.8373,-39.57,0.18,-177.56,35.92,1.42,7,7,-1.000,0
25.8420,-39.78,-0.21,-179.69,35.94,2.01,7,7,-1.000,0
25.8457,-40.05,-0.27,178.96,35.43,1.31,7,7,-1.000,0
25.8497,-39.93,0.12,177.58,35.33,1.46,7,7,-1.000,0
25.8541,-39.94,-0.01,176.38,35.05,1.22,7,7,-1.000,0
25.8583,-40.03,-0.09,175.20,34.76,1.17,7,7,-1.000,0
25.8622,-40.00,0.03,173.92,34.31,1.37,7,7,-1.000,0
25.8662,-39.86,0.14,173.16,34.12,0.87,7,7,-1.000,0
25.8705,-40.01,-0.15,172.03,33.51,1.22,7,7,-1.000,0
25.8751,-39.89,0.12,171.29,33.21,0.87,7,7,-1.000,0
25.8790,-39.63,0.26,170.39,32.95,1.10,7,7,-1.000,0
25.8831,-39.74,-0.11,169.39,32.76,0.96,7,7,-1.000,0
25.8873,-39.45,0.29,168.60,32.40,1.04,7,7,-1.000,0
25.8917,-39.42,0.04,167.80,31.99,0.92,7,7,-1.000,0
25.8956,-39.47,-0.05,166.77,31.70,1.04,7,7,-1.000,0
25.8996,-39.20,0.27,165.69,31.20,1.34,7,7,-1.000,0
25.9039,-39.21,-0.01,164.75,30.46,1.19,7,7,-1.000,0
25.9085,-39.14,0.06,163.50,30.00,1.37,7,7,-1.000,0
25.9123,-39.13,0.01,162.76,29.41,0.95,7,7,-1.000,0
25.9163,-38.85,0.29,162.10,29.02,0.92,7,7,-1.000,0
25.9206,-38.86,-0.01,161.16,28.58,1.03,7,7,-1.000,0
25.9251,-38.82,0.04,160.13,28.12,1.14,7,7,-1.000,0
25.9290,-38.64,0.18,159.51,27.56,0.92,7,7,-1.000,0
25.9330,-38.48,0.16,158.73,26.85,1.12,7,7,-1.000,0
25.9372,-38.33,0.15,157.53,26.26,1.41,7,7,-1.000,0
25.9417,-38.11,0.22,156.72,25.76,1.05,7,7,-1.000,0
25.9457,-37.89,0.22,155.65,25.09,1.36,7,7,-1.000,0
25.9496,-37.90,-0.02,154.73,24.48,1.10,7,7,-1.000,0
25.9539,-37.71,0.20,153.77,24.33,1.07,7,7,-1.000,0
25.9581,-37.42,0.29,152.84,23.68,1.26,7,7,-1.000,0
25.9622,-37.47,-0.05,151.61,23.19,1.30,7,7,-1.000,0
25.9662,-37.10,0.38,150.95,22.91,0.92,7,7,-1.000,0
25.9705,-37.24,-0.14,149.74,22.49,1.23,7,7,-1.000,0
25.9750,-36.83,0.41,148.90,21.62,1.37,7,7,-1.000,0
25.9790,-37.22,-0.39,148.28,21.96,0.69,7,7,-1.000,0
25.9830,-36.57,0.65,147.19,21.33,1.60,7,7,-1.000,0
25.9872,-36.61,-0.04,146.17,21.22,1.02,7,7,-1.000,0
25.9913,-36.21,0.40,145.42,20.69,1.10,7,7,-1.000,0
25.9954,-36.23,-0.02,144.67,20.70,0.74,7,7,-1.000,0
25.9996,-35.72,0.51,144.23,20.04,1.02,7,7,-1.000,0
26.0040,-35.66,0.06,143.30,19.83,0.98,7,7,-1.000,0
26.0084,-34.99,0.67,142.65,19.14,1.28,7,7,-1.000,0
26.0122,-34.61,0.38,141.74,18.74,1.17,7,7,-1.000,0
26.0162,-34.28,0.33,141.19,18.28,0.86,7,7,-1.000,0
26.0204,-34.09,0.19,140.51,18.07,0.79,7,7,-1.000,0
26.0249,-33.68,0.41,140.01,17.47,0.95,7,7,-1.000,0
26.0288,-33.50,0.18,139.33,17.34,0.77,7,7,-1.000,0
26.0329,-33.01,0.49,138.71,16.10,1.53,7,7,-1.000,0
26.0372,-32.75,0.26,138.20,16.55,0.78,7,7,-1.000,0
26.0415,-32.29,0.46,137.98,15.99,0.79,7,7,-1.000,0
26.0454,-31.89,0.40,137.25,15.73,0.96,7,7,-1.000,0
26.0495,-31.39,0.51,137.11,15.45,0.63,7,7,-1.000,0
26.0538,-30.92,0.46,136.52,14.53,1.25,7,7,-1.000,0
26.0582,-30.50,0.42,136.17,14.45,0.61,7,7,-1.000,0
26.0622,-30.17,0.34,135.66,14.36,0.68,7,7,-1.000,0
26.0662,-30.02,0.15,135.37,14.37,0.35,7,7,-1.000,0
26.0704,-29.75,0.27,134.91,14.19,0.61,7,7,-1.000,0
26.0746,-29.42,0.33,134.18,13.61,1.05,7,7,-1.000,0
26.0787,-29.13,0.29,133.69,13.44,0.65,7,7,-1.000,0
26.0829,-28.90,0.23,133.29,13.58,0.52,7,7,-1.000,0
26.0872,-28.61,0.29,132.77,13.13,0.80,7,7,-1.000,0
26.0916,-28.16,0.45,132.30,13.03,0.72,7,7,-1.000,0
26.0953,-28.21,-0.04,131.58,12.94,0.72,7,7,-1.000,0
26.0995,-27.80,0.41,131.18,12.49,0.78,7,7,-1.000,0
26.1053,-27.52,0.28,130.57,12.43,0.72,7,7,-1.000,0
26.1105,-27.43,0.09,130.17,12.46,0.43,7,7,-1.000,0
26.1147,-27.12,0.32,129.44,12.25,0.88,7,7,-1.000,0
26.1189,-26.94,0.17,128.97,12.06,0.57,7,7,-1.000,0
26.1227,-26.85,0.10,128.31,11.80,0.73,7,7,-1.000,0
26.1269,-26.79,0.05,128.05,11.99,0.33,7,7,-1.000,0
26.1318,-26.54,0.25,127.37,11.62,0.86,7,7,-1.000,0
26.1357,-26.40,0.15,126.89,11.77,0.55,7,7,-1.000,0
26.1400,-26.34,0.06,126.57,11.92,0.37,7,7,-1.000,0
26.1437,-26.28,0.05,125.90,12.15,0.72,7,7,-1.000,0
26.1475,-26.05,0.23,125.36,11.98,0.65,7,7,-1.000,0
26.1518,-26.16,-0.10,124.62,12.26,0.78,7,7,-1.000,0
26.1559,-25.94,0.22,123.81,12.17,0.89,7,7,-1.000,0
26.1603,-25.87,0.07,123.22,12.35,0.64,7,7,-1.000,0
26.1649,-25.59,0.28,122.23,12.11,1.11,7,7,-1.000,0
26.1686,-25.70,-0.11,121.51,12.57,0.83,7,7,-1.000,0
26.1730,-25.43,0.26,120.58,12.48,1.03,7,7,-1.000,0
26.1758,-25.12,0.31,119.52,12.66,1.19,7,7,-1.000,0
26.1792,-25.31,-0.19,118.75,12.93,0.79,7,7,-1.000,0
26.1832,-25.21,0.10,117.53,13.20,1.28,7,7,-1.000,0
26.1873,-24.86,0.36,116.71,13.23,0.97,7,7,-1.000,0
26.1915,-24.92,-0.06,115.80,13.46,0.92,7,7,-1.000,0
26.1953,-24.62,0.30,115.26,13.24,0.72,7,7,-1.000,0
26.1996,-24.91,-0.30,113.88,13.60,1.39,7,7,-1.000,0
26.2037,-25.09,-0.17,113.22,13.57,0.64,7,7,-1.000,0
26.2082,-24.95,0.14,112.33,13.51,0.94,7,7,-1.000,0
26.2121,-25.01,-0.06,111.58,13.47,0.74,7,7,-1.000,0
26.2160,-24.94,0.07,110.81,13.37,0.80,7,7,-1.000,0
26.2203,-25.09,-0.15,110.26,13.46,0.55,7,7,-1.000,0
26.2250,-24.95,0.15,109.52,13.25,0.81,7,7,-1.000,0
26.2288,-24.94,0.01,109.02,13.40,0.52,7,7,-1.000,0
26.2329,-25.04,-0.10,108.49,13.52,0.53,7,7,-1.000,0
26.2371,-25.14,-0.09,107.92,13.46,0.56,7,7,-1.000,0
26.2416,-25.09,0.04,107.64,13.73,0.41,7,7,-1.000,0
26.2456,-25.14,-0.04,107.37,13.92,0.32,7,7,-1.000,0
26.2496,-25.18,-0.04,107.02,14.20,0.44,7,7,-1.000,0
26.2538,-25.16,0.02,106.70,14.35,0.36,7,7,-1.000,0
26.2583,-25.16,-0.01,106.41,14.71,0.47,7,7,-1.000,0
26.2622,-25.15,0.01,105.77,15.16,0.78,7,7,-1.000,0
26.2662,-25.08,0.07,105.37,15.60,0.61,7,7,-1.000,0
26.2705,-25.13,-0.05,104.73,15.71,0.64,7,7,-1.000,0
26.2753,-25.32,-0.19,104.32,16.06,0.54,7,7,-1.000,0
26.2792,-25.81,-0.49,103.69,16.51,0.81,7,7,-1.000,0
26.2830,-25.78,0.03,102.49,16.79,1.25,7,7,-1.000,0
26.2872,-26.19,-0.41,101.72,17.08,0.81,7,7,-1.000,0
26.2917,-26.26,-0.07,100.91,17.27,0.82,7,7,-1.000,0
26.2956,-26.41,-0.15,100.00,17.27,0.88,7,7,-1.000,0
26.2996,-26.38,0.03,99.14,17.63,0.93,7,7,-1.000,0
26.3038,-26.27,0.11,98.43,17.49,0.77,7,7,-1.000,0
26.3083,-26.92,-0.65,97.72,17.88,0.89,7,7,-1.000,0
26.3121,-26.91,0.01,96.89,17.94,0.84,7,7,-1.000,0
26.3162,-26.77,0.14,96.22,18.08,0.74,7,7,-1.000,0
26.3205,-27.03,-0.26,95.98,18.19,0.31,7,7,-1.000,0
26.3250,-27.22,-0.19,95.17,18.34,0.78,7,7,-1.000,0
26.3289,-27.62,-0.40,94.46,18.29,0.70,7,7,-1.000,0
26.3330,-28.06,-0.43,94.16,18.35,0.45,7,7,-1.000,0
26.3372,-28.27,-0.21,93.53,18.38,0.60,7,7,-1.000,0
26.3416,-28.08,0.19,93.16,18.41,0.46,7,7,-1.000,0
26.3455,-28.59,-0.51,92.85,18.56,0.52,7,7,-1.000,0
26.3496,-29.05,-0.46,92.10,18.38,0.77,7,7,-1.000,0
26.3538,-29.50,-0.45,91.54,18.16,0.64,7,7,-1.000,0
26.3580,-29.75,-0.25,90.94,18.35,0.60,7,7,-1.000,0
26.3621,-30.16,-0.41,90.59,18.32,0.45,7,7,-1.000,0
26.3661,-30.39,-0.23,90.06,18.36,0.51,7,7,-1.000,0
26.3704,-30.84,-0.46,89.70,18.27,0.49,7,7,-1.000,0
26.3750,-31.05,-0.21,89.31,18.27,0.38,7,7,-1.000,0
26.3788,-31.67,-0.62,88.67,18.56,0.78,7,7,-1.000,0
26.3828,-31.77,-0.10,88.49,18.53,0.18,7,7,-1.000,0
26.3873,-32.30,-0.52,88.05,18.82,0.64,7,7,-1.000,0
26.3916,-32.70,-0.41,87.83,18.84,0.40,7,7,-1.000,0
26.3954,-32.98,-0.28,87.27,18.89,0.54,7,7,-1.000,0
26.3996,-33.67,-0.69,86.87,19.13,0.72,7,7,-1.000,0
26.4038,-34.16,-0.49,86.57,19.26,0.50,7,7,-1.000,0
26.4083,-34.77,-0.61,86.36,19.51,0.62,7,7,-1.000,0
26.4121,-35.72,-0.95,86.25,19.94,1.02,7,7,-1.000,0
26.4162,-36.31,-0.59,86.06,19.93,0.55,7,7,-1.000,0
26.4205,-37.15,-0.84,86.04,20.27,0.90,7,7,-1.000,0
26.4250,-37.88,-0.73,85.87,20.25,0.69,7,7,-1.000,0
26.4288,-38.54,-0.66,85.82,20.58,0.72,7,7,-1.000,0
26.4329,-39.33,-0.78,85.49,20.75,0.76,7,7,-1.000,0
26.4372,-40.37,-1.04,85.25,20.91,0.99,7,7,-1.000,0
26.4416,-41.06,-0.70,84.68,21.03,0.73,7,7,-1.000,0
26.4455,-41.39,-0.32,84.31,20.96,0.40,7,7,-1.000,0
26.4496,-42.41,-1.02,83.63,20.92,1.00,7,7,-1.000,0
26.4539,-42.97,-0.57,83.00,21.02,0.69,7,7,-1.000,0
26.4580,-44.19,-1.22,82.42,20.79,1.17,7,7,-1.000,0
26.4620,-44.48,-0.28,81.50,20.75,0.87,7,7,-1.000,0
26.4661,-45.28,-0.80,80.82,20.48,0.89,7,7,-1.000,0
26.4704,-45.95,-0.68,80.28,20.41,0.71,7,7,-1.000,0
26.4749,-46.84,-0.88,79.63,20.15,0.93,7,7,-1.000,0
26.4788,-47.66,-0.83,78.93,20.00,0.90,7,7,-1.000,0
26.4830,-48.54,-0.87,78.43,19.84,0.86,7,7,-1.000,0
26.4873,-48.49,0.04,77.68,19.80,0.77,7,7,-1.000,0
26.4913,-49.16,-0.67,77.16,19.64,0.71,7,7,-1.000,0
26.4954,-49.79,-0.63,76.69,19.65,0.65,7,7,-1.000,0
26.4996,-50.42,-0.63,76.44,19.56,0.60,7,7,-1.000,0
26.5039,-51.48,-1.06,76.28,19.47,1.02,7,7,-1.000,0
26.5084,-51.80,-0.32,75.47,19.47,0.76,7,7,-1.000,0
26.5122,-52.94,-1.13,75.05,19.38,1.07,7,7,-1.000,0
26.5162,-53.59,-0.66,74.96,19.49,0.64,7,7,-1.000,0
26.5206,-54.88,-1.28,74.94,19.32,1.29,7,7,-1.000,0
26.5248,-55.77,-0.90,75.16,19.39,1.00,7,7,-1.000,0
26.5289,-57.41,-1.63,75.75,19.61,1.92,7,7,-1.000,0
26.5330,-58.36,-0.95,76.03,19.51,1.08,7,7,-1.000,0
26.5372,-59.42,-1.06,76.70,19.39,1.44,7,7,-1.000,0
26.5416,-60.06,-0.65,76.98,19.50,0.79,7,7,-1.000,0
26.5454,-60.59,-0.53,77.40,19.64,0.79,7,7,-1.000,0
26.5496,-61.28,-0.69,77.54,19.46,0.77,7,7,-1.000,0
26.5538,-61.90,-0.62,77.57,19.70,0.67,7,7,-1.000,0
26.5583,-62.30,-0.40,77.24,19.76,0.43,7,7,-1.000,0
26.5622,-62.58,-0.28,77.03,19.90,0.32,7,7,-1.000,0
26.5662,-62.79,-0.21,76.66,19.95,0.36,7,7,-1.000,0
26.5704,-62.91,-0.12,76.34,20.04,0.32,7,7,-1.000,0
26.5750,-63.09,-0.17,75.75,19.94,0.56,7,7,-1.000,0
26.5790,-63.64,-0.55,75.72,20.02,0.54,7,7,-1.000,0
26.5829,-63.42,0.22,75.39,19.77,0.51,7,7,-1.000,0
26.5872,-63.26,0.16,75.44,19.73,0.16,7,7,-1.000,0
26.5917,-63.44,-0.18,75.51,19.88,0.27,7,7,-1.000,0
26.5953,-63.33,0.11,75.79,19.87,0.26,7,7,-1.000,0
26.5996,-63.06,0.27,76.02,19.95,0.30,7,7,-1.000,0
26.6037,-63.06,-0.00,76.68,20.20,0.71,7,7,-1.000,0
26.6083,-63.06,0.00,77.47,20.49,0.84,7,7,-1.000,0
26.6122,-63.44,-0.38,78.06,20.62,0.82,7,7,-1.000,0
26.6162,-63.30,0.14,78.98,21.13,1.01,7,7,-1.000,0
26.6206,-64.26,-0.96,80.35,21.73,2.04,7,7,-1.000,0
26.6253,-64.24,0.02,81.36,21.69,0.99,7,7,-1.000,0
26.6293,-64.17,0.07,83.25,22.12,1.92,7,7,-1.000,0
26.6333,-64.18,-0.01,84.93,22.23,1.68,7,7,-1.000,0
26.6373,-64.72,-0.54,86.87,22.34,2.21,7,7,-1.000,0
26.6418,-65.14,-0.41,88.70,22.63,2.04,7,7,-1.000,0
26.6456,-65.20,-0.06,89.95,22.68,1.28,7,7,-1.000,0
26.6496,-65.31,-0.11,91.22,22.93,1.34,7,7,-1.000,0
26.6540,-65.54,-0.24,92.17,23.29,1.12,7,7,-1.000,0
26.6583,-65.73,-0.19,92.81,23.77,0.87,7,7,-1.000,0
26.6622,-66.12,-0.38,93.27,24.58,1.08,7,7,-1.000,0
26.6662,-66.46,-0.34,93.40,25.16,0.71,7,7,-1.000,0
26.6705,-66.81,-0.35,93.21,25.78,0.69,7,7,-1.000,0
26.6750,-67.16,-0.35,92.77,26.35,0.71,7,7,-1.000,0
26.6789,-67.67,-0.51,92.28,26.84,0.72,7,7,-1.000,0
26.6830,-68.22,-0.55,91.86,27.59,0.91,7,7,-1.000,0
26.6872,-68.62,-0.40,91.56,27.94,0.51,7,7,-1.000,0
26.6917,-69.01,-0.39,91.36,28.32,0.51,7,7,-1.000,0
26.6956,-69.43,-0.42,91.22,28.63,0.49,7,7,-1.000,0
26.6996,-69.17,0.27,91.62,28.84,0.41,7,7,-1.000,0
26.7039,-69.70,-0.53,91.94,28.97,0.75,7,7,-1.000,0
26.7082,-69.67,0.03,92.39,28.98,0.44,7,7,-1.000,0
26.7122,-69.61,0.06,93.31,29.23,0.92,7,7,-1.000,0
26.7162,-69.91,-0.29,94.49,29.31,1.35,7,7,-1.000,0
26.7205,-70.31,-0.41,95.88,29.48,1.64,7,7,-1.000,0
26.7250,-70.56,-0.25,97.42,29.65,1.68,7,7,-1.000,0
26.7291,-70.62,-0.06,99.28,29.81,1.90,7,7,-1.000,0
26.7330,-70.88,-0.26,100.95,30.07,1.83,7,7,-1.000,0
26.7372,-71.22,-0.34,102.72,30.24,1.97,7,7,-1.000,0
26.7416,-71.42,-0.20,104.05,30.64,1.50,7,7,-1.000,0
26.7455,-71.62,-0.20,105.15,30.91,1.24,7,7,-1.000,0
26.7496,-72.04,-0.42,106.00,31.43,1.24,7,7,-1.000,0
26.7538,-72.30,-0.26,106.50,31.80,0.77,7,7,-1.000,0
26.7583,-72.79,-0.48,106.29,32.17,0.56,7,7,-1.000,0
26.7622,-72.83,-0.04,106.13,32.62,0.47,7,7,-1.000,0
26.7662,-72.85,-0.02,105.97,33.24,0.64,7,7,-1.000,0
26.7705,-72.68,0.18,105.91,33.80,0.60,7,7,-1.000,0
26.7749,-72.69,-0.01,105.58,34.20,0.51,7,7,-1.000,0
26.7787,-72.59,0.10,105.39,34.38,0.32,7,7,-1.000,0
26.7829,-72.31,0.28,105.48,34.81,0.49,7,7,-1.000,0
26.7872,-72.03,0.28,105.91,35.00,0.41,7,7,-1.000,0
26.7916,-71.49,0.54,106.48,35.42,0.66,7,7,-1.000,0
26.7955,-71.08,0.40,107.40,35.65,0.80,7,7,-1.000,0
26.7996,-70.23,0.86,109.04,35.91,1.36,7,7,-1.000,0
26.8039,-69.98,0.24,110.69,36.25,1.56,7,7,-1.000,0
26.8080,-69.22,0.76,112.25,36.55,1.30,7,7,-1.000,0
26.8121,-68.54,0.68,113.80,36.93,1.32,7,7,-1.000,0
26.8163,-67.62,0.92,115.75,37.34,1.63,7,7,-1.000,0
26.8208,-67.02,0.60,117.12,38.12,1.35,7,7,-1.000,0
26.8249,-66.32,0.70,118.62,38.64,1.31,7,7,-1.000,0
26.8291,-65.12,1.20,120.10,39.45,1.43,7,7,-1.000,0
26.8332,-64.02,1.09,121.72,40.14,1.42,7,7,-1.000,0
26.8373,-63.38,0.65,123.32,41.39,1.79,7,7,-1.000,0
26.8413,-62.58,0.79,124.64,42.10,1.22,7,7,-1.000,0
26.8453,-61.49,1.09,126.11,43.16,1.52,7,7,-1.000,0
26.8496,-60.33,1.16,127.64,43.73,1.25,7,7,-1.000,0
26.8538,-59.52,0.81,129.10,44.69,1.44,7,7,-1.000,0
26.8583,-58.09,1.42,130.28,45.25,1.17,7,7,-1.000,0
26.8622,-57.27,0.83,131.82,45.85,1.26,7,7,-1.000,0
26.8662,-56.11,1.16,133.16,46.49,1.14,7,7,-1.000,0
26.8705,-55.15,0.96,134.66,47.05,1.18,7,7,-1.000,0
26.8746,-54.10,1.05,135.95,47.64,1.06,7,7,-1.000,0
26.8787,-53.32,0.79,137.32,48.31,1.16,7,7,-1.000,0
26.8829,-51.27,2.05,139.82,49.19,1.88,7,7,-1.000,0
26.8872,-49.66,1.61,141.55,49.41,1.18,7,7,-1.000,0
26.8915,-48.36,1.30,143.37,49.91,1.29,7,7,-1.000,0
26.8954,-47.02,1.34,145.19,50.45,1.29,7,7,-1.000,0
26.8995,-44.62,2.40,148.04,50.28,1.84,7,7,-1.000,0
26.9038,-42.44,2.18,150.82,50.48,1.78,7,7,-1.000,0
26.9082,-40.42,2.01,153.47,50.73,1.70,7,7,-1.000,0
26.9122,-38.16,2.26,156.40,50.62,1.86,7,7,-1.000,0
26.9163,-35.68,2.48,158.98,50.32,1.74,7,7,-1.000,0
26.9204,-33.68,2.01,161.87,50.52,1.86,7,7,-1.000,0
26.9249,-30.78,2.89,165.16,50.13,2.17,7,7,-1.000,0
26.9290,-28.46,2.32,168.24,50.02,1.98,7,7,-1.000,0
26.9330,-26.68,1.78,170.40,49.47,1.50,7,7,-1.000,0
26.9371,-23.34,3.34,174.12,49.16,2.50,7,7,-1.000,0
26.9413,-21.17,2.17,176.63,48.72,1.73,7,7,-1.000,0
26.9457,-18.68,2.49,179.43,48.38,1.92,7,7,-1.000,0
26.9497,-16.36,2.32,-177.99,47.79,1.87,7,7,-1.000,0
26.9540,-14.25,2.11,-175.44,47.44,1.77,7,7,-1.000,0
26.9583,-12.47,1.79,-173.41,46.76,1.57,7,7,-1.000,0
26.9622,-10.36,2.11,-171.01,45.90,1.90,7,7,-1.000,0
26.9662,-8.49,1.87,-168.76,45.22,1.74,7,7,-1.000,0
26.9704,-6.91,1.57,-166.71,44.48,1.63,7,7,-1.000,0
26.9748,-5.62,1.29,-165.07,43.77,1.39,7,7,-1.000,0
26.9790,-3.70,1.93,-162.70,42.82,1.99,7,7,-1.000,0
26.9830,-1.99,1.70,-161.01,41.74,1.75,7,7,-1.000,0
26.9871,-0.42,1.58,-158.68,40.90,1.94,7,7,-1.000,0
26.9915,0.68,1.09,-157.18,39.94,1.49,7,7,-1.000,0
26.9957,2.23,1.55,-155.44,38.67,1.91,7,7,-1.000,0
26.9996,3.67,1.44,-153.41,37.49,1.99,7,7,-1.000,0
27.0039,4.88,1.22,-151.72,36.03,2.00,7,7,-1.000,0
27.0083,5.64,0.76,-150.32,35.08,1.49,7,7,-1.000,0
27.0122,6.76,1.12,-148.77,33.62,1.96,7,7,-1.000,0
27.0162,8.10,1.34,-146.61,32.50,2.14,7,7,-1.000,0
27.0206,9.08,0.98,-145.21,30.89,2.01,7,7,-1.000,0
27.0248,10.24,1.16,-143.53,29.47,2.06,7,7,-1.000,0
27.0289,11.70,1.46,-141.63,27.47,2.66,7,7,-1.000,0
27.0328,13.03,1.33,-140.09,25.36,2.60,7,7,-1.000,0
27.0371,14.95,1.92,-137.91,23.64,2.81,7,7,-1.000,0
27.0414,14.95,0.00,-137.34,21.87,1.86,7,7,-1.000,0
27.0457,16.31,1.36,-135.37,20.31,2.50,7,7,-1.000,0
27.0497,17.37,1.06,-133.80,18.56,2.35,7,7,-1.000,0
27.0539,18.07,0.70,-132.75,16.32,2.48,7,7,-1.000,0
27.0582,18.10,0.03,-132.12,14.39,2.03,7,7,-1.000,0
27.0624,18.66,0.56,-130.88,12.91,1.94,7,7,-1.000,0
27.0662,19.12,0.46,-129.98,11.10,2.03,7,7,-1.000,0
27.0704,19.75,0.63,-128.79,9.39,2.11,7,7,-1.000,0
27.0748,19.92,0.17,-128.14,7.43,2.06,7,7,-1.000,0
27.0788,20.57,0.64,-127.22,5.85,1.90,7,7,-1.000,0
27.0828,21.19,0.63,-126.34,4.17,1.98,7,7,-1.000,0
27.0872,21.30,0.11,-125.60,2.52,1.80,7,7,-1.000,0
27.0915,21.78,0.48,-124.70,0.64,2.13,7,7,-1.000,0
27.0954,21.68,-0.11,-123.95,-1.17,1.96,7,7,-1.000,0
27.0995,22.10,0.43,-122.79,-2.67,1.95,7,7,-1.000,0
27.1052,22.12,0.02,-122.14,-4.73,2.16,7,7,-1.000,0
27.1103,22.63,0.51,-121.24,-6.10,1.75,7,7,-1.000,0
27.1142,22.77,0.14,-120.50,-7.89,1.95,7,7,-1.000,0
27.1186,23.20,0.42,-119.75,-9.45,1.81,7,7,-1.000,0
27.1229,23.31,0.11,-119.15,-11.13,1.80,7,7,-1.000,0
27.1272,23.46,0.15,-118.66,-12.59,1.55,7,7,-1.000,0
27.1316,23.81,0.35,-117.99,-13.96,1.61,7,7,-1.000,0
27.1358,23.92,0.11,-117.64,-15.29,1.39,7,7,-1.000,0
27.1394,24.10,0.18,-117.11,-16.78,1.60,7,7,-1.000,0
27.1434,24.08,-0.03,-116.70,-18.14,1.42,7,7,-1.000,0
27.1473,24.38,0.30,-116.01,-19.41,1.52,7,7,-1.000,0
27.1524,24.65,0.27,-115.59,-20.72,1.44,7,7,-1.000,0
27.1561,24.84,0.20,-114.97,-21.55,1.09,7,7,-1.000,0
27.1605,24.91,0.07,-114.46,-22.77,1.33,7,7,-1.000,0
27.1647,25.01,0.09,-113.81,-24.16,1.55,7,7,-1.000,0
27.1686,25.08,0.07,-113.17,-25.45,1.46,7,7,-1.000,0
27.1725,25.20,0.12,-112.67,-26.72,1.39,7,7,-1.000,0
27.1767,25.09,-0.11,-111.94,-28.05,1.49,7,7,-1.000,0
27.1792,25.02,-0.07,-111.34,-29.45,1.51,7,7,-1.000,0
27.1832,25.27,0.25,-111.03,-30.73,1.37,7,7,-1.000,0
27.1877,25.19,-0.08,-110.56,-32.15,1.48,7,7,-1.000,0
27.1916,24.96,-0.23,-109.95,-33.64,1.57,7,7,-1.000,0
27.1956,25.02,0.06,-109.60,-34.90,1.32,7,7,-1.000,0
27.1999,24.77,-0.24,-109.24,-36.33,1.47,7,7,-1.000,0
27.2038,24.79,0.02,-108.69,-37.57,1.36,7,7,-1.000,0
27.2081,24.46,-0.33,-108.28,-38.98,1.45,7,7,-1.000,0
27.2121,24.67,0.21,-107.99,-40.15,1.26,7,7,-1.000,0
27.2162,24.27,-0.41,-107.61,-41.28,1.18,7,7,-1.000,0
27.2205,24.32,0.05,-107.05,-42.39,1.26,7,7,-1.000,0
27.2248,24.23,-0.09,-106.88,-43.55,1.17,7,7,-1.000,0
27.2288,24.04,-0.18,-106.71,-44.51,0.97,7,7,-1.000,0
27.2329,23.89,-0.15,-106.56,-45.37,0.87,7,7,-1.000,0
27.2372,23.53,-0.36,-106.39,-46.66,1.32,7,7,-1.000,0
27.2417,23.58,0.04,-106.53,-47.73,1.08,7,7,-1.000,0
27.2456,23.27,-0.31,-106.25,-48.74,1.02,7,7,-1.000,0
27.2496,23.16,-0.11,-106.07,-49.96,1.23,7,7,-1.000,0
27.2539,23.39,0.24,-106.28,-50.98,1.03,7,7,-1.000,0
27.2583,23.07,-0.33,-106.05,-52.07,1.11,7,7,-1.000,0
27.2622,22.79,-0.28,-105.82,-53.06,1.00,7,7,-1.000,0
27.2662,22.46,-0.33,-105.62,-54.15,1.11,7,7,-1.000,0
27.2705,22.43,-0.02,-105.58,-55.05,0.90,7,7,-1.000,0
27.2751,22.09,-0.34,-105.13,-56.02,1.00,7,7,-1.000,0
27.2791,21.65,-0.44,-104.59,-56.88,0.91,7,7,-1.000,0
27.2830,21.32,-0.33,-104.25,-58.01,1.15,7,7,-1.000,0
27.2872,20.28,-1.04,-103.33,-59.13,1.24,7,7,-1.000,0
27.2917,19.65,-0.63,-102.51,-60.01,0.98,7,7,-1.000,0
27.2956,18.92,-0.74,-101.77,-60.85,0.92,7,7,-1.000,0
27.2996,17.79,-1.12,-100.45,-61.84,1.18,7,7,-1.000,0
27.3038,17.35,-0.45,-99.79,-62.98,1.18,7,7,-1.000,0
27.3084,16.25,-1.10,-98.59,-63.95,1.11,7,7,-1.000,0
27.3122,15.06,-1.19,-97.08,-65.07,1.30,7,7,-1.000,0
27.3162,12.84,-2.21,-95.37,-66.81,1.99,7,7,-1.000,0
27.3205,11.15,-1.69,-93.78,-67.68,1.09,7,7,-1.000,0
27.3251,10.71,-0.44,-92.84,-68.52,1.01,7,7,-1.000,0
27.3290,8.25,-2.46,-90.71,-69.57,1.38,7,7,-1.000,0
27.3330,7.72,-0.52,-89.99,-70.26,0.75,7,7,-1.000,0
27.3371,5.19,-2.54,-87.83,-70.78,1.02,7,7,-1.000,0
27.3417,4.26,-0.92,-86.26,-71.66,1.17,7,7,-1.000,0
27.3456,2.24,-2.02,-83.33,-72.53,1.46,7,7,-1.000,0
27.3495,0.43,-1.81,-81.62,-73.01,0.72,7,7,-1.000,0
27.3538,-2.62,-3.05,-78.99,-73.62,1.11,7,7,-1.000,0
27.3583,-4.76,-2.15,-76.50,-74.59,1.21,7,7,-1.000,0
27.3622,-8.34,-3.57,-72.70,-75.35,1.25,7,7,-1.000,0
27.3662,-10.95,-2.61,-69.27,-76.30,1.46,7,7,-1.000,0
27.3705,-14.95,-4.00,-65.67,-76.36,0.99,7,7,-1.000,0
27.3750,-18.94,-3.99,-61.55,-75.94,1.07,7,7,-1.000,0
27.3789,-22.98,-4.04,-57.23,-76.31,1.11,7,7,-1.000,0
27.3829,-26.95,-3.98,-52.60,-76.79,1.29,7,7,-1.000,0
27.3872,-33.78,-6.83,-45.75,-77.17,1.59,7,7,-1.000,0
27.3916,-38.46,-4.68,-40.72,-77.25,1.14,7,7,-1.000,0
27.3954,-43.66,-5.19,-35.10,-77.66,1.32,7,7,-1.000,0
27.3995,-48.11,-4.46,-30.20,-77.52,1.11,7,7,-1.000,0
27.4038,-53.59,-5.48,-24.19,-77.08,1.45,7,7,-1.000,0
27.4082,-58.02,-4.43,-19.56,-76.83,1.08,7,7,-1.000,0
27.4121,-62.50,-4.48,-14.53,-76.35,1.33,7,7,-1.000,0
27.4162,-65.30,-2.80,-11.33,-76.03,0.88,7,7,-1.000,0
27.4204,-68.11,-2.81,-8.22,-75.51,0.95,7,7,-1.000,0
27.4250,-70.37,-2.26,-5.27,-75.15,1.02,7,7,-1.000,0
27.4289,-71.44,-1.07,-3.75,-74.58,0.80,7,7,-1.000,0
27.4329,-73.23,-1.79,-1.43,-74.03,0.94,7,7,-1.000,0
27.4372,-74.74,-1.52,0.75,-73.81,0.87,7,7,-1.000,0
27.4416,-75.69,-0.95,2.11,-73.52,0.60,7,7,-1.000,0
27.4454,-76.82,-1.13,3.78,-73.02,0.84,7,7,-1.000,0
27.4495,-77.17,-0.34,4.68,-72.47,0.80,7,7,-1.000,0
27.4539,-78.51,-1.35,6.71,-72.19,0.90,7,7,-1.000,0
27.4583,-79.32,-0.81,8.01,-71.63,0.81,7,7,-1.000,0
27.4621,-79.56,-0.24,8.99,-71.30,0.83,7,7,-1.000,0
27.4663,-79.98,-0.42,10.13,-70.93,0.84,7,7,-1.000,0
27.4704,-80.92,-0.94,11.65,-70.39,0.89,7,7,-1.000,0
27.4748,-82.69,-1.77,13.77,-70.24,0.76,7,7,-1.000,0
27.4788,-83.50,-0.81,15.19,-69.65,0.92,7,7,-1.000,0
27.4829,-83.08,0.42,15.91,-68.88,1.37,7,7,-1.000,0
27.4872,-83.97,-0.89,17.76,-68.30,1.22,7,7,-1.000,0
27.4915,-84.97,-1.00,19.42,-67.60,1.09,7,7,-1.000,0
27.4953,-85.15,-0.18,20.43,-66.83,1.13,7,7,-1.000,0
27.4995,-86.34,-1.20,22.35,-65.95,1.30,7,7,-1.000,0
27.5038,-86.51,-0.17,23.37,-65.08,1.24,7,7,-1.000,0
27.5083,-86.82,-0.31,24.50,-64.27,1.18,7,7,-1.000,0
27.5123,-87.16,-0.34,25.55,-63.45,1.12,7,7,-1.000,0
27.5163,-87.31,-0.15,26.59,-62.69,1.18,7,7,-1.000,0
27.5204,-87.18,0.13,27.18,-61.80,1.14,7,7,-1.000,0
27.5249,-87.21,-0.02,27.89,-61.06,1.01,7,7,-1.000,0
27.5289,-87.17,0.04,28.77,-60.27,1.20,7,7,-1.000,0
27.5329,-86.84,0.33,29.24,-59.58,1.04,7,7,-1.000,0
27.5372,-86.62,0.23,29.79,-59.06,0.91,7,7,-1.000,0
27.5416,-86.04,0.58,30.02,-58.33,1.08,7,7,-1.000,0
27.5455,-85.50,0.54,30.05,-57.62,0.90,7,7,-1.000,0
27.5495,-84.65,0.85,30.15,-56.96,1.15,7,7,-1.000,0
27.5538,-84.27,0.38,30.50,-56.45,0.87,7,7,-1.000,0
27.5582,-83.35,0.93,30.23,-55.69,1.04,7,7,-1.000,0
27.5622,-82.85,0.50,30.69,-55.23,1.03,7,7,-1.000,0
27.5663,-82.38,0.46,30.97,-54.70,0.89,7,7,-1.000,0
27.5705,-81.79,0.59,31.18,-54.16,0.94,7,7,-1.000,0
27.5750,-80.91,0.88,31.30,-53.54,1.16,7,7,-1.000,0
27.5789,-80.10,0.81,31.40,-52.84,1.13,7,7,-1.000,0
27.5830,-79.40,0.70,31.33,-52.44,0.76,7,7,-1.000,0
27.5872,-79.00,0.40,31.83,-51.80,1.06,7,7,-1.000,0
27.5917,-77.97,1.03,31.48,-51.09,1.06,7,7,-1.000,0
27.5956,-77.07,0.90,31.55,-50.43,1.17,7,7,-1.000,0
27.5996,-77.17,-0.10,32.59,-50.06,1.03,7,7,-1.000,0
27.6040,-76.13,1.04,31.80,-49.13,1.15,7,7,-1.000,0
27.6086,-75.86,0.27,32.30,-48.73,0.83,7,7,-1.000,0
27.6124,-75.90,-0.04,33.17,-48.42,0.90,7,7,-1.000,0
27.6164,-74.79,1.11,32.26,-47.62,1.10,7,7,-1.000,0
27.6205,-74.07,0.72,32.00,-46.93,0.88,7,7,-1.000,0
27.6252,-73.59,0.48,32.37,-46.19,1.08,7,7,-1.000,0
27.6289,-72.87,0.73,32.41,-45.88,0.81,7,7,-1.000,0
27.6330,-71.75,1.12,32.11,-45.08,1.22,7,7,-1.000,0
27.6372,-71.36,0.39,32.86,-44.98,1.07,7,7,-1.000,0
27.6419,-71.08,0.28,33.65,-45.02,1.01,7,7,-1.000,0
27.6458,-70.17,0.91,33.56,-44.31,1.10,7,7,-1.000,0
27.6497,-69.57,0.59,34.03,-44.13,1.00,7,7,-1.000,0
27.6539,-68.54,1.03,33.99,-43.74,1.08,7,7,-1.000,0
27.6583,-67.98,0.56,34.55,-43.68,1.04,7,7,-1.000,0
27.6622,-67.13,0.85,34.55,-43.51,0.86,7,7,-1.000,0
27.6663,-66.31,0.82,34.53,-43.33,0.83,7,7,-1.000,0
27.6705,-65.30,1.01,34.51,-43.12,1.02,7,7,-1.000,0
27.6750,-64.47,0.82,34.59,-42.87,0.92,7,7,-1.000,0
27.6788,-63.73,0.74,34.80,-42.93,0.91,7,7,-1.000,0
27.6829,-63.01,0.72,34.73,-42.76,0.70,7,7,-1.000,0
27.6872,-62.15,0.86,34.86,-42.71,0.95,7,7,-1.000,0
27.6916,-61.17,0.98,34.73,-42.73,0.90,7,7,-1.000,0
27.6956,-60.43,0.74,34.64,-42.93,0.71,7,7,-1.000,0
27.6995,-59.64,0.79,34.74,-43.09,0.88,7,7,-1.000,0
27.7039,-58.59,1.06,34.63,-43.24,1.00,7,7,-1.000,0
27.7083,-57.53,1.06,34.40,-43.67,1.01,7,7,-1.000,0
27.7122,-56.76,0.76,34.53,-44.05,0.94,7,7,-1.000,0
27.7163,-55.61,1.15,34.06,-44.52,1.00,7,7,-1.000,0
27.7206,-54.63,0.98,33.93,-45.30,1.19,7,7,-1.000,0
27.7251,-53.38,1.25,33.55,-45.78,1.12,7,7,-1.000,0
27.7290,-52.30,1.08,33.09,-46.45,1.06,7,7,-1.000,0
27.7330,-51.18,1.12,32.66,-47.18,1.13,7,7,-1.000,0
27.7373,-49.96,1.21,32.00,-48.05,1.22,7,7,-1.000,0
27.7417,-48.50,1.46,31.01,-48.68,1.16,7,7,-1.000,0
27.7456,-47.37,1.13,30.45,-49.67,1.27,7,7,-1.000,0
27.7496,-45.87,1.50,29.29,-50.35,1.18,7,7,-1.000,0
27.7540,-44.39,1.48,28.09,-51.21,1.27,7,7,-1.000,0
27.7584,-42.90,1.49,26.68,-51.95,1.20,7,7,-1.000,0
27.7622,-41.35,1.55,25.42,-52.72,1.22,7,7,-1.000,0
27.7664,-39.71,1.65,23.79,-53.24,1.16,7,7,-1.000,0
27.7705,-38.31,1.39,22.46,-53.98,1.13,7,7,-1.000,0
27.7750,-37.06,1.25,21.35,-54.69,1.02,7,7,-1.000,0
27.7788,-35.28,1.78,19.53,-55.18,1.20,7,7,-1.000,0
27.7830,-33.73,1.56,17.98,-55.64,1.03,7,7,-1.000,0
27.7872,-32.12,1.61,16.26,-56.12,1.09,7,7,-1.000,0
27.7916,-30.42,1.70,14.64,-56.59,1.07,7,7,-1.000,0
27.7956,-28.74,1.68,12.89,-56.93,1.04,7,7,-1.000,0
27.7995,-27.04,1.70,11.20,-57.29,1.03,7,7,-1.000,0
27.8039,-24.62,2.42,8.80,-57.65,1.40,7,7,-1.000,0
27.8080,-22.71,1.91,6.96,-58.09,1.13,7,7,-1.000,0
27.8124,-20.02,2.69,4.35,-58.44,1.49,7,7,-1.000,0
27.8165,-17.49,2.53,2.08,-58.56,1.33,7,7,-1.000,0
27.8206,-14.39,3.10,-0.96,-58.86,1.68,7,7,-1.000,0
27.8247,-11.48,2.91,-3.82,-58.98,1.55,7,7,-1.000,0
27.8290,-7.69,3.79,-7.55,-58.85,2.02,7,7,-1.000,0
27.8333,-4.09,3.60,-11.10,-58.74,1.93,7,7,-1.000,0
27.8374,-0.11,3.98,-15.16,-58.51,2.19,7,7,-1.000,0
27.8418,4.02,4.14,-19.35,-57.90,2.36,7,7,-1.000,0
27.8455,8.19,4.16,-23.57,-57.31,2.42,7,7,-1.000,0
27.8494,12.57,4.38,-28.19,-56.40,2.73,7,7,-1.000,0
27.8537,16.88,4.32,-32.83,-55.35,2.85,7,7,-1.000,0
27.8582,20.90,4.02,-37.47,-54.05,2.98,7,7,-1.000,0
27.8621,24.87,3.97,-41.81,-52.29,3.18,7,7,-1.000,0
27.8663,28.46,3.59,-45.97,-50.75,3.04,7,7,-1.000,0
27.8705,31.78,3.32,-49.99,-48.75,3.28,7,7,-1.000,0
27.8748,34.98,3.20,-53.71,-46.70,3.27,7,7,-1.000,0
27.8787,37.85,2.86,-56.89,-44.42,3.24,7,7,-1.000,0
27.8829,40.03,2.18,-59.87,-42.20,3.11,7,7,-1.000,0
27.8872,42.60,2.58,-62.53,-40.28,2.89,7,7,-1.000,0
27.8915,44.46,1.86,-64.88,-37.98,2.96,7,7,-1.000,0
27.8954,46.43,1.97,-67.10,-36.23,2.56,7,7,-1.000,0
27.8994,47.99,1.56,-69.06,-34.04,2.75,7,7,-1.000,0
27.9038,49.35,1.36,-70.65,-32.01,2.47,7,7,-1.000,0
27.9082,50.68,1.33,-72.17,-30.20,2.30,7,7,-1.000,0
27.9121,51.67,1.00,-73.37,-27.90,2.56,7,7,-1.000,0
27.9162,52.30,0.63,-74.59,-26.19,2.02,7,7,-1.000,0
27.9205,53.37,1.06,-75.78,-25.12,1.62,7,7,-1.000,0
27.9249,54.17,0.81,-76.82,-23.99,1.52,7,7,-1.000,0
27.9289,54.81,0.64,-77.72,-22.88,1.41,7,7,-1.000,0
27.9329,55.34,0.53,-78.31,-21.44,1.57,7,7,-1.000,0
27.9371,55.78,0.44,-79.04,-20.37,1.28,7,7,-1.000,0
27.9417,56.32,0.54,-79.61,-19.30,1.25,7,7,-1.000,0
27.9456,56.76,0.44,-80.04,-18.21,1.20,7,7,-1.000,0
27.9494,57.31,0.55,-80.38,-16.93,1.39,7,7,-1.000,0
27.9538,57.51,0.20,-80.96,-15.84,1.23,7,7,-1.000,0
27.9583,57.95,0.45,-81.34,-14.45,1.48,7,7,-1.000,0
27.9623,58.30,0.35,-81.75,-13.07,1.46,7,7,-1.000,0
27.9662,58.72,0.42,-82.09,-11.57,1.58,7,7,-1.000,0
27.9705,59.25,0.53,-82.51,-9.83,1.84,7,7,-1.000,0
27.9746,59.67,0.42,-83.07,-8.41,1.56,7,7,-1.000,0
27.9787,60.04,0.38,-83.37,-6.37,2.09,7,7,-1.000,0
27.9829,60.27,0.23,-83.98,-4.48,1.99,7,7,-1.000,0
27.9872,60.63,0.36,-84.78,-2.83,1.87,7,7,-1.000,0
27.9915,61.18,0.55,-85.29,-1.08,1.90,7,7,-1.000,0
27.9954,61.66,0.47,-85.90,0.52,1.77,7,7,-1.000,0
27.9995,62.16,0.50,-86.39,2.32,1.93,7,7,-1.000,0
28.0039,62.47,0.31,-87.00,3.85,1.68,7,7,-1.000,0
28.0083,62.73,0.26,-87.66,5.40,1.72,7,7,-1.000,0
28.0123,62.67,-0.05,-88.55,6.94,1.78,7,7,-1.000,0
28.0163,62.74,0.06,-89.21,8.21,1.43,7,7,-1.000,0
28.0205,63.01,0.27,-89.69,9.49,1.41,7,7,-1.000,0
28.0249,63.10,0.10,-90.31,10.72,1.39,7,7,-1.000,0
28.0289,63.11,0.01,-90.95,11.80,1.25,7,7,-1.000,0
28.0330,63.24,0.12,-91.46,12.87,1.21,7,7,-1.000,0
28.0372,63.23,-0.00,-91.87,13.97,1.17,7,7,-1.000,0
28.0413,63.16,-0.07,-92.44,14.95,1.13,7,7,-1.000,0
28.0454,62.93,-0.23,-93.07,15.76,1.01,7,7,-1.000,0
28.0495,62.95,0.02,-93.50,16.79,1.12,7,7,-1.000,0
28.0538,62.91,-0.04,-93.98,17.64,0.98,7,7,-1.000,0
28.0583,62.84,-0.07,-94.51,18.67,1.16,7,7,-1.000,0
28.0622,62.87,0.02,-94.97,19.76,1.18,7,7,-1.000,0
28.0663,62.66,-0.21,-95.53,20.92,1.28,7,7,-1.000,0
28.0704,62.35,-0.31,-96.22,21.94,1.20,7,7,-1.000,0
28.0750,62.36,0.01,-96.69,23.20,1.35,7,7,-1.000,0
28.0789,62.01,-0.35,-97.41,24.36,1.34,7,7,-1.000,0
28.0829,61.66,-0.35,-98.23,25.36,1.25,7,7,-1.000,0
28.0872,61.38,-0.29,-98.68,26.75,1.45,7,7,-1.000,0
28.0913,60.90,-0.48,-99.54,28.09,1.54,7,7,-1.000,0
28.0953,60.59,-0.31,-99.96,29.26,1.23,7,7,-1.000,0
28.0994,60.19,-0.41,-100.72,30.46,1.38,7,7,-1.000,0
28.1045,59.91,-0.27,-101.23,31.78,1.38,7,7,-1.000,0
28.1099,59.66,-0.25,-101.79,32.87,1.20,7,7,-1.000,0
28.1145,59.28,-0.38,-102.42,34.24,1.47,7,7,-1.000,0
28.1184,58.92,-0.36,-103.15,35.58,1.47,7,7,-1.000,0
28.1228,58.49,-0.43,-103.68,36.63,1.14,7,7,-1.000,0
28.1266,58.01,-0.48,-104.40,37.61,1.13,7,7,-1.000,0
28.1312,57.40,-0.61,-105.36,38.64,1.28,7,7,-1.000,0
28.1353,56.47,-0.93,-106.26,39.57,1.22,7,7,-1.000,0
28.1395,55.97,-0.50,-107.16,40.82,1.43,7,7,-1.000,0
28.1437,55.11,-0.86,-108.16,41.73,1.20,7,7,-1.000,0
28.1476,54.73,-0.38,-108.96,42.58,1.05,7,7,-1.000,0
28.1513,53.92,-0.81,-109.88,43.44,1.11,7,7,-1.000,0
28.1558,53.10,-0.83,-111.06,44.01,1.03,7,7,-1.000,0
28.1598,52.47,-0.62,-111.69,44.94,1.05,7,7,-1.000,0
28.1647,51.57,-0.90,-113.04,45.45,1.09,7,7,-1.000,0
28.1686,51.01,-0.56,-113.91,46.21,0.98,7,7,-1.000,0
28.1730,49.61,-1.40,-115.55,46.68,1.24,7,7,-1.000,0
28.1768,48.87,-0.74,-116.67,47.49,1.11,7,7,-1.000,0
28.1809,48.12,-0.75,-117.75,48.02,0.90,7,7,-1.000,0
28.1838,47.97,-0.15,-118.51,48.40,0.76,7,7,-1.000,0
28.1876,46.30,-1.67,-120.36,48.97,1.37,7,7,-1.000,0
28.1919,44.32,-1.98,-122.64,49.48,1.59,7,7,-1.000,0
28.1957,44.07,-0.24,-123.35,49.81,0.64,7,7,-1.000,0
28.1997,42.87,-1.21,-124.89,50.60,1.26,7,7,-1.000,0
28.2040,41.86,-1.00,-126.23,50.98,0.93,7,7,-1.000,0
28.2083,40.83,-1.03,-127.58,51.51,1.01,7,7,-1.000,0
28.2122,39.00,-1.83,-129.75,52.15,1.49,7,7,-1.000,0
28.2162,37.40,-1.59,-131.60,52.61,1.22,7,7,-1.000,0
28.2204,35.71,-1.69,-133.63,53.40,1.46,7,7,-1.000,0
28.2250,33.66,-2.05,-135.77,53.61,1.33,7,7,-1.000,0
28.2289,32.30,-1.36,-137.28,54.18,1.07,7,7,-1.000,0
28.2330,30.41,-1.89,-139.65,54.11,1.39,7,7,-1.000,0
28.2372,28.29,-2.12,-141.92,54.20,1.36,7,7,-1.000,0
28.2417,25.93,-2.36,-144.65,54.50,1.63,7,7,-1.000,0
28.2457,24.29,-1.64,-146.69,54.36,1.19,7,7,-1.000,0
28.2495,22.33,-1.95,-149.03,54.13,1.39,7,7,-1.000,0
28.2538,20.40,-1.93,-151.22,53.85,1.33,7,7,-1.000,0
28.2584,18.59,-1.81,-153.51,53.43,1.42,7,7,-1.000,0
28.2623,17.25,-1.34,-155.23,53.04,1.11,7,7,-1.000,0
28.2664,15.66,-1.59,-157.32,52.47,1.38,7,7,-1.000,0
28.2705,14.05,-1.61,-159.41,51.84,1.43,7,7,-1.000,0
28.2752,12.66,-1.39,-161.19,51.32,1.22,7,7,-1.000,0
28.2794,11.79,-0.87,-162.47,50.91,0.91,7,7,-1.000,0
28.2831,10.74,-1.05,-163.93,50.48,1.02,7,7,-1.000,0
28.2873,9.54,-1.20,-165.61,49.82,1.27,7,7,-1.000,0
28.2918,8.23,-1.31,-167.36,49.14,1.32,7,7,-1.000,0
28.2955,7.48,-0.76,-168.47,48.71,0.86,7,7,-1.000,0
28.2996,6.35,-1.13,-169.84,48.03,1.14,7,7,-1.000,0
28.3039,5.48,-0.86,-171.04,47.22,1.15,7,7,-1.000,0
28.3084,4.59,-0.90,-172.24,46.19,1.32,7,7,-1.000,0
28.3123,3.82,-0.76,-173.35,45.17,1.28,7,7,-1.000,0
28.3163,3.26,-0.57,-174.25,44.24,1.14,7,7,-1.000,0
28.3206,2.49,-0.77,-175.51,42.78,1.72,7,7,-1.000,0
28.3250,1.96,-0.53,-176.31,41.72,1.22,7,7,-1.000,0
28.3289,1.53,-0.43,-177.11,40.76,1.13,7,7,-1.000,0
28.3330,1.35,-0.18,-177.64,39.66,1.18,7,7,-1.000,0
28.3373,1.16,-0.19,-178.26,38.68,1.11,7,7,-1.000,0
28.3417,0.99,-0.17,-178.83,37.61,1.18,7,7,-1.000,0
28.3455,0.75,-0.24,-179.67,36.34,1.46,7,7,-1.000,0
28.3494,0.68,-0.06,179.81,34.87,1.54,7,7,-1.000,0
28.3539,0.45,-0.23,179.14,33.80,1.21,7,7,-1.000,0
28.3583,0.80,0.35,178.70,32.05,1.89,7,7,-1.000,0
28.3622,0.71,-0.09,178.21,30.74,1.38,7,7,-1.000,0
28.3663,0.17,-0.55,177.27,29.10,1.84,7,7,-1.000,0
28.3706,0.13,-0.03,176.58,27.76,1.50,7,7,-1.000,0
28.3750,0.50,0.37,176.34,26.95,0.97,7,7,-1.000,0
28.3788,0.27,-0.23,175.48,25.63,1.53,7,7,-1.000,0
28.3830,0.31,0.04,174.99,24.40,1.34,7,7,-1.000,0
28.3873,0.00,-0.31,173.94,23.06,1.65,7,7,-1.000,0
28.3916,-0.05,-0.05,173.52,21.90,1.23,7,7,-1.000,0
28.3955,-0.49,-0.44,172.22,20.71,1.69,7,7,-1.000,0
28.3995,-0.41,0.08,172.15,19.43,1.29,7,7,-1.000,0
28.4040,-0.72,-0.30,171.29,18.11,1.55,7,7,-1.000,0
28.4084,-0.83,-0.11,171.09,16.98,1.15,7,7,-1.000,0
28.4123,-0.98,-0.14,170.95,15.77,1.22,7,7,-1.000,0
28.4163,-1.06,-0.09,171.10,14.29,1.49,7,7,-1.000,0
28.4207,-1.09,-0.03,170.91,13.18,1.13,7,7,-1.000,0
28.4250,-1.29,-0.21,171.27,11.84,1.41,7,7,-1.000,0
28.4289,-1.04,0.26,171.92,10.61,1.39,7,7,-1.000,0
28.4330,-0.90,0.14,172.31,9.38,1.29,7,7,-1.000,0
28.4372,-0.70,0.20,173.31,8.39,1.40,7,7,-1.000,0
28.4414,-0.71,-0.01,173.33,6.81,1.58,7,7,-1.000,0
28.4454,-0.89,-0.18,173.46,4.96,1.87,7,7,-1.000,0
28.4495,-0.72,0.17,173.69,3.19,1.79,7,7,-1.000,0
28.4541,-0.66,0.06,173.74,1.90,1.29,7,7,-1.000,0
28.4580,-0.60,0.05,174.02,0.18,1.74,7,7,-1.000,0
28.4622,-0.66,-0.06,173.99,-1.33,1.51,7,7,-1.000,0
28.4662,-0.32,0.35,174.15,-2.54,1.27,7,7,-1.000,0
28.4704,0.21,0.53,174.52,-4.10,1.70,7,7,-1.000,0
28.4747,0.31,0.10,174.15,-5.44,1.39,7,7,-1.000,0
28.4788,0.61,0.30,174.42,-6.85,1.47,7,7,-1.000,0
28.4830,1.05,0.44,174.76,-8.00,1.29,7,7,-1.000,0
28.4873,1.80,0.75,174.65,-9.27,1.47,7,7,-1.000,0
28.4916,2.29,0.49,174.90,-11.09,1.92,7,7,-1.000,0
28.4955,2.78,0.50,174.87,-12.15,1.17,7,7,-1.000,0
28.4995,3.16,0.38,174.23,-13.34,1.36,7,7,-1.000,0
28.5038,3.74,0.58,173.85,-13.97,0.87,7,7,-1.000,0
28.5081,4.24,0.50,173.60,-15.02,1.17,7,7,-1.000,0
28.5121,4.67,0.43,173.33,-16.33,1.39,7,7,-1.000,0
28.5163,5.21,0.54,173.02,-17.07,0.91,7,7,-1.000,0
28.5207,5.42,0.21,173.16,-18.42,1.38,7,7,-1.000,0
28.5247,6.08,0.65,172.31,-19.01,1.07,7,7,-1.000,0
28.5287,6.04,-0.03,172.32,-20.48,1.46,7,7,-1.000,0
28.5329,6.38,0.34,171.98,-21.76,1.34,7,7,-1.000,0
28.5372,6.68,0.30,171.84,-22.69,0.97,7,7,-1.000,0
28.5416,7.05,0.36,171.50,-23.28,0.71,7,7,-1.000,0
28.5455,6.91,-0.14,172.34,-23.75,0.92,7,7,-1.000,0
28.5494,7.23,0.32,172.81,-24.66,1.13,7,7,-1.000,0
28.5538,6.86,-0.37,173.74,-26.42,1.95,7,7,-1.000,0
28.5582,6.22,-0.64,176.71,-26.99,2.79,7,7,-1.000,0
28.5622,6.16,-0.06,175.73,-28.11,1.50,7,7,-1.000,0
28.5663,6.91,0.75,174.61,-29.19,1.48,7,7,-1.000,0
28.5705,6.88,-0.03,176.27,-30.15,1.91,7,7,-1.000,0
28.5749,7.73,0.85,175.07,-31.71,1.89,7,7,-1.000,0
28.5789,8.21,0.48,175.11,-33.13,1.51,7,7,-1.000,0
28.5830,10.48,2.27,173.04,-35.37,3.02,7,7,-1.000,0
28.5872,10.09,-0.38,174.05,-36.27,1.24,7,7,-1.000,0
28.5916,10.72,0.63,174.01,-37.52,1.39,7,7,-1.000,0
28.5955,12.39,1.67,172.49,-39.38,2.32,7,7,-1.000,0
28.5995,13.35,0.96,171.22,-40.58,1.55,7,7,-1.000,0
28.6039,14.56,1.21,170.09,-42.05,1.75,7,7,-1.000,0
28.6084,15.71,1.15,168.69,-44.11,2.31,7,7,-1.000,0
28.6123,16.58,0.87,168.17,-44.97,1.06,7,7,-1.000,0
28.6163,17.57,0.99,167.40,-45.91,1.17,7,7,-1.000,0
28.6205,18.57,1.00,166.18,-47.33,1.65,7,7,-1.000,0
28.6250,19.49,0.92,165.60,-48.33,1.18,7,7,-1.000,0
28.6290,20.15,0.66,164.70,-49.51,1.32,7,7,-1.000,0
28.6330,20.19,0.04,165.01,-49.92,0.54,7,7,-1.000,0
28.6373,21.22,1.02,163.69,-50.67,1.12,7,7,-1.000,0
28.6417,21.05,-0.17,163.77,-51.42,0.76,7,7,-1.000,0
28.6455,21.51,0.47,163.30,-51.98,0.64,7,7,-1.000,0
28.6495,22.15,0.64,162.01,-53.52,1.77,7,7,-1.000,0
28.6538,22.53,0.38,161.30,-54.13,0.77,7,7,-1.000,0
28.6587,22.22,-0.31,162.32,-53.33,1.13,7,7,-1.000,0
28.6623,21.95,-0.27,162.35,-54.42,1.12,7,7,-1.000,0
28.6664,22.24,0.29,161.92,-55.08,0.70,7,7,-1.000,0
28.6707,22.47,0.22,161.96,-55.43,0.44,7,7,-1.000,0
28.6750,22.14,-0.33,162.29,-56.31,0.90,7,7,-1.000,0
28.6789,22.57,0.43,161.72,-57.33,1.07,7,7,-1.000,0
28.6830,22.72,0.15,162.07,-57.67,0.59,7,7,-1.000,0
28.6873,22.68,-0.04,162.42,-58.10,0.53,7,7,-1.000,0
28.6917,23.26,0.58,162.17,-58.48,0.54,7,7,-1.000,0
28.6956,23.27,0.01,162.64,-59.07,0.76,7,7,-1.000,0
28.6995,23.58,0.31,162.84,-59.50,0.65,7,7,-1.000,0
28.7038,24.49,0.91,161.99,-60.14,0.79,7,7,-1.000,0
28.7083,24.83,0.34,162.07,-60.37,0.47,7,7,-1.000,0
28.7122,25.09,0.26,161.83,-60.97,0.62,7,7,-1.000,0
28.7162,25.61,0.52,161.49,-61.33,0.45,7,7,-1.000,0
28.7204,25.29,-0.32,162.13,-61.58,0.46,7,7,-1.000,0
28.7249,25.95,0.65,161.07,-62.31,0.93,7,7,-1.000,0
28.7289,26.72,0.77,160.07,-62.63,0.58,7,7,-1.000,0
28.7330,26.66,-0.06,160.37,-62.57,0.26,7,7,-1.000,0
28.7371,27.40,0.74,159.05,-63.34,1.07,7,7,-1.000,0
28.7418,26.69,-0.71,159.88,-63.40,0.38,7,7,-1.000,0
28.7456,27.00,0.31,159.37,-63.57,0.32,7,7,-1.000,0
28.7495,27.21,0.21,159.00,-63.93,0.41,7,7,-1.000,0
28.7540,26.57,-0.64,159.91,-63.96,0.44,7,7,-1.000,0
28.7582,27.22,0.64,159.02,-64.44,0.64,7,7,-1.000,0
28.7622,27.27,0.05,158.71,-65.03,0.65,7,7,-1.000,0
28.7663,28.34,1.07,158.57,-65.10,0.95,7,7,-1.000,0
28.7705,29.05,0.72,157.64,-65.64,0.68,7,7,-1.000,0
28.7750,28.98,-0.07,159.18,-65.86,1.49,7,7,-1.000,0
28.7789,29.72,0.74,157.72,-66.30,0.94,7,7,-1.000,0
28.7830,30.39,0.66,156.85,-66.22,0.38,7,7,-1.000,0
28.7872,30.45,0.07,157.60,-66.30,0.81,7,7,-1.000,0
28.7917,30.62,0.17,157.12,-66.84,0.63,7,7,-1.000,0
28.7954,30.07,-0.55,158.97,-66.65,1.37,7,7,-1.000,0
28.7995,31.46,1.40,156.79,-66.84,1.07,7,7,-1.000,0
28.8039,30.96,-0.51,157.86,-67.02,0.66,7,7,-1.000,0
28.8080,31.06,0.10,158.13,-67.42,0.54,7,7,-1.000,0
28.8124,30.27,-0.79,159.33,-67.32,0.57,7,7,-1.000,0
28.8165,30.59,0.32,158.72,-67.51,0.39,7,7,-1.000,0
28.8207,29.26,-1.33,161.47,-67.04,1.67,7,7,-1.000,0
28.8247,28.59,-0.67,161.76,-67.27,0.48,7,7,-1.000,0
28.8289,27.98,-0.61,161.96,-67.20,0.45,7,7,-1.000,0
28.8330,27.08,-0.89,162.69,-67.19,0.36,7,7,-1.000,0
28.8371,26.09,-0.99,163.39,-67.32,0.46,7,7,-1.000,0
28.8415,25.18,-0.92,164.32,-67.50,0.40,7,7,-1.000,0
28.8454,24.16,-1.02,165.55,-67.50,0.49,7,7,-1.000,0
28.8494,23.09,-1.07,166.75,-67.50,0.46,7,7,-1.000,0
28.8537,21.87,-1.22,168.26,-67.51,0.61,7,7,-1.000,0
28.8582,21.40,-0.46,168.79,-67.75,0.32,7,7,-1.000,0
28.8622,20.16,-1.25,170.21,-68.09,0.64,7,7,-1.000,0
28.8663,19.99,-0.17,171.14,-68.49,0.88,7,7,-1.000,0
28.8705,18.39,-1.60,173.36,-68.25,0.96,7,7,-1.000,0
28.8746,18.11,-0.28,176.15,-68.51,2.54,7,7,-1.000,0
28.8787,16.78,-1.33,178.17,-68.73,0.94,7,7,-1.000,0
28.8829,15.76,-1.02,179.96,-68.90,0.93,7,7,-1.000,0
28.8872,14.67,-1.09,-179.24,-68.75,0.47,7,7,-1.000,0
28.8915,14.02,-0.66,-178.05,-68.57,0.66,7,7,-1.000,0
28.8958,12.88,-1.14,-177.47,-68.65,0.64,7,7,-1.000,0
28.8996,11.96,-0.92,-176.65,-68.65,0.34,7,7,-1.000,0
28.9039,10.24,-1.72,-174.48,-68.72,0.85,7,7,-1.000,0
28.9083,9.83,-0.41,-173.93,-68.66,0.23,7,7,-1.000,0
28.9124,9.92,0.10,-173.73,-68.56,0.31,7,7,-1.000,0
28.9164,8.17,-1.75,-171.71,-68.53,0.75,7,7,-1.000,0
28.9206,6.79,-1.38,-169.57,-68.48,0.99,7,7,-1.000,0
28.9249,5.79,-0.99,-168.31,-68.45,0.50,7,7,-1.000,0
28.9290,5.25,-0.54,-167.55,-68.44,0.33,7,7,-1.000,0
28.9330,4.89,-0.36,-166.81,-68.43,0.42,7,7,-1.000,0
28.9371,3.79,-1.10,-165.14,-68.23,0.79,7,7,-1.000,0
28.9415,3.49,-0.30,-164.38,-67.94,0.58,7,7,-1.000,0
28.9455,3.96,0.47,-164.61,-67.78,0.31,7,7,-1.000,0
28.9495,2.09,-1.88,-162.14,-67.34,1.12,7,7,-1.000,0
28.9538,2.37,0.28,-162.17,-67.08,0.36,7,7,-1.000,0
28.9582,1.51,-0.86,-160.96,-66.75,0.63,7,7,-1.000,0
28.9623,1.37,-0.14,-160.40,-66.44,0.53,7,7,-1.000,0
28.9663,0.68,-0.69,-159.63,-66.29,0.35,7,7,-1.000,0
28.9704,0.71,0.02,-159.28,-65.87,0.56,7,7,-1.000,0
28.9746,0.31,-0.40,-158.61,-65.56,0.47,7,7,-1.000,0
28.9789,0.18,-0.13,-158.39,-65.42,0.18,7,7,-1.000,0
28.9829,0.02,-0.15,-157.90,-65.12,0.47,7,7,-1.000,0
28.9871,0.00,-0.02,-157.72,-65.07,0.16,7,7,-1.000,0
28.9916,-0.59,-0.60,-157.02,-64.99,0.31,7,7,-1.000,0
28.9956,-1.02,-0.43,-156.41,-64.88,0.31,7,7,-1.000,0
28.9996,-1.06,-0.04,-156.33,-64.76,0.13,7,7,-1.000,0
29.0039,-1.89,-0.83,-154.99,-64.62,0.70,7,7,-1.000,0
29.0083,-2.07,-0.17,-154.17,-64.31,0.75,7,7,-1.000,0
29.0123,-3.04,-0.97,-153.00,-64.02,0.59,7,7,-1.000,0
29.0163,-2.58,0.46,-153.12,-63.97,0.36,7,7,-1.000,0
29.0205,-3.13,-0.55,-151.15,-63.35,1.61,7,7,-1.000,0
29.0249,-1.99,1.14,-150.02,-62.51,2.37,7,7,-1.000,0
29.0290,-2.34,-0.35,-149.42,-62.37,0.35,7,7,-1.000,0
29.0330,-1.79,0.55,-150.02,-62.18,0.34,7,7,-1.000,0
29.0372,-1.20,0.59,-150.26,-62.25,0.40,7,7,-1.000,0
29.0416,-1.97,-0.77,-149.36,-62.40,0.44,7,7,-1.000,0
29.0457,-1.23,0.74,-150.45,-62.67,0.61,7,7,-1.000,0
29.0496,-1.92,-0.69,-150.34,-63.24,0.83,7,7,-1.000,0
29.0539,-1.43,0.48,-150.60,-63.15,0.29,7,7,-1.000,0
29.0582,-0.48,0.96,-151.33,-62.77,0.59,7,7,-1.000,0
29.0623,-0.86,-0.38,-151.06,-62.76,0.19,7,7,-1.000,0
29.0663,-0.02,0.83,-151.87,-62.79,0.39,7,7,-1.000,0
29.0705,-0.30,-0.28,-151.71,-62.46,0.37,7,7,-1.000,0
29.0749,0.71,1.01,-152.78,-62.45,0.50,7,7,-1.000,0
29.0789,0.46,-0.25,-152.43,-62.20,0.30,7,7,-1.000,0
29.0829,0.45,-0.01,-152.66,-62.29,0.26,7,7,-1.000,0
29.0873,0.87,0.42,-152.73,-62.00,0.46,7,7,-1.000,0
29.0915,0.07,-0.79,-152.76,-62.05,0.82,7,7,-1.000,0
29.0955,0.44,0.37,-153.08,-62.00,0.18,7,7,-1.000,0
29.0995,-0.17,-0.61,-152.81,-62.14,0.42,7,7,-1.000,0
29.1047,-0.39,-0.22,-152.75,-61.81,0.37,7,7,-1.000,0
29.1101,-0.31,0.08,-152.80,-62.07,0.27,7,7,-1.000,0
29.1144,-0.66,-0.35,-152.59,-61.75,0.37,7,7,-1.000,0
29.1187,-1.11,-0.45,-152.34,-62.11,0.44,7,7,-1.000,0
29.1227,-1.87,-0.75,-151.41,-61.89,0.49,7,7,-1.000,0
29.1268,-1.45,0.42,-151.70,-61.79,0.23,7,7,-1.000,0
29.1308,-1.90,-0.46,-150.96,-61.61,0.45,7,7,-1.000,0
29.1355,-1.48,0.43,-150.61,-61.18,0.86,7,7,-1.000,0
29.1406,-1.64,-0.16,-150.17,-60.92,0.40,7,7,-1.000,0
29.1439,-1.33,0.30,-150.08,-60.73,0.43,7,7,-1.000,0
29.1482,-1.10,0.24,-150.15,-60.29,0.48,7,7,-1.000,0
29.1514,-0.55,0.55,-150.00,-59.78,0.85,7,7,-1.000,0
29.1560,0.09,0.63,-150.47,-59.19,0.68,7,7,-1.000,0
29.1602,0.26,0.17,-150.37,-58.85,0.43,7,7,-1.000,0
29.1642,0.99,0.73,-150.64,-57.87,1.11,7,7,-1.000,0
29.1683,1.18,0.20,-150.66,-57.21,0.69,7,7,-1.000,0
29.1733,1.99,0.80,-151.25,-56.20,1.11,7,7,-1.000,0
29.1768,2.24,0.26,-151.17,-55.23,1.02,7,7,-1.000,0
29.1792,2.34,0.09,-151.15,-54.51,0.73,7,7,-1.000,0
29.1831,3.06,0.72,-151.58,-53.40,1.20,7,7,-1.000,0
29.1877,3.21,0.15,-151.73,-52.72,0.69,7,7,-1.000,0
29.1915,3.48,0.27,-152.19,-52.30,0.51,7,7,-1.000,0
29.1956,3.72,0.24,-152.24,-51.65,0.69,7,7,-1.000,0
29.1999,3.78,0.06,-152.30,-51.05,0.59,7,7,-1.000,0
29.2039,3.76,-0.03,-152.23,-50.46,0.60,7,7,-1.000,0
29.2081,3.90,0.14,-152.72,-49.78,0.79,7,7,-1.000,0
29.2122,3.93,0.04,-152.61,-49.29,0.51,7,7,-1.000,0
29.2162,4.59,0.65,-152.87,-48.30,1.10,7,7,-1.000,0
29.2203,5.20,0.61,-154.04,-47.22,1.36,7,7,-1.000,0
29.2249,5.58,0.39,-154.09,-46.27,1.02,7,7,-1.000,0
29.2288,5.76,0.18,-154.29,-45.48,0.80,7,7,-1.000,0
29.2328,6.04,0.28,-154.38,-44.81,0.71,7,7,-1.000,0
29.2371,3.62,-2.42,-154.45,-45.54,2.57,7,7,-1.000,0
29.2415,4.31,0.69,-154.36,-44.33,1.43,7,7,-1.000,0
29.2454,4.67,0.36,-154.48,-43.40,0.97,7,7,-1.000,0
29.2494,6.11,1.44,-154.76,-41.52,2.27,7,7,-1.000,0
29.2537,6.21,0.10,-155.01,-40.56,0.99,7,7,-1.000,0
29.2582,6.96,0.75,-155.04,-39.78,1.07,7,7,-1.000,0
29.2623,7.14,0.18,-155.06,-39.02,0.78,7,7,-1.000,0
29.2662,7.29,0.14,-154.39,-37.70,1.52,7,7,-1.000,0
29.2704,8.29,1.01,-154.92,-36.98,1.08,7,7,-1.000,0
29.2748,8.05,-0.24,-152.48,-35.85,2.57,7,7,-1.000,0
29.2788,8.42,0.37,-150.90,-34.47,2.28,7,7,-1.000,0
29.2828,8.64,0.22,-150.20,-33.47,1.30,7,7,-1.000,0
29.2871,9.08,0.44,-150.32,-32.12,1.41,7,7,-1.000,0
29.2915,9.61,0.53,-150.32,-30.75,1.47,7,7,-1.000,0
29.2961,9.91,0.30,-150.55,-29.45,1.33,7,7,-1.000,0
29.2995,10.29,0.38,-150.82,-28.29,1.20,7,7,-1.000,0
29.3038,10.68,0.39,-151.10,-26.48,1.85,7,7,-1.000,0
29.3082,10.64,-0.03,-151.39,-25.35,1.17,7,7,-1.000,0
29.3123,11.16,0.52,-152.33,-23.92,1.68,7,7,-1.000,0
29.3163,11.26,0.10,-152.92,-22.54,1.49,7,7,-1.000,0
29.3204,11.59,0.34,-153.72,-21.35,1.40,7,7,-1.000,0
29.3248,11.82,0.23,-154.14,-19.84,1.56,7,7,-1.000,0
29.3289,11.92,0.10,-154.99,-18.50,1.58,7,7,-1.000,0
29.3328,12.04,0.12,-155.40,-17.41,1.15,7,7,-1.000,0
29.3371,12.19,0.15,-155.62,-15.77,1.66,7,7,-1.000,0
29.3415,12.21,0.02,-156.12,-14.68,1.19,7,7,-1.000,0
29.3457,12.39,0.18,-156.10,-13.85,0.85,7,7,-1.000,0
29.3495,12.59,0.20,-156.37,-12.07,1.81,7,7,-1.000,0
29.3538,12.87,0.28,-156.61,-11.16,0.96,7,7,-1.000,0
29.3581,12.99,0.12,-156.77,-10.02,1.15,7,7,-1.000,0
29.3623,13.10,0.11,-156.77,-8.71,1.32,7,7,-1.000,0
29.3662,13.34,0.23,-156.78,-7.48,1.26,7,7,-1.000,0
29.3704,13.57,0.24,-156.94,-6.71,0.81,7,7,-1.000,0
29.3748,14.05,0.48,-157.09,-5.36,1.43,7,7,-1.000,0
29.3789,14.59,0.54,-157.23,-4.03,1.44,7,7,-1.000,0
29.3830,14.34,-0.25,-157.43,-3.22,0.88,7,7,-1.000,0
29.3872,14.52,0.18,-157.40,-2.33,0.91,7,7,-1.000,0
29.3915,14.45,-0.06,-157.26,-0.56,1.78,7,7,-1.000,0
29.3958,15.40,0.95,-156.52,0.76,1.78,7,7,-1.000,0
29.3996,15.47,0.07,-156.73,1.87,1.13,7,7,-1.000,0
29.4039,15.53,0.06,-157.13,3.00,1.20,7,7,-1.000,0
29.4082,15.77,0.25,-157.69,3.49,0.79,7,7,-1.000,0
29.4122,15.86,0.09,-157.63,5.05,1.56,7,7,-1.000,0
29.4163,13.62,-2.24,-158.59,6.87,2.97,7,7,-1.000,0
29.4205,13.51,-0.11,-159.06,8.04,1.26,7,7,-1.000,0
29.4249,12.64,-0.88,-159.92,8.57,1.25,7,7,-1.000,0
29.4289,12.54,-0.09,-160.43,9.45,1.01,7,7,-1.000,0
29.4329,12.36,-0.18,-160.39,10.72,1.29,7,7,-1.000,0
29.4371,12.54,0.18,-160.58,11.94,1.26,7,7,-1.000,0
29.4414,13.27,0.73,-160.87,13.38,1.67,7,7,-1.000,0
29.4456,13.97,0.70,-160.96,14.42,1.27,7,7,-1.000,0
29.4495,13.21,-0.76,-160.69,15.74,1.58,7,7,-1.000,0
29.4538,13.45,0.24,-161.00,16.83,1.18,7,7,-1.000,0
29.4581,13.53,0.08,-161.28,17.86,1.08,7,7,-1.000,0
29.4623,14.03,0.50,-161.12,18.77,1.03,7,7,-1.000,0
29.4662,14.12,0.09,-161.63,19.67,1.06,7,7,-1.000,0
29.4704,14.09,-0.03,-161.90,20.62,0.98,7,7,-1.000,0
29.4748,14.19,0.09,-162.22,21.38,0.85,7,7,-1.000,0
29.4789,14.18,-0.01,-162.66,22.74,1.42,7,7,-1.000,0
29.4832,14.17,-0.01,-163.15,23.77,1.14,7,7,-1.000,0
29.4873,13.93,-0.24,-163.59,24.95,1.25,7,7,-1.000,0
29.4917,13.98,0.04,-163.87,26.11,1.20,7,7,-1.000,0
29.4958,13.66,-0.32,-164.81,27.94,2.01,7,7,-1.000,0
29.4997,13.64,-0.02,-165.52,29.10,1.35,7,7,-1.000,0
29.5040,13.35,-0.29,-166.33,30.48,1.55,7,7,-1.000,0
29.5085,13.11,-0.24,-166.79,31.78,1.36,7,7,-1.000,0
29.5124,13.03,-0.08,-167.11,33.04,1.29,7,7,-1.000,0
29.5165,13.00,-0.04,-167.63,34.41,1.46,7,7,-1.000,0
29.5206,13.06,0.06,-167.27,36.31,1.93,7,7,-1.000,0
29.5251,12.38,-0.67,-168.34,37.02,1.11,7,7,-1.000,0
29.5289,11.45,-0.93,-169.05,38.33,1.51,7,7,-1.000,0
29.5331,11.43,-0.02,-168.99,39.37,1.04,7,7,-1.000,0
29.5374,10.96,-0.47,-169.34,40.45,1.14,7,7,-1.000,0
29.5417,10.76,-0.19,-169.39,41.22,0.79,7,7,-1.000,0
29.5457,10.29,-0.47,-169.76,42.16,1.00,7,7,-1.000,0
29.5496,10.43,0.14,-169.58,42.96,0.81,7,7,-1.000,0
29.5540,10.27,-0.16,-169.65,44.13,1.17,7,7,-1.000,0
29.5585,10.33,0.06,-169.85,44.82,0.73,7,7,-1.000,0
29.5624,9.82,-0.51,-170.41,45.90,1.15,7,7,-1.000,0
29.5665,9.84,0.02,-170.21,46.38,0.52,7,7,-1.000,0
29.5706,9.81,-0.03,-170.14,46.81,0.44,7,7,-1.000,0
29.5751,9.80,-0.01,-170.05,47.51,0.71,7,7,-1.000,0
29.5790,9.41,-0.39,-170.44,48.30,0.84,7,7,-1.000,0
29.5831,9.31,-0.10,-170.39,48.76,0.48,7,7,-1.000,0
29.5873,9.61,0.31,-170.14,49.40,0.67,7,7,-1.000,0
29.5918,9.39,-0.22,-170.53,49.94,0.60,7,7,-1.000,0
29.5957,9.33,-0.07,-170.57,50.52,0.59,7,7,-1.000,0
29.5996,9.34,0.01,-170.54,51.44,0.91,7,7,-1.000,0
29.6040,9.52,0.18,-170.35,52.23,0.80,7,7,-1.000,0
29.6085,9.59,0.07,-170.20,53.05,0.82,7,7,-1.000,0
29.6122,9.20,-0.39,-170.68,53.86,0.87,7,7,-1.000,0
29.6165,8.96,-0.23,-170.92,54.99,1.14,7,7,-1.000,0
29.6207,9.11,0.14,-170.85,56.05,1.06,7,7,-1.000,0
29.6252,8.95,-0.16,-170.88,56.86,0.82,7,7,-1.000,0
29.6290,8.83,-0.12,-170.97,57.99,1.13,7,7,-1.000,0
29.6332,8.85,0.02,-170.79,58.81,0.85,7,7,-1.000,0
29.6373,8.53,-0.32,-171.11,59.80,1.00,7,7,-1.000,0
29.6417,8.59,0.06,-171.01,60.60,0.80,7,7,-1.000,0
29.6455,8.20,-0.38,-171.16,61.59,1.02,7,7,-1.000,0
29.6496,8.01,-0.20,-171.14,62.56,0.99,7,7,-1.000,0
29.6540,7.90,-0.10,-171.10,63.23,0.68,7,7,-1.000,0
29.6585,8.01,0.11,-170.73,64.18,0.99,7,7,-1.000,0
29.6624,8.00,-0.02,-170.49,64.98,0.84,7,7,-1.000,0
29.6664,8.04,0.05,-170.28,65.72,0.76,7,7,-1.000,0
29.6706,7.92,-0.13,-170.30,66.28,0.58,7,7,-1.000,0
29.6756,7.74,-0.18,-170.38,66.95,0.68,7,7,-1.000,0
29.6796,7.94,0.20,-170.07,67.34,0.41,7,7,-1.000,0
29.6831,7.42,-0.52,-170.55,68.09,0.78,7,7,-1.000,0
29.6873,7.36,-0.06,-170.61,68.65,0.56,7,7,-1.000,0
29.6918,6.80,-0.56,-171.12,69.15,0.54,7,7,-1.000,0
29.6957,6.26,-0.54,-171.68,69.69,0.57,7,7,-1.000,0
29.6997,5.93,-0.33,-172.25,70.34,0.71,7,7,-1.000,0
29.7039,5.37,-0.56,-173.08,70.72,0.52,7,7,-1.000,0
29.7084,4.96,-0.41,-173.60,71.80,1.10,7,7,-1.000,0
29.7123,3.27,-1.69,-175.28,72.43,0.82,7,7,-1.000,0
29.7164,3.00,-0.27,-175.61,73.44,1.01,7,7,-1.000,0
29.7207,1.47,-1.53,-177.44,74.23,0.97,7,7,-1.000,0
29.7251,-0.19,-1.66,-179.24,75.28,1.16,7,7,-1.000,0
29.7289,-1.73,-1.53,179.08,75.85,0.72,7,7,-1.000,0
29.7329,-4.09,-2.36,176.39,76.78,1.15,7,7,-1.000,0
29.7372,-6.17,-2.09,174.18,77.64,0.99,7,7,-1.000,0
29.7417,-9.58,-3.41,170.56,78.21,0.96,7,7,-1.000,0
29.7458,-11.78,-2.20,168.37,78.97,0.87,7,7,-1.000,0
29.7496,-17.90,-6.12,162.33,78.84,1.18,7,7,-1.000,0
29.7538,-17.57,0.33,162.56,80.12,1.29,7,7,-1.000,0
29.7583,-21.65,-4.08,158.68,79.66,0.86,7,7,-1.000,0
29.7622,-21.12,0.52,159.36,80.80,1.15,7,7,-1.000,0
29.7661,-22.11,-0.99,158.67,81.18,0.50,7,7,-1.000,0
29.7705,-23.80,-1.68,157.25,80.87,0.47,7,7,-1.000,0
29.7750,-23.21,0.59,158.19,81.33,0.59,7,7,-1.000,0
29.7788,-22.13,1.08,159.50,81.64,0.43,7,7,-1.000,0
29.7828,-17.10,5.03,164.81,82.47,1.13,7,7,-1.000,0
29.7871,-14.82,2.29,167.24,82.69,0.40,7,7,-1.000,0
29.7917,-15.67,-0.85,166.70,82.24,0.56,7,7,-1.000,0
29.7956,-13.04,2.63,169.58,82.27,0.44,7,7,-1.000,0
29.7996,-11.69,1.35,171.15,82.22,0.30,7,7,-1.000,0
29.8039,-9.75,1.94,173.18,82.04,0.34,7,7,-1.000,0
29.8080,-8.34,1.41,174.65,81.75,0.36,7,7,-1.000,0
29.8121,-6.64,1.69,176.44,81.38,0.45,7,7,-1.000,0
29.8163,-5.00,1.64,178.08,81.07,0.40,7,7,-1.000,0
29.8208,-2.55,2.45,-179.38,81.40,0.51,7,7,-1.000,0
29.8249,-4.37,-1.82,178.74,81.34,0.29,7,7,-1.000,0
29.8292,-2.29,2.08,-179.28,80.99,0.48,7,7,-1.000,0
29.8332,-4.51,-2.22,178.50,80.15,0.92,7,7,-1.000,0
29.8372,-2.55,1.96,-179.61,80.39,0.41,7,7,-1.000,0
29.8418,-2.63,-0.08,-179.90,80.44,0.21,7,7,-1.000,0
29.8456,-5.20,-2.56,177.15,79.36,1.24,7,7,-1.000,0
29.8496,-2.57,2.63,179.75,79.64,0.56,7,7,-1.000,0
29.8538,-3.30,-0.73,178.99,79.69,0.14,7,7,-1.000,0
29.8584,-3.73,-0.43,178.20,79.26,0.56,7,7,-1.000,0
29.8622,-3.08,0.65,178.81,78.64,0.63,7,7,-1.000,0
29.8663,-4.71,-1.63,177.00,78.38,0.47,7,7,-1.000,0
29.8705,-3.77,0.94,177.88,78.22,0.25,7,7,-1.000,0
29.8748,-4.85,-1.08,176.65,77.73,0.57,7,7,-1.000,0
29.8787,-4.55,0.30,176.90,77.57,0.18,7,7,-1.000,0
29.8828,-5.29,-0.74,176.16,77.14,0.45,7,7,-1.000,0
29.8871,-5.60,-0.31,175.70,76.73,0.45,7,7,-1.000,0
29.8916,-5.46,0.14,175.74,76.80,0.12,7,7,-1.000,0
29.8955,-6.78,-1.32,174.31,76.61,0.38,7,7,-1.000,0
29.8996,-7.47,-0.69,173.52,76.67,0.21,7,7,-1.000,0
29.9039,-9.99,-2.53,170.72,76.09,0.90,7,7,-1.000,0
29.9083,-9.54,0.45,170.96,76.78,0.73,7,7,-1.000,0
29.9122,-10.56,-1.02,169.76,76.93,0.34,7,7,-1.000,0
29.9163,-11.42,-0.86,168.75,76.99,0.27,7,7,-1.000,0
29.9205,-13.24,-1.82,166.79,77.11,0.46,7,7,-1.000,0
29.9251,-13.69,-0.45,166.35,77.29,0.21,7,7,-1.000,0
29.9289,-15.77,-2.08,164.15,77.60,0.58,7,7,-1.000,0
29.9328,-17.76,-1.99,162.17,77.65,0.43,7,7,-1.000,0
29.9372,-19.15,-1.39,160.75,77.72,0.31,7,7,-1.000,0
29.9417,-21.56,-2.40,158.47,78.08,0.63,7,7,-1.000,0
29.9454,-24.70,-3.14,155.41,77.62,0.81,7,7,-1.000,0
29.9496,-26.34,-1.64,153.75,78.18,0.66,7,7,-1.000,0
29.9539,-28.46,-2.12,151.65,78.22,0.44,7,7,-1.000,0
29.9580,-29.87,-1.41,150.27,78.28,0.29,7,7,-1.000,0
29.9621,-30.56,-0.69,149.51,79.50,1.23,7,7,-1.000,0
29.9662,-33.44,-2.88,146.66,79.96,0.69,7,7,-1.000,0
29.9705,-34.25,-0.80,145.89,80.30,0.37,7,7,-1.000,0
29.9750,-39.08,-4.83,141.25,80.81,0.95,7,7,-1.000,0
29.9788,-42.03,-2.95,138.37,81.19,0.60,7,7,-1.000,0
29.9829,-45.45,-3.42,134.96,81.55,0.63,7,7,-1.000,0
29.9872,-50.42,-4.98,130.24,82.05,0.89,7,7,-1.000,0
29.9915,-54.15,-3.73,126.61,82.27,0.56,7,7,-1.000,0
29.9954,-57.62,-3.47,123.23,82.40,0.48,7,7,-1.000,0
29.9996,-62.49,-4.87,118.67,82.62,0.72,7,7,-1.000,0
30.0038,-66.94,-4.44,114.64,82.70,0.68,7,7,-1.000,0
30.0084,-69.83,-2.89,112.10,82.80,0.51,7,7,-1.000,0
30.0123,-73.29,-3.46,108.97,82.69,0.54,7,7,-1.000,0
30.0163,-76.10,-2.81,106.61,82.85,0.58,7,7,-1.000,0
30.0205,-79.73,-3.63,103.29,83.26,0.66,7,7,-1.000,0
30.0247,-84.47,-4.75,98.80,83.34,0.60,7,7,-1.000,0
30.0287,-88.21,-3.73,95.34,83.63,0.57,7,7,-1.000,0
30.0328,-89.86,-1.65,93.82,83.52,0.24,7,7,-1.000,0
30.0372,-92.03,-2.17,91.88,83.89,0.50,7,7,-1.000,0
30.0417,-94.42,-2.39,89.56,84.18,0.38,7,7,-1.000,0
30.0455,-96.35,-1.93,87.61,84.24,0.21,7,7,-1.000,0
30.0496,-98.47,-2.12,85.50,84.13,0.24,7,7,-1.000,0
30.0538,-98.36,0.11,85.79,84.15,0.18,7,7,-1.000,0
30.0583,-100.55,-2.19,83.72,84.24,0.26,7,7,-1.000,0
30.0622,-100.19,0.36,84.18,84.13,0.15,7,7,-1.000,0
30.0663,-103.29,-3.10,81.30,84.02,0.40,7,7,-1.000,0
30.0706,-106.88,-3.59,77.92,84.16,0.44,7,7,-1.000,0
30.0751,-104.13,2.75,80.76,83.76,0.50,7,7,-1.000,0
30.0788,-109.46,-5.33,75.77,84.12,0.74,7,7,-1.000,0
30.0829,-111.29,-1.82,74.05,84.11,0.21,7,7,-1.000,0
30.0872,-112.23,-0.95,73.33,84.01,0.26,7,7,-1.000,0
30.0917,-114.92,-2.69,70.76,84.11,0.32,7,7,-1.000,0
30.0956,-115.87,-0.95,69.86,84.21,0.14,7,7,-1.000,0
30.0996,-116.80,-0.93,69.06,83.99,0.27,7,7,-1.000,0
30.1047,-119.52,-2.72,66.40,83.82,0.34,7,7,-1.000,0
30.1102,-120.13,-0.60,65.91,83.92,0.16,7,7,-1.000,0
30.1145,-120.70,-0.57,65.48,83.97,0.16,7,7,-1.000,0
30.1183,-122.23,-1.53,64.07,83.93,0.20,7,7,-1.000,0
30.1225,-123.00,-0.77,63.34,84.08,0.18,7,7,-1.000,0
30.1269,-117.73,5.27,68.37,83.79,0.66,7,7,-1.000,0
30.1309,-126.26,-8.53,60.12,84.12,0.99,7,7,-1.000,0
30.1358,-128.01,-1.75,58.30,84.34,0.29,7,7,-1.000,0
30.1403,-128.93,-0.92,57.49,84.64,0.33,7,7,-1.000,0
30.1442,-129.06,-0.13,57.20,84.91,0.31,7,7,-1.000,0
30.1478,-131.41,-2.36,55.06,84.88,0.29,7,7,-1.000,0
30.1518,-132.59,-1.18,54.00,85.27,0.42,7,7,-1.000,0
30.1557,-133.74,-1.15,53.02,85.66,0.43,7,7,-1.000,0
30.1601,-133.47,0.27,53.38,85.94,0.29,7,7,-1.000,0
30.1641,-135.90,-2.43,51.09,86.19,0.33,7,7,-1.000,0
30.1684,-134.22,1.69,52.95,86.16,0.21,7,7,-1.000,0
30.1733,-132.51,1.70,54.69,86.31,0.19,7,7,-1.000,0
30.1775,-133.55,-1.03,53.75,86.47,0.20,7,7,-1.000,0
30.1812,-133.94,-0.39,53.44,86.39,0.11,7,7,-1.000,0
30.1833,-135.39,-1.45,52.02,86.38,0.10,7,7,-1.000,0
30.1875,-136.40,-1.01,51.05,86.54,0.18,7,7,-1.000,0
30.1916,-136.56,-0.16,50.88,86.38,0.16,7,7,-1.000,0
30.1959,-139.48,-2.92,48.03,86.32,0.20,7,7,-1.000,0
30.1997,-140.33,-0.85,47.20,86.42,0.12,7,7,-1.000,0
30.2038,-141.73,-1.41,45.83,86.48,0.11,7,7,-1.000,0
30.2082,-137.76,3.98,49.88,86.37,0.28,7,7,-1.000,0
30.2122,-139.77,-2.01,47.96,86.25,0.20,7,7,-1.000,0
30.2162,-139.08,0.69,48.67,86.31,0.08,7,7,-1.000,0
30.2204,-141.39,-2.31,46.42,86.25,0.17,7,7,-1.000,0
30.2250,-142.53,-1.14,45.21,86.17,0.12,7,7,-1.000,0
30.2289,-143.23,-0.70,44.58,86.52,0.36,7,7,-1.000,0
30.2329,-143.36,-0.13,44.41,86.45,0.08,7,7,-1.000,0
30.2371,-144.43,-1.07,43.38,86.50,0.09,7,7,-1.000,0
30.2417,-146.12,-1.68,41.62,86.54,0.14,7,7,-1.000,0
30.2457,-145.73,0.39,41.94,86.24,0.31,7,7,-1.000,0
30.2496,-144.97,0.76,42.71,86.31,0.09,7,7,-1.000,0
30.2541,-147.38,-2.41,40.25,86.33,0.16,7,7,-1.000,0
30.2585,-147.82,-0.44,39.66,86.40,0.17,7,7,-1.000,0
30.2621,-150.52,-2.69,36.99,86.07,0.38,7,7,-1.000,0
30.2662,-151.62,-1.11,35.91,86.19,0.14,7,7,-1.000,0
30.2707,-152.02,-0.40,35.50,86.45,0.26,7,7,-1.000,0
30.2749,-153.06,-1.05,34.52,86.48,0.10,7,7,-1.000,0
30.2789,-154.33,-1.27,33.25,86.17,0.33,7,7,-1.000,0
30.2829,-156.41,-2.08,31.25,86.15,0.16,7,7,-1.000,0
30.2873,-159.57,-3.16,27.66,85.79,0.61,7,7,-1.000,0
30.2917,-160.19,-0.62,26.80,85.77,0.24,7,7,-1.000,0
30.2957,-160.51,-0.32,26.32,85.56,0.27,7,7,-1.000,0
30.3000,-161.81,-1.30,24.84,85.37,0.29,7,7,-1.000,0
30.3040,-170.36,-8.56,16.20,84.87,0.89,7,7,-1.000,0
30.3085,-172.21,-1.85,14.16,84.93,0.26,7,7,-1.000,0
30.3126,-167.95,4.26,18.20,85.11,0.46,7,7,-1.000,0
30.3165,-170.01,-2.06,16.13,84.65,0.50,7,7,-1.000,0
30.3207,-176.25,-6.24,10.05,83.93,0.96,7,7,-1.000,0
30.3253,-179.69,-3.44,6.50,83.86,0.40,7,7,-1.000,0
30.3291,177.82,-2.49,4.13,83.61,0.38,7,7,-1.000,0
30.3330,176.03,-1.79,2.25,83.33,0.37,7,7,-1.000,0
30.3373,174.19,-1.85,0.46,83.17,0.27,7,7,-1.000,0
30.3416,173.25,-0.94,-0.52,82.99,0.22,7,7,-1.000,0
30.3456,171.56,-1.69,-2.15,82.53,0.51,7,7,-1.000,0
30.3496,169.40,-2.16,-4.31,82.24,0.41,7,7,-1.000,0
30.3539,170.56,1.16,-3.43,82.24,0.31,7,7,-1.000,0
30.3584,167.78,-2.78,-5.99,81.37,0.97,7,7,-1.000,0
30.3623,167.57,-0.21,-6.24,81.14,0.23,7,7,-1.000,0
30.3664,166.32,-1.25,-7.55,80.65,0.53,7,7,-1.000,0
30.3706,166.07,-0.25,-7.79,80.26,0.39,7,7,-1.000,0
30.3750,165.27,-0.80,-8.66,79.59,0.69,7,7,-1.000,0
30.3789,165.08,-0.19,-8.88,79.16,0.44,7,7,-1.000,0
30.3829,165.64,0.56,-8.28,78.68,0.50,7,7,-1.000,0
30.3872,164.05,-1.59,-9.93,78.09,0.67,7,7,-1.000,0
30.3917,164.42,0.37,-9.60,77.56,0.54,7,7,-1.000,0
30.3956,163.49,-0.92,-10.55,76.95,0.64,7,7,-1.000,0
30.3996,163.58,0.08,-10.42,76.60,0.35,7,7,-1.000,0
30.4039,163.72,0.14,-10.35,76.61,0.07,7,7,-1.000,0
30.4083,162.34,-1.37,-11.48,75.72,0.96,7,7,-1.000,0
30.4121,162.02,-0.33,-11.71,75.37,0.37,7,7,-1.000,0
30.4164,161.43,-0.59,-12.26,74.71,0.69,7,7,-1.000,0
30.4206,160.83,-0.60,-12.84,74.25,0.48,7,7,-1.000,0
30.4253,160.19,-0.64,-13.48,73.64,0.64,7,7,-1.000,0
30.4289,159.46,-0.73,-14.10,73.24,0.45,7,7,-1.000,0
30.4331,158.37,-1.09,-15.09,72.82,0.54,7,7,-1.000,0
30.4375,157.75,-0.61,-15.64,72.34,0.51,7,7,-1.000,0
30.4420,157.15,-0.60,-16.20,71.94,0.45,7,7,-1.000,0
30.4458,156.04,-1.11,-17.20,71.43,0.62,7,7,-1.000,0
30.4499,155.65,-0.38,-17.48,70.87,0.58,7,7,-1.000,0
30.4541,155.17,-0.48,-17.89,70.31,0.58,7,7,-1.000,0
30.4586,154.64,-0.53,-18.24,69.77,0.59,7,7,-1.000,0
30.4625,153.82,-0.82,-18.97,69.34,0.52,7,7,-1.000,0
30.4666,152.82,-1.00,-19.65,68.75,0.73,7,7,-1.000,0
30.4707,151.85,-0.97,-20.30,68.16,0.74,7,7,-1.000,0
30.4751,150.69,-1.16,-21.22,67.85,0.56,7,7,-1.000,0
30.4790,149.69,-1.00,-21.86,67.14,0.85,7,7,-1.000,0
30.4831,148.43,-1.26,-22.76,66.62,0.76,7,7,-1.000,0
30.4875,146.76,-1.67,-23.91,66.09,0.94,7,7,-1.000,0
30.4921,145.31,-1.45,-25.01,65.56,0.83,7,7,-1.000,0
30.4957,143.73,-1.58,-26.21,64.94,0.93,7,7,-1.000,0
30.4998,142.43,-1.30,-27.28,63.99,1.11,7,7,-1.000,0
30.5041,141.42,-1.02,-27.96,63.26,0.89,7,7,-1.000,0
30.5086,139.37,-2.04,-29.67,62.63,1.13,7,7,-1.000,0
30.5125,138.09,-1.28,-30.67,61.80,1.03,7,7,-1.000,0
30.5165,136.19,-1.90,-32.23,61.35,1.02,7,7,-1.000,0
30.5207,134.85,-1.34,-33.28,60.28,1.25,7,7,-1.000,0
30.5253,133.28,-1.58,-34.60,59.53,1.09,7,7,-1.000,0
30.5291,131.93,-1.35,-35.59,58.71,1.09,7,7,-1.000,0
30.5331,130.30,-1.63,-36.83,57.95,1.15,7,7,-1.000,0
30.5373,128.65,-1.65,-38.11,57.00,1.30,7,7,-1.000,0
30.5417,127.32,-1.33,-38.94,55.99,1.28,7,7,-1.000,0
30.5455,126.09,-1.23,-39.86,54.79,1.39,7,7,-1.000,0
30.5497,124.99,-1.10,-40.59,53.90,1.11,7,7,-1.000,0
30.5540,123.58,-1.41,-41.58,52.62,1.54,7,7,-1.000,0
30.5585,122.22,-1.36,-42.39,51.58,1.35,7,7,-1.000,0
30.5621,121.00,-1.22,-43.04,50.29,1.53,7,7,-1.000,0
30.5664,119.71,-1.30,-43.82,49.16,1.42,7,7,-1.000,0
30.5707,118.63,-1.07,-44.30,47.99,1.41,7,7,-1.000,0
30.5751,117.49,-1.14,-44.89,46.57,1.63,7,7,-1.000,0
30.5790,116.21,-1.28,-45.61,45.46,1.44,7,7,-1.000,0
30.5831,115.38,-0.83,-45.79,44.16,1.48,7,7,-1.000,0
30.5875,114.23,-1.15,-46.38,43.23,1.26,7,7,-1.000,0
30.5918,113.16,-1.07,-46.89,42.01,1.47,7,7,-1.000,0
30.5956,112.25,-0.91,-47.30,40.64,1.54,7,7,-1.000,0
30.5996,111.33,-0.93,-47.63,39.74,1.17,7,7,-1.000,0
30.6038,110.36,-0.97,-48.16,38.43,1.52,7,7,-1.000,0
30.6084,109.43,-0.92,-48.51,37.58,1.14,7,7,-1.000,0
30.6122,108.30,-1.14,-49.15,36.91,1.13,7,7,-1.000,0
30.6163,107.74,-0.55,-49.18,35.71,1.31,7,7,-1.000,0
30.6205,106.91,-0.83,-49.52,34.70,1.23,7,7,-1.000,0
30.6250,106.14,-0.77,-49.65,33.53,1.37,7,7,-1.000,0
30.6289,105.58,-0.56,-49.67,32.71,0.98,7,7,-1.000,0
30.6329,104.97,-0.61,-49.68,31.60,1.26,7,7,-1.000,0
30.6372,104.46,-0.52,-49.60,30.68,1.07,7,7,-1.000,0
30.6417,103.92,-0.54,-49.65,29.67,1.14,7,7,-1.000,0
30.6455,103.45,-0.46,-49.61,28.80,1.00,7,7,-1.000,0
30.6496,103.17,-0.28,-49.46,27.92,0.96,7,7,-1.000,0
30.6539,103.19,0.01,-49.29,27.19,0.75,7,7,-1.000,0
30.6583,103.12,-0.07,-49.11,26.47,0.75,7,7,-1.000,0
30.6622,102.87,-0.24,-49.13,25.72,0.78,7,7,-1.000,0
30.6663,102.90,0.03,-48.84,25.18,0.61,7,7,-1.000,0
30.6705,102.85,-0.05,-48.69,24.64,0.57,7,7,-1.000,0
30.6750,102.97,0.12,-48.73,23.91,0.74,7,7,-1.000,0
30.6790,103.12,0.15,-48.37,23.38,0.63,7,7,-1.000,0
30.6829,103.17,0.05,-48.02,22.70,0.75,7,7,-1.000,0
30.6871,103.07,-0.10,-47.90,22.39,0.37,7,7,-1.000,0
30.6917,102.99,-0.08,-47.85,21.74,0.65,7,7,-1.000,0
30.6958,102.90,-0.09,-47.60,21.19,0.63,7,7,-1.000,0
30.6997,102.66,-0.24,-47.46,20.41,0.84,7,7,-1.000,0
30.7040,102.47,-0.19,-47.19,19.83,0.69,7,7,-1.000,0
30.7084,102.18,-0.29,-46.93,19.17,0.80,7,7,-1.000,0
30.7122,101.81,-0.37,-46.99,18.73,0.56,7,7,-1.000,0
30.7163,101.45,-0.36,-46.66,17.92,0.98,7,7,-1.000,0
30.7206,101.08,-0.37,-46.42,17.28,0.81,7,7,-1.000,0
30.7250,100.79,-0.29,-46.13,16.85,0.63,7,7,-1.000,0
30.7288,100.48,-0.32,-45.76,16.30,0.78,7,7,-1.000,0
30.7329,100.23,-0.25,-45.69,15.74,0.62,7,7,-1.000,0
30.7372,99.99,-0.24,-45.40,15.35,0.57,7,7,-1.000,0
30.7417,99.96,-0.03,-45.14,14.95,0.49,7,7,-1.000,0
30.7454,100.05,0.09,-44.87,14.51,0.51,7,7,-1.000,0
30.7497,100.15,0.10,-44.68,14.22,0.35,7,7,-1.000,0
30.7539,100.45,0.30,-44.41,14.06,0.38,7,7,-1.000,0
30.7580,100.95,0.51,-43.98,13.83,0.63,7,7,-1.000,0
30.7621,101.34,0.39,-43.86,13.94,0.39,7,7,-1.000,0
30.7662,101.82,0.48,-43.64,13.78,0.51,7,7,-1.000,0
30.7704,102.24,0.42,-43.37,13.77,0.44,7,7,-1.000,0
30.7750,102.94,0.69,-42.73,13.72,0.83,7,7,-1.000,0
30.7788,103.27,0.33,-42.86,13.72,0.39,7,7,-1.000,0
30.7828,103.69,0.42,-42.39,13.53,0.58,7,7,-1.000,0
30.7872,104.06,0.38,-42.08,13.40,0.45,7,7,-1.000,0
30.7914,104.40,0.34,-41.64,13.44,0.49,7,7,-1.000,0
30.7954,104.78,0.38,-41.10,13.15,0.64,7,7,-1.000,0
30.7995,105.06,0.28,-40.62,12.98,0.53,7,7,-1.000,0
30.8038,105.09,0.03,-40.47,13.11,0.20,7,7,-1.000,0
30.8080,105.40,0.31,-39.98,12.86,0.57,7,7,-1.000,0
30.8124,105.45,0.05,-39.48,12.68,0.52,7,7,-1.000,0
30.8164,105.46,0.00,-39.15,12.38,0.45,7,7,-1.000,0
30.8205,105.57,0.11,-38.87,12.47,0.30,7,7,-1.000,0
30.8246,105.90,0.33,-38.40,12.36,0.52,7,7,-1.000,0
30.8289,105.99,0.09,-37.99,12.33,0.40,7,7,-1.000,0
30.8329,106.20,0.21,-37.53,12.00,0.57,7,7,-1.000,0
30.8373,106.41,0.21,-37.03,11.98,0.49,7,7,-1.000,0
30.8417,106.50,0.08,-36.65,11.97,0.38,7,7,-1.000,0
30.8455,106.80,0.30,-36.32,11.85,0.42,7,7,-1.000,0
30.8496,106.97,0.17,-36.32,11.76,0.19,7,7,-1.000,0
30.8539,107.24,0.27,-35.82,11.57,0.55,7,7,-1.000,0
30.8583,107.51,0.26,-35.37,11.21,0.59,7,7,-1.000,0
30.8622,107.89,0.38,-34.84,11.16,0.60,7,7,-1.000,0
30.8663,107.94,0.06,-34.65,11.21,0.19,7,7,-1.000,0
30.8706,108.26,0.32,-34.35,11.00,0.45,7,7,-1.000,0
30.8750,108.42,0.16,-34.05,10.75,0.40,7,7,-1.000,0
30.8788,108.72,0.30,-33.77,10.56,0.42,7,7,-1.000,0
30.8828,108.87,0.15,-33.46,10.32,0.40,7,7,-1.000,0
30.8872,109.01,0.14,-33.25,10.11,0.31,7,7,-1.000,0
30.8914,109.23,0.21,-33.06,9.99,0.28,7,7,-1.000,0
30.8954,109.41,0.18,-32.62,9.61,0.59,7,7,-1.000,0
30.8996,109.39,-0.02,-32.50,9.36,0.28,7,7,-1.000,0
30.9040,109.56,0.17,-32.10,9.18,0.44,7,7,-1.000,0
30.9083,109.73,0.18,-31.90,8.74,0.50,7,7,-1.000,0
30.9121,109.90,0.17,-31.55,8.28,0.58,7,7,-1.000,0
30.9162,109.98,0.08,-31.47,8.13,0.18,7,7,-1.000,0
30.9205,110.20,0.22,-31.19,7.84,0.44,7,7,-1.000,0
30.9248,110.46,0.26,-31.00,7.82,0.30,7,7,-1.000,0
30.9287,110.55,0.09,-31.05,7.82,0.11,7,7,-1.000,0
30.9328,110.87,0.32,-30.70,7.31,0.67,7,7,-1.000,0
30.9371,111.22,0.35,-30.54,7.20,0.39,7,7,-1.000,0
30.9416,111.69,0.47,-30.26,6.99,0.55,7,7,-1.000,0
30.9456,112.19,0.50,-29.89,6.94,0.59,7,7,-1.000,0
30.9495,112.59,0.41,-29.81,6.89,0.41,7,7,-1.000,0
30.9539,113.18,0.59,-29.90,6.83,0.61,7,7,-1.000,0
30.9583,113.83,0.65,-29.52,6.68,0.73,7,7,-1.000,0
30.9622,114.45,0.61,-29.28,6.50,0.65,7,7,-1.000,0
30.9663,115.15,0.71,-29.07,6.43,0.72,7,7,-1.000,0
30.9705,115.84,0.69,-28.96,6.33,0.70,7,7,-1.000,0
30.9750,116.50,0.66,-28.81,6.43,0.67,7,7,-1.000,0
30.9788,117.02,0.51,-28.89,6.55,0.54,7,7,-1.000,0
30.9828,117.90,0.89,-28.68,6.36,0.91,7,7,-1.000,0
30.9872,118.73,0.82,-28.55,6.31,0.82,7,7,-1.000,0
30.9917,119.83,1.10,-28.46,6.23,1.10,7,7,-1.000,0
30.9956,120.95,1.13,-28.66,6.24,1.17,7,7,-1.000,0
30.9996,121.92,0.97,-28.57,6.10,0.98,7,7,-1.000,0
31.0038,122.86,0.93,-28.40,5.96,0.94,7,7,-1.000,0
31.0082,123.90,1.04,-28.41,6.11,1.05,7,7,-1.000,0
31.0121,125.10,1.20,-27.93,5.49,1.39,7,7,-1.000,0
31.0163,126.20,1.10,-27.48,5.33,1.16,7,7,-1.000,0
31.0204,127.20,1.00,-27.42,5.31,1.00,7,7,-1.000,0
31.0249,128.27,1.07,-27.70,5.50,1.14,7,7,-1.000,0
31.0288,129.37,1.11,-27.44,5.23,1.14,7,7,-1.000,0
31.0329,130.35,0.98,-27.43,5.33,0.98,7,7,-1.000,0
31.0372,131.27,0.92,-27.18,5.59,0.96,7,7,-1.000,0
31.0417,132.08,0.81,-27.14,5.82,0.84,7,7,-1.000,0
31.0456,132.93,0.84,-26.93,6.13,0.91,7,7,-1.000,0
31.0496,133.64,0.72,-26.94,6.61,0.87,7,7,-1.000,0
31.0539,134.53,0.88,-26.61,6.70,0.91,7,7,-1.000,0
31.0583,135.43,0.90,-26.29,6.36,0.99,7,7,-1.000,0
31.0623,136.31,0.87,-25.91,6.21,0.92,7,7,-1.000,0
31.0663,136.98,0.67,-25.58,6.42,0.75,7,7,-1.000,0
31.0705,137.71,0.73,-25.40,6.73,0.80,7,7,-1.000,0
31.0749,138.41,0.70,-25.34,7.16,0.82,7,7,-1.000,0
31.0789,139.03,0.62,-25.15,7.51,0.71,7,7,-1.000,0
31.0828,139.77,0.74,-24.75,7.44,0.80,7,7,-1.000,0
31.0872,140.49,0.72,-24.63,7.54,0.72,7,7,-1.000,0
31.0915,141.13,0.65,-24.58,7.95,0.76,7,7,-1.000,0
31.0956,141.73,0.59,-24.23,8.21,0.70,7,7,-1.000,0
31.0996,142.47,0.75,-23.56,8.03,0.95,7,7,-1.000,0
31.1043,143.06,0.58,-23.42,8.42,0.70,7,7,-1.000,0
31.1103,143.65,0.60,-23.31,8.91,0.77,7,7,-1.000,0
31.1145,144.30,0.65,-22.96,9.00,0.69,7,7,-1.000,0
31.1184,144.91,0.61,-22.43,9.18,0.76,7,7,-1.000,0
31.1227,145.53,0.61,-22.07,9.57,0.77,7,7,-1.000,0
31.1275,146.17,0.64,-21.58,9.96,0.84,7,7,-1.000,0
31.1312,147.04,0.87,-21.55,10.12,0.88,7,7,-1.000,0
31.1352,147.90,0.86,-21.00,10.41,0.98,7,7,-1.000,0
31.1391,148.57,0.67,-20.79,10.74,0.74,7,7,-1.000,0
31.1434,149.25,0.68,-20.55,11.18,0.81,7,7,-1.000,0
31.1474,149.95,0.70,-20.08,11.89,1.04,7,7,-1.000,0
31.1518,150.64,0.69,-19.63,11.83,0.74,7,7,-1.000,0
31.1563,151.17,0.53,-19.18,12.56,0.96,7,7,-1.000,0
31.1599,151.80,0.62,-18.61,12.41,0.76,7,7,-1.000,0
31.1643,152.24,0.44,-18.49,13.18,0.88,7,7,-1.000,0
31.1681,152.47,0.23,-18.21,14.02,0.90,7,7,-1.000,0
31.1727,152.78,0.31,-17.60,14.83,1.01,7,7,-1.000,0
31.1767,153.11,0.32,-17.41,15.41,0.67,7,7,-1.000,0
31.1804,153.29,0.18,-16.92,16.33,1.03,7,7,-1.000,0
31.1832,153.49,0.21,-16.74,16.93,0.64,7,7,-1.000,0
31.1874,153.56,0.07,-16.50,17.67,0.78,7,7,-1.000,0
31.1917,153.84,0.28,-16.05,18.40,0.86,7,7,-1.000,0
31.1956,154.03,0.19,-15.70,19.36,1.02,7,7,-1.000,0
31.1998,154.27,0.24,-15.21,20.34,1.09,7,7,-1.000,0
31.2042,154.38,0.11,-14.81,21.41,1.13,7,7,-1.000,0
31.2081,154.60,0.21,-14.48,22.71,1.34,7,7,-1.000,0
31.2122,154.76,0.17,-14.10,23.66,1.02,7,7,-1.000,0
31.2163,155.02,0.26,-13.91,25.13,1.49,7,7,-1.000,0
31.2207,155.39,0.37,-13.50,25.86,0.84,7,7,-1.000,0
31.2247,155.98,0.59,-13.05,27.17,1.43,7,7,-1.000,0
31.2287,156.10,0.12,-13.43,28.55,1.45,7,7,-1.000,0
31.2328,156.70,0.60,-12.76,29.59,1.23,7,7,-1.000,0
31.2372,157.19,0.49,-12.29,30.84,1.33,7,7,-1.000,0
31.2417,157.74,0.55,-12.02,32.29,1.52,7,7,-1.000,0
31.2455,158.65,0.91,-11.45,33.40,1.35,7,7,-1.000,0
31.2496,159.59,0.94,-10.88,34.98,1.76,7,7,-1.000,0
31.2539,160.49,0.90,-10.47,36.03,1.29,7,7,-1.000,0
31.2583,161.79,1.30,-9.63,37.31,1.65,7,7,-1.000,0
31.2623,163.06,1.27,-8.75,38.29,1.40,7,7,-1.000,0
31.2663,164.21,1.15,-8.31,39.52,1.55,7,7,-1.000,0
31.2706,165.72,1.51,-7.11,40.79,1.73,7,7,-1.000,0
31.2750,166.85,1.13,-6.44,42.05,1.52,7,7,-1.000,0
31.2788,168.10,1.24,-5.64,43.54,1.75,7,7,-1.000,0
31.2828,169.71,1.61,-4.61,45.10,1.95,7,7,-1.000,0
31.2872,171.02,1.31,-3.33,45.50,1.06,7,7,-1.000,0
31.2913,172.64,1.62,-2.05,46.48,1.49,7,7,-1.000,0
31.2954,174.03,1.39,-0.95,47.42,1.34,7,7,-1.000,0
31.2996,175.34,1.31,0.25,48.32,1.28,7,7,-1.000,0
31.3041,176.68,1.34,1.43,49.38,1.39,7,7,-1.000,0
31.3082,178.00,1.31,2.54,50.41,1.34,7,7,-1.000,0
31.3122,179.59,1.59,3.98,51.38,1.41,7,7,-1.000,0
31.3162,-178.95,1.46,5.30,52.64,1.56,7,7,-1.000,0
31.3204,-177.30,1.65,6.81,53.69,1.46,7,7,-1.000,0
31.3246,-175.48,1.82,8.28,54.94,1.64,7,7,-1.000,0
31.3287,-173.57,1.92,10.00,55.94,1.48,7,7,-1.000,0
31.3330,-171.35,2.21,11.89,57.17,1.73,7,7,-1.000,0
31.3373,-168.97,2.38,14.12,58.23,1.67,7,7,-1.000,0
31.3416,-166.31,2.65,16.48,59.27,1.73,7,7,-1.000,0
31.3456,-163.52,2.79,19.02,60.33,1.76,7,7,-1.000,0
31.3497,-160.19,3.33,22.01,61.59,2.05,7,7,-1.000,0
31.3539,-156.90,3.29,25.11,62.25,1.70,7,7,-1.000,0
31.3583,-153.49,3.42,28.32,62.97,1.74,7,7,-1.000,0
31.3624,-148.68,4.80,32.49,63.93,2.35,7,7,-1.000,0
31.3664,-143.19,5.49,37.55,64.93,2.57,7,7,-1.000,0
31.3707,-139.55,3.65,41.06,64.91,1.56,7,7,-1.000,0
31.3751,-134.99,4.55,44.23,64.89,2.16,7,7,-1.000,0
31.3791,-130.31,4.68,48.54,65.16,2.00,7,7,-1.000,0
31.3832,-126.42,3.89,51.91,64.67,1.72,7,7,-1.000,0
31.3874,-122.05,4.37,55.48,64.33,1.95,7,7,-1.000,0
31.3917,-117.33,4.72,59.30,64.00,2.12,7,7,-1.000,0
31.3958,-113.63,3.70,62.48,63.44,1.74,7,7,-1.000,0
31.3998,-110.76,2.87,64.74,62.71,1.52,7,7,-1.000,0
31.4041,-107.34,3.43,67.61,62.18,1.68,7,7,-1.000,0
31.4085,-104.83,2.50,69.69,61.44,1.40,7,7,-1.000,0
31.4125,-102.35,2.49,71.84,60.79,1.36,7,7,-1.000,0
31.4165,-99.02,3.33,74.64,60.50,1.66,7,7,-1.000,0
31.4206,-95.99,3.03,77.17,60.03,1.58,7,7,-1.000,0
31.4252,-93.68,2.31,79.46,59.56,1.29,7,7,-1.000,0
31.4289,-91.00,2.68,81.82,59.23,1.40,7,7,-1.000,0
31.4331,-88.06,2.94,84.72,58.86,1.60,7,7,-1.000,0
31.4373,-85.44,2.62,87.20,58.42,1.45,7,7,-1.000,0
31.4416,-82.73,2.71,89.85,58.10,1.50,7,7,-1.000,0
31.4456,-79.92,2.81,92.28,57.69,1.55,7,7,-1.000,0
31.4497,-77.92,1.99,94.01,57.08,1.23,7,7,-1.000,0
31.4539,-76.22,1.71,95.80,56.67,1.08,7,7,-1.000,0
31.4580,-74.49,1.73,97.39,56.07,1.14,7,7,-1.000,0
31.4625,-72.74,1.75,98.70,55.31,1.25,7,7,-1.000,0
31.4664,-71.43,1.31,99.41,54.46,1.19,7,7,-1.000,0
31.4706,-70.61,0.83,99.75,53.56,1.07,7,7,-1.000,0
31.4751,-69.63,0.97,100.05,52.43,1.36,7,7,-1.000,0
31.4788,-69.24,0.39,99.78,51.47,1.14,7,7,-1.000,0
31.4829,-68.31,0.93,100.10,50.43,1.26,7,7,-1.000,0
31.4871,-67.83,0.48,99.98,49.45,1.13,7,7,-1.000,0
31.4916,-67.00,0.83,100.15,48.34,1.32,7,7,-1.000,0
31.4956,-66.17,0.83,100.37,47.21,1.32,7,7,-1.000,0
31.4996,-65.58,0.59,100.38,46.29,1.10,7,7,-1.000,0
31.5038,-64.86,0.72,100.59,45.31,1.14,7,7,-1.000,0
31.5081,-64.04,0.82,100.79,44.39,1.15,7,7,-1.000,0
31.5123,-63.52,0.52,101.13,43.61,0.86,7,7,-1.000,0
31.5161,-62.80,0.71,101.50,42.80,0.97,7,7,-1.000,0
31.5205,-62.06,0.74,101.88,42.14,0.87,7,7,-1.000,0
31.5250,-61.53,0.53,102.05,41.26,0.98,7,7,-1.000,0
31.5288,-60.97,0.55,102.43,40.56,0.82,7,7,-1.000,0
31.5328,-60.00,0.98,102.89,39.86,1.03,7,7,-1.000,0
31.5371,-59.60,0.40,102.82,39.21,0.79,7,7,-1.000,0
31.5415,-58.86,0.74,103.06,38.61,0.86,7,7,-1.000,0
31.5456,-59.05,-0.20,102.71,37.94,0.73,7,7,-1.000,0
31.5496,-58.91,0.14,102.43,37.26,0.78,7,7,-1.000,0
31.5538,-58.52,0.39,102.07,36.41,1.08,7,7,-1.000,0
31.5579,-58.25,0.27,101.82,35.82,0.75,7,7,-1.000,0
31.5623,-58.34,-0.09,101.30,35.07,0.89,7,7,-1.000,0
31.5662,-57.82,0.52,101.10,34.34,0.98,7,7,-1.000,0
31.5704,-57.98,-0.16,100.46,33.57,0.95,7,7,-1.000,0
31.5747,-57.36,0.61,100.10,32.60,1.29,7,7,-1.000,0
31.5786,-57.12,0.24,99.81,31.76,0.97,7,7,-1.000,0
31.5828,-57.30,-0.17,99.43,30.77,1.04,7,7,-1.000,0
31.5870,-56.74,0.56,99.24,30.15,0.91,7,7,-1.000,0
31.5914,-56.95,-0.21,98.92,28.96,1.22,7,7,-1.000,0
31.5953,-56.52,0.43,98.54,28.30,0.96,7,7,-1.000,0
31.5998,-56.02,0.50,98.38,27.36,1.11,7,7,-1.000,0
31.6039,-55.74,0.28,98.27,26.57,0.86,7,7,-1.000,0
31.6083,-55.05,0.69,98.14,25.56,1.26,7,7,-1.000,0
31.6122,-54.83,0.22,97.91,24.54,1.09,7,7,-1.000,0
31.6163,-54.34,0.49,98.03,23.95,0.75,7,7,-1.000,0
31.6207,-53.89,0.45,97.93,23.05,1.03,7,7,-1.000,0
31.6251,-53.48,0.41,97.61,22.17,1.07,7,7,-1.000,0
31.6291,-53.67,-0.18,97.64,21.59,0.61,7,7,-1.000,0
31.6331,-52.75,0.92,97.35,20.71,1.37,7,7,-1.000,0
31.6375,-52.76,-0.01,97.23,20.15,0.58,7,7,-1.000,0
31.6415,-52.62,0.14,97.03,19.48,0.73,7,7,-1.000,0
31.6456,-52.02,0.60,96.88,18.76,0.98,7,7,-1.000,0
31.6497,-51.93,0.09,96.60,18.20,0.64,7,7,-1.000,0
31.6540,-51.52,0.41,96.55,17.76,0.61,7,7,-1.000,0
31.6584,-51.15,0.37,96.14,16.96,1.01,7,7,-1.000,0
31.6623,-50.93,0.22,96.15,16.32,0.68,7,7,-1.000,0
31.6664,-50.60,0.32,96.14,15.82,0.60,7,7,-1.000,0
31.6706,-50.58,0.03,95.95,15.08,0.77,7,7,-1.000,0
31.6750,-49.72,0.86,95.87,14.31,1.18,7,7,-1.000,0
31.6789,-49.15,0.56,95.91,13.51,0.97,7,7,-1.000,0
31.6831,-48.67,0.48,96.14,12.97,0.72,7,7,-1.000,0
31.6872,-48.02,0.65,96.37,12.30,0.93,7,7,-1.000,0
31.6914,-47.33,0.70,96.28,11.60,1.00,7,7,-1.000,0
31.6956,-46.81,0.52,96.32,10.97,0.81,7,7,-1.000,0
31.6997,-46.08,0.72,96.34,10.37,0.94,7,7,-1.000,0
31.7039,-45.25,0.83,96.57,9.87,0.97,7,7,-1.000,0
31.7083,-44.67,0.59,96.73,9.21,0.88,7,7,-1.000,0
31.7123,-43.98,0.69,96.70,8.76,0.83,7,7,-1.000,0
31.7164,-43.17,0.81,96.85,8.18,0.98,7,7,-1.000,0
31.7210,-42.53,0.64,96.64,7.61,0.90,7,7,-1.000,0
31.7249,-42.08,0.45,96.30,7.20,0.72,7,7,-1.000,0
31.7289,-41.53,0.55,96.22,6.77,0.71,7,7,-1.000,0
31.7329,-41.00,0.52,95.94,6.34,0.76,7,7,-1.000,0
31.7372,-40.56,0.45,95.85,5.78,0.73,7,7,-1.000,0
31.7417,-40.02,0.53,95.84,5.41,0.65,7,7,-1.000,0
31.7456,-39.45,0.58,95.43,4.92,0.88,7,7,-1.000,0
31.7497,-38.83,0.62,95.06,4.42,0.90,7,7,-1.000,0
31.7540,-38.07,0.76,94.70,3.88,1.02,7,7,-1.000,0
31.7585,-37.48,0.59,94.74,3.39,0.77,7,7,-1.000,0
31.7623,-37.03,0.45,94.58,2.96,0.64,7,7,-1.000,0
31.7664,-36.34,0.70,94.41,2.58,0.82,7,7,-1.000,0
31.7707,-35.64,0.70,94.33,1.92,0.97,7,7,-1.000,0
31.7749,-34.87,0.76,94.21,1.49,0.89,7,7,-1.000,0
31.7788,-34.17,0.70,94.29,1.18,0.77,7,7,-1.000,0
31.7829,-33.50,0.67,94.41,0.67,0.85,7,7,-1.000,0
31.7872,-32.88,0.62,94.34,0.06,0.88,7,7,-1.000,0
31.7917,-32.29,0.59,94.60,-0.30,0.73,7,7,-1.000,0
31.7956,-30.04,2.25,93.68,-0.61,2.44,7,7,-1.000,0
31.7997,-29.59,0.45,93.98,-1.00,0.68,7,7,-1.000,0
31.8040,-28.86,0.73,94.00,-1.59,0.94,7,7,-1.000,0
31.8081,-28.26,0.60,94.08,-2.16,0.83,7,7,-1.000,0
31.8125,-27.92,0.34,94.18,-2.73,0.67,7,7,-1.000,0
31.8163,-27.07,0.85,94.30,-3.21,0.99,7,7,-1.000,0
31.8205,-26.46,0.61,94.55,-3.82,0.90,7,7,-1.000,0
31.8246,-25.59,0.87,94.75,-4.32,1.04,7,7,-1.000,0
31.8289,-25.08,0.50,95.07,-4.96,0.89,7,7,-1.000,0
31.8332,-24.21,0.87,95.10,-5.58,1.07,7,7,-1.000,0
31.8372,-23.68,0.53,95.28,-5.93,0.68,7,7,-1.000,0
31.8417,-22.84,0.84,95.54,-6.64,1.15,7,7,-1.000,0
31.8458,-22.01,0.84,95.82,-7.28,1.11,7,7,-1.000,0
31.8495,-20.92,1.09,96.16,-7.99,1.38,7,7,-1.000,0
31.8539,-20.18,0.74,96.31,-8.38,0.87,7,7,-1.000,0
31.8582,-19.38,0.80,96.71,-9.10,1.18,7,7,-1.000,0
31.8622,-18.57,0.82,97.22,-9.72,1.21,7,7,-1.000,0
31.8662,-17.64,0.93,97.43,-10.28,1.13,7,7,-1.000,0
31.8705,-16.73,0.91,98.16,-11.02,1.47,7,7,-1.000,0
31.8750,-16.01,0.71,98.46,-11.39,0.91,7,7,-1.000,0
31.8788,-15.07,0.94,99.19,-12.08,1.48,7,7,-1.000,0
31.8828,-14.26,0.81,99.75,-12.68,1.23,7,7,-1.000,0
31.8871,-13.12,1.14,100.45,-13.46,1.66,7,7,-1.000,0
31.8916,-12.25,0.86,101.36,-14.24,1.60,7,7,-1.000,0
31.8954,-11.37,0.88,102.31,-14.98,1.63,7,7,-1.000,0
31.8995,-10.40,0.97,103.62,-15.86,2.03,7,7,-1.000,0
31.9038,-9.17,1.23,104.45,-16.53,1.80,7,7,-1.000,0
31.9083,-8.17,1.01,105.35,-17.21,1.67,7,7,-1.000,0
31.9122,-7.39,0.78,106.32,-17.91,1.58,7,7,-1.000,0
31.9162,-6.36,1.03,107.37,-19.52,2.33,7,7,-1.000,0
31.9205,-5.72,0.63,108.35,-19.85,1.38,7,7,-1.000,0
31.9250,-4.98,0.74,109.60,-20.61,1.83,7,7,-1.000,0
31.9288,-4.08,0.90,110.39,-21.35,1.58,7,7,-1.000,0
31.9328,-3.15,0.92,111.24,-22.07,1.64,7,7,-1.000,0
31.9372,-2.29,0.86,111.86,-22.83,1.45,7,7,-1.000,0
31.9416,-1.82,0.47,112.62,-23.40,1.18,7,7,-1.000,0
31.9455,-1.19,0.64,113.06,-24.09,1.15,7,7,-1.000,0
31.9496,-0.74,0.45,113.46,-24.77,0.98,7,7,-1.000,0
31.9538,-0.20,0.54,113.91,-25.59,1.17,7,7,-1.000,0
31.9580,0.40,0.60,113.80,-26.01,0.71,7,7,-1.000,0
31.9621,0.76,0.37,113.81,-26.36,0.51,7,7,-1.000,0
31.9662,1.39,0.63,113.44,-26.84,0.74,7,7,-1.000,0
31.9705,1.78,0.39,113.40,-27.18,0.51,7,7,-1.000,0
31.9749,2.54,0.75,113.05,-27.79,0.91,7,7,-1.000,0
31.9788,3.02,0.49,112.97,-28.06,0.52,7,7,-1.000,0
31.9828,3.75,0.72,112.80,-28.60,0.86,7,7,-1.000,0
31.9872,4.23,0.48,112.82,-29.03,0.65,7,7,-1.000,0
31.9917,4.84,0.61,112.90,-29.66,0.91,7,7,-1.000,0
31.9956,5.67,0.83,112.82,-30.14,0.93,7,7,-1.000,0
31.9996,7.01,1.34,112.52,-30.66,1.32,7,7,-1.000,0
32.0038,7.59,0.58,113.04,-31.01,1.03,7,7,-1.000,0
32.0079,8.26,0.67,113.58,-31.58,1.20,7,7,-1.000,0
32.0121,8.73,0.47,114.41,-32.10,1.27,7,7,-1.000,0
32.0162,9.37,0.63,114.93,-32.40,1.05,7,7,-1.000,0
32.0204,9.82,0.46,115.66,-32.97,1.20,7,7,-1.000,0
32.0250,10.55,0.72,116.19,-33.55,1.25,7,7,-1.000,0
32.0288,10.76,0.21,117.43,-33.97,1.43,7,7,-1.000,0
32.0329,11.35,0.59,118.09,-34.49,1.22,7,7,-1.000,0
32.0371,11.97,0.63,118.85,-34.97,1.32,7,7,-1.000,0
32.0414,12.39,0.42,119.87,-35.35,1.36,7,7,-1.000,0
32.0454,12.86,0.46,120.92,-35.91,1.49,7,7,-1.000,0
32.0496,13.21,0.35,121.94,-36.43,1.36,7,7,-1.000,0
32.0540,13.54,0.33,122.97,-36.90,1.34,7,7,-1.000,0
32.0580,13.96,0.42,123.94,-37.22,1.31,7,7,-1.000,0
32.0621,14.37,0.41,124.82,-37.61,1.24,7,7,-1.000,0
32.0663,14.85,0.48,125.55,-37.99,1.16,7,7,-1.000,0
32.0705,14.75,-0.10,127.03,-38.33,1.46,7,7,-1.000,0
32.0746,14.88,0.13,128.01,-38.60,1.10,7,7,-1.000,0
32.0786,15.33,0.45,128.78,-38.96,1.16,7,7,-1.000,0
32.0827,15.46,0.12,129.60,-39.49,1.05,7,7,-1.000,0
32.0872,15.41,-0.05,130.77,-39.92,1.22,7,7,-1.000,0
32.0916,15.57,0.16,131.80,-40.33,1.21,7,7,-1.000,0
32.0955,15.37,-0.20,132.73,-40.90,1.00,7,7,-1.000,0
32.0996,15.33,-0.03,133.87,-41.07,1.12,7,7,-1.000,0
32.1046,15.14,-0.19,135.24,-41.33,1.28,7,7,-1.000,0
32.1103,15.62,0.48,136.11,-41.94,1.39,7,7,-1.000,0
32.1146,15.59,-0.03,137.40,-42.54,1.40,7,7,-1.000,0
32.1186,15.95,0.37,138.21,-43.20,1.28,7,7,-1.000,0
32.1226,15.89,-0.06,139.98,-43.72,1.81,7,7,-1.000,0
32.1272,16.25,0.36,141.04,-44.51,1.55,7,7,-1.000,0
32.1311,16.02,-0.23,142.94,-44.71,1.76,7,7,-1.000,0
32.1358,16.19,0.17,144.46,-45.38,1.78,7,7,-1.000,0
32.1395,16.27,0.08,146.18,-45.94,1.86,7,7,-1.000,0
32.1434,15.98,-0.29,148.04,-46.23,1.68,7,7,-1.000,0
32.1474,16.19,0.21,148.97,-46.56,1.14,7,7,-1.000,0
32.1518,16.26,0.07,150.75,-47.11,1.91,7,7,-1.000,0
32.1557,16.06,-0.20,152.70,-47.49,1.85,7,7,-1.000,0
32.1604,15.90,-0.16,154.25,-47.85,1.48,7,7,-1.000,0
32.1650,15.78,-0.12,155.55,-47.68,1.22,7,7,-1.000,0
32.1689,16.40,0.63,155.31,-48.28,0.77,7,7,-1.000,0
32.1720,15.32,-1.08,157.65,-48.05,1.72,7,7,-1.000,0
32.1749,14.38,-0.94,159.94,-48.07,1.71,7,7,-1.000,0
32.1791,14.66,0.27,160.21,-48.98,1.04,7,7,-1.000,0
32.1830,14.19,-0.46,162.13,-48.95,1.60,7,7,-1.000,0
32.1876,13.34,-0.85,164.72,-48.70,2.05,7,7,-1.000,0
32.1915,13.51,0.17,165.51,-49.21,1.05,7,7,-1.000,0
32.1954,13.18,-0.33,167.01,-49.61,1.33,7,7,-1.000,0
32.1996,13.34,0.16,167.73,-50.17,1.02,7,7,-1.000,0
32.2040,13.28,-0.05,169.01,-50.47,1.28,7,7,-1.000,0
32.2080,13.16,-0.12,170.02,-50.55,0.92,7,7,-1.000,0
32.2121,13.18,0.01,171.09,-50.90,1.14,7,7,-1.000,0
32.2162,12.75,-0.43,172.25,-51.20,0.92,7,7,-1.000,0
32.2206,12.60,-0.15,173.33,-51.52,1.02,7,7,-1.000,0
32.2248,12.52,-0.08,174.26,-51.66,0.88,7,7,-1.000,0
32.2288,12.64,0.13,175.42,-51.59,1.27,7,7,-1.000,0
32.2329,12.44,-0.20,176.62,-51.88,1.09,7,7,-1.000,0
32.2373,11.95,-0.49,178.60,-51.20,1.76,7,7,-1.000,0
32.2417,12.34,0.39,179.41,-51.23,1.14,7,7,-1.000,0
32.2457,12.06,-0.28,-178.87,-51.03,1.53,7,7,-1.000,0
32.2497,12.08,0.02,-178.09,-51.42,0.88,7,7,-1.000,0
32.2539,12.17,0.10,-177.03,-51.58,1.15,7,7,-1.000,0
32.2583,12.25,0.07,-175.85,-51.63,1.24,7,7,-1.000,0
32.2623,12.46,0.21,-175.15,-51.81,0.89,7,7,-1.000,0
32.2663,12.14,-0.31,-173.96,-51.85,0.96,7,7,-1.000,0
32.2706,12.63,0.49,-173.69,-51.98,0.73,7,7,-1.000,0
32.2750,12.38,-0.25,-172.53,-52.41,1.07,7,7,-1.000,0
32.2789,12.35,-0.03,-171.49,-52.24,1.03,7,7,-1.000,0
32.2829,12.13,-0.22,-170.62,-52.51,0.76,7,7,-1.000,0
32.2872,11.98,-0.15,-169.72,-52.43,0.79,7,7,-1.000,0
32.2915,12.00,0.02,-168.71,-52.65,1.04,7,7,-1.000,0
32.2955,11.59,-0.41,-167.22,-52.83,1.21,7,7,-1.000,0
32.2997,11.16,-0.43,-165.81,-53.15,1.14,7,7,-1.000,0
32.3039,10.96,-0.19,-164.77,-53.29,0.91,7,7,-1.000,0
32.3088,10.72,-0.25,-163.58,-53.13,1.01,7,7,-1.000,0
32.3123,10.54,-0.18,-162.12,-53.02,1.32,7,7,-1.000,0
32.3163,9.95,-0.59,-160.34,-52.65,1.41,7,7,-1.000,0
32.3206,9.20,-0.75,-156.30,-52.44,3.48,7,7,-1.000,0
32.3251,8.59,-0.60,-154.65,-52.43,1.23,7,7,-1.000,0
32.3289,8.28,-0.32,-153.57,-52.00,0.95,7,7,-1.000,0
32.3329,7.82,-0.46,-152.54,-51.73,0.78,7,7,-1.000,0
32.3372,7.16,-0.66,-151.56,-51.53,0.65,7,7,-1.000,0
32.3417,6.70,-0.46,-151.09,-51.23,0.43,7,7,-1.000,0
32.3456,6.41,-0.28,-150.77,-51.15,0.22,7,7,-1.000,0
32.3497,5.74,-0.67,-150.19,-51.37,0.48,7,7,-1.000,0
32.3539,5.53,-0.21,-149.98,-50.90,0.49,7,7,-1.000,0
32.3584,5.06,-0.46,-149.18,-50.43,0.71,7,7,-1.000,0
32.3623,4.30,-0.77,-148.07,-50.53,0.72,7,7,-1.000,0
32.3663,2.94,-1.35,-146.26,-50.75,1.17,7,7,-1.000,0
32.3705,3.53,0.59,-145.38,-49.26,2.03,7,7,-1.000,0
32.3748,4.21,0.68,-139.29,-47.70,6.80,7,7,-1.000,0
32.3788,4.24,0.03,-138.06,-47.14,1.38,7,7,-1.000,0
32.3828,4.16,-0.09,-137.25,-46.96,0.77,7,7,-1.000,0
32.3873,4.11,-0.04,-136.14,-46.65,1.12,7,7,-1.000,0
32.3916,4.00,-0.11,-134.65,-46.11,1.51,7,7,-1.000,0
32.3955,3.95,-0.06,-133.31,-45.58,1.40,7,7,-1.000,0
32.3996,3.76,-0.19,-132.11,-45.25,1.12,7,7,-1.000,0
32.4040,3.62,-0.14,-131.01,-44.94,1.05,7,7,-1.000,0
32.4083,3.63,0.01,-129.88,-44.67,1.17,7,7,-1.000,0
32.4123,3.76,0.13,-128.73,-44.52,1.25,7,7,-1.000,0
32.4163,3.77,0.01,-127.38,-44.40,1.36,7,7,-1.000,0
32.4204,3.85,0.08,-126.10,-44.24,1.34,7,7,-1.000,0
32.4249,4.14,0.29,-125.03,-44.17,1.29,7,7,-1.000,0
32.4287,4.07,-0.07,-123.89,-44.10,1.10,7,7,-1.000,0
32.4328,3.94,-0.13,-122.72,-44.16,1.08,7,7,-1.000,0
32.4372,3.89,-0.05,-121.43,-44.18,1.26,7,7,-1.000,0
32.4416,3.96,0.07,-120.00,-43.92,1.50,7,7,-1.000,0
32.4455,4.06,0.10,-118.92,-43.78,1.15,7,7,-1.000,0
32.4496,4.11,0.05,-117.95,-43.61,1.02,7,7,-1.000,0
32.4538,4.07,-0.04,-116.87,-43.16,1.15,7,7,-1.000,0
32.4583,4.17,0.10,-115.60,-42.76,1.40,7,7,-1.000,0
32.4622,4.29,0.12,-114.54,-42.18,1.28,7,7,-1.000,0
32.4662,4.16,-0.13,-113.46,-41.49,1.21,7,7,-1.000,0
32.4705,3.89,-0.27,-112.23,-40.94,1.21,7,7,-1.000,0
32.4747,3.94,0.05,-111.19,-40.19,1.31,7,7,-1.000,0
32.4787,4.10,0.17,-110.38,-39.46,1.18,7,7,-1.000,0
32.4829,4.26,0.15,-109.34,-39.06,1.20,7,7,-1.000,0
32.4872,4.40,0.15,-108.23,-38.25,1.46,7,7,-1.000,0
32.4917,4.59,0.18,-107.28,-37.36,1.39,7,7,-1.000,0
32.4955,4.86,0.27,-106.58,-36.91,1.00,7,7,-1.000,0
32.4996,4.64,-0.21,-106.00,-36.53,0.62,7,7,-1.000,0
32.5038,5.05,0.41,-104.75,-35.86,1.66,7,7,-1.000,0
32.5079,5.12,0.07,-103.84,-35.80,0.96,7,7,-1.000,0
32.5121,5.12,-0.01,-103.28,-35.60,0.59,7,7,-1.000,0
32.5162,5.54,0.42,-102.55,-35.24,1.10,7,7,-1.000,0
32.5206,5.55,0.01,-101.75,-34.72,0.95,7,7,-1.000,0
32.5249,5.95,0.40,-100.71,-34.50,1.33,7,7,-1.000,0
32.5287,5.93,-0.01,-99.71,-34.53,0.99,7,7,-1.000,0
32.5328,6.08,0.14,-98.98,-34.43,0.83,7,7,-1.000,0
32.5371,6.17,0.10,-98.18,-34.34,0.86,7,7,-1.000,0
32.5416,6.38,0.20,-97.03,-34.51,1.28,7,7,-1.000,0
32.5456,6.43,0.05,-96.48,-34.47,0.58,7,7,-1.000,0
32.5496,6.62,0.19,-95.34,-34.35,1.27,7,7,-1.000,0
32.5540,6.43,-0.19,-94.30,-34.30,0.95,7,7,-1.000,0
32.5581,6.82,0.40,-93.20,-34.52,1.37,7,7,-1.000,0
32.5622,7.31,0.49,-92.15,-34.46,1.39,7,7,-1.000,0
32.5662,7.15,-0.16,-90.84,-34.49,1.23,7,7,-1.000,0
32.5705,7.53,0.38,-89.63,-34.45,1.45,7,7,-1.000,0
32.5750,7.84,0.31,-88.34,-34.53,1.49,7,7,-1.000,0
32.5788,7.84,-0.00,-87.17,-34.36,1.18,7,7,-1.000,0
32.5829,7.71,-0.13,-85.67,-34.27,1.44,7,7,-1.000,0
32.5872,7.79,0.08,-84.69,-34.05,1.05,7,7,-1.000,0
32.5916,7.32,-0.48,-83.29,-33.84,1.22,7,7,-1.000,0
32.5956,7.52,0.20,-82.24,-33.65,1.19,7,7,-1.000,0
32.5996,7.33,-0.19,-80.85,-33.33,1.34,7,7,-1.000,0
32.6038,7.14,-0.19,-79.91,-32.95,0.93,7,7,-1.000,0
32.6083,7.15,0.01,-78.79,-32.54,1.19,7,7,-1.000,0
32.6123,7.22,0.07,-77.59,-32.18,1.29,7,7,-1.000,0
32.6163,6.94,-0.28,-76.51,-31.78,1.04,7,7,-1.000,0
32.6205,7.46,0.52,-75.08,-31.69,1.76,7,7,-1.000,0
32.6250,7.55,0.09,-73.77,-31.54,1.37,7,7,-1.000,0
32.6288,7.41,-0.15,-72.31,-31.55,1.38,7,7,-1.000,0
32.6330,7.35,-0.06,-70.97,-31.25,1.34,7,7,-1.000,0
32.6373,7.46,0.11,-69.30,-30.92,1.76,7,7,-1.000,0
32.6417,7.32,-0.13,-67.93,-30.63,1.34,7,7,-1.000,0
32.6454,6.92,-0.40,-66.44,-30.64,1.33,7,7,-1.000,0
32.6496,7.08,0.16,-64.81,-30.83,1.73,7,7,-1.000,0
32.6539,6.86,-0.22,-63.02,-30.71,1.69,7,7,-1.000,0
32.6582,6.60,-0.26,-61.57,-31.26,1.45,7,7,-1.000,0
32.6621,6.25,-0.35,-59.88,-31.40,1.54,7,7,-1.000,0
32.6662,6.42,0.16,-58.30,-31.84,1.72,7,7,-1.000,0
32.6705,5.93,-0.48,-56.99,-31.74,1.14,7,7,-1.000,0
32.6749,6.10,0.17,-55.46,-32.25,1.70,7,7,-1.000,0
32.6788,6.01,-0.10,-54.32,-32.88,1.26,7,7,-1.000,0
32.6829,5.94,-0.06,-52.82,-33.24,1.51,7,7,-1.000,0
32.6872,6.08,0.13,-51.76,-33.75,1.24,7,7,-1.000,0
32.6917,5.80,-0.27,-50.65,-33.81,0.98,7,7,-1.000,0
32.6956,5.87,0.07,-49.66,-34.51,1.25,7,7,-1.000,0
32.6996,5.65,-0.22,-48.57,-34.80,1.02,7,7,-1.000,0
32.7039,5.84,0.18,-47.48,-35.11,1.24,7,7,-1.000,0
32.7082,5.83,-0.01,-46.36,-35.69,1.26,7,7,-1.000,0
32.7121,5.73,-0.10,-45.80,-35.88,0.55,7,7,-1.000,0
32.7162,5.78,0.05,-44.73,-36.33,1.19,7,7,-1.000,0
32.7206,5.71,-0.07,-44.10,-36.26,0.60,7,7,-1.000,0
32.7249,6.18,0.47,-43.33,-36.98,1.33,7,7,-1.000,0
32.7288,6.28,0.10,-43.06,-36.88,0.35,7,7,-1.000,0
32.7329,6.22,-0.06,-42.72,-37.25,0.49,7,7,-1.000,0
32.7375,6.49,0.27,-42.14,-37.18,0.78,7,7,-1.000,0
32.7423,6.67,0.18,-42.17,-37.39,0.27,7,7,-1.000,0
32.7458,6.81,0.13,-41.81,-37.32,0.46,7,7,-1.000,0
32.7497,7.30,0.50,-41.79,-37.13,0.55,7,7,-1.000,0
32.7539,7.30,-0.00,-41.67,-37.33,0.23,7,7,-1.000,0
32.7583,7.63,0.33,-41.44,-37.10,0.56,7,7,-1.000,0
32.7623,8.05,0.42,-41.52,-37.15,0.38,7,7,-1.000,0
32.7663,8.23,0.18,-41.14,-37.08,0.51,7,7,-1.000,0
32.7705,8.65,0.42,-41.12,-37.14,0.43,7,7,-1.000,0
32.7749,8.90,0.25,-40.91,-37.28,0.44,7,7,-1.000,0
32.7787,9.41,0.51,-40.89,-37.40,0.54,7,7,-1.000,0
32.7828,9.47,0.05,-40.48,-37.59,0.49,7,7,-1.000,0
32.7872,9.92,0.45,-40.32,-37.75,0.58,7,7,-1.000,0
32.7917,10.17,0.26,-40.14,-37.46,0.49,7,7,-1.000,0
32.7956,10.24,0.06,-39.75,-37.80,0.55,7,7,-1.000,0
32.7996,10.52,0.28,-39.46,-37.93,0.53,7,7,-1.000,0
32.8039,10.57,0.05,-39.10,-38.17,0.46,7,7,-1.000,0
32.8080,10.75,0.18,-38.69,-38.90,0.91,7,7,-1.000,0
32.8123,10.64,-0.11,-38.26,-39.21,0.49,7,7,-1.000,0
32.8164,10.71,0.07,-37.87,-39.72,0.67,7,7,-1.000,0
32.8206,10.77,0.06,-37.45,-40.19,0.66,7,7,-1.000,0
32.8246,11.03,0.26,-37.24,-40.81,0.75,7,7,-1.000,0
32.8289,11.39,0.36,-37.23,-41.44,0.73,7,7,-1.000,0
32.8329,11.77,0.38,-37.15,-41.89,0.62,7,7,-1.000,0
32.8373,12.24,0.48,-37.08,-42.57,0.86,7,7,-1.000,0
32.8416,13.10,0.86,-37.40,-42.82,0.73,7,7,-1.000,0
32.8456,13.72,0.61,-37.38,-43.36,0.82,7,7,-1.000,0
32.8496,14.69,0.97,-37.80,-43.64,0.80,7,7,-1.000,0
32.8539,15.64,0.95,-38.36,-43.80,0.71,7,7,-1.000,0
32.8584,16.68,1.04,-39.09,-44.09,0.80,7,7,-1.000,0
32.8623,17.75,1.08,-39.93,-44.79,1.05,7,7,-1.000,0
32.8663,19.26,1.50,-41.14,-44.47,1.13,7,7,-1.000,0
32.8706,20.69,1.43,-42.37,-45.00,1.17,7,7,-1.000,0
32.8747,22.15,1.46,-43.81,-45.23,1.13,7,7,-1.000,0
32.8788,23.83,1.68,-45.50,-45.15,1.29,7,7,-1.000,0
32.8829,25.39,1.55,-46.80,-45.18,1.11,7,7,-1.000,0
32.8872,27.08,1.70,-48.26,-45.08,1.23,7,7,-1.000,0
32.8917,28.74,1.66,-49.98,-44.83,1.32,7,7,-1.000,0
32.8957,30.56,1.81,-51.63,-44.69,1.35,7,7,-1.000,0
32.8997,32.27,1.71,-53.16,-44.33,1.31,7,7,-1.000,0
32.9040,34.12,1.86,-55.05,-43.98,1.50,7,7,-1.000,0
32.9084,35.82,1.69,-56.53,-43.56,1.33,7,7,-1.000,0
32.9122,37.72,1.90,-58.36,-43.13,1.54,7,7,-1.000,0
32.9164,39.61,1.89,-60.33,-42.56,1.65,7,7,-1.000,0
32.9206,41.31,1.70,-62.20,-42.08,1.53,7,7,-1.000,0
32.9251,43.43,2.12,-64.37,-41.28,1.93,7,7,-1.000,0
32.9290,45.29,1.87,-66.62,-40.42,1.95,7,7,-1.000,0
32.9330,47.22,1.93,-68.89,-39.46,2.04,7,7,-1.000,0
32.9373,48.91,1.69,-71.02,-38.23,2.10,7,7,-1.000,0
32.9418,50.98,2.06,-73.23,-37.06,2.22,7,7,-1.000,0
32.9456,52.87,1.89,-75.22,-35.87,2.12,7,7,-1.000,0
32.9497,54.57,1.70,-77.11,-34.31,2.28,7,7,-1.000,0
32.9540,56.16,1.59,-78.83,-32.66,2.28,7,7,-1.000,0
32.9585,57.85,1.70,-80.11,-31.08,2.17,7,7,-1.000,0
32.9623,59.05,1.19,-81.46,-29.29,2.20,7,7,-1.000,0
32.9664,60.78,1.73,-82.13,-27.53,2.33,7,7,-1.000,0
32.9706,61.87,1.09,-83.09,-25.62,2.20,7,7,-1.000,0
32.9752,62.95,1.08,-83.87,-23.92,1.99,7,7,-1.000,0
32.9789,63.87,0.93,-84.98,-22.63,1.71,7,7,-1.000,0
32.9830,64.98,1.11,-85.55,-21.07,1.88,7,7,-1.000,0
32.9873,65.73,0.75,-86.19,-19.68,1.60,7,7,-1.000,0
32.9917,66.62,0.90,-86.69,-18.30,1.64,7,7,-1.000,0
32.9956,67.26,0.64,-87.28,-17.03,1.46,7,7,-1.000,0
32.9998,67.98,0.71,-87.85,-15.94,1.33,7,7,-1.000,0
33.0039,68.61,0.64,-88.46,-14.83,1.35,7,7,-1.000,0
33.0084,69.33,0.72,-88.76,-13.64,1.39,7,7,-1.000,0
33.0122,69.85,0.52,-89.29,-12.51,1.30,7,7,-1.000,0
33.0164,70.52,0.67,-89.74,-11.39,1.33,7,7,-1.000,0
33.0206,70.92,0.40,-90.18,-10.28,1.24,7,7,-1.000,0
33.0251,71.49,0.57,-90.49,-9.23,1.20,7,7,-1.000,0
33.0290,71.86,0.37,-90.95,-8.21,1.16,7,7,-1.000,0
33.0330,72.51,0.65,-91.26,-6.87,1.50,7,7,-1.000,0
33.0373,73.06,0.54,-91.52,-5.56,1.43,7,7,-1.000,0
33.0417,73.58,0.52,-91.78,-4.01,1.65,7,7,-1.000,0
33.0457,73.66,0.08,-92.30,-2.41,1.68,7,7,-1.000,0
33.0497,73.96,0.30,-92.93,-1.08,1.50,7,7,-1.000,0
33.0539,74.25,0.29,-93.27,0.20,1.35,7,7,-1.000,0
33.0584,74.61,0.37,-93.73,1.56,1.48,7,7,-1.000,0
33.0623,74.87,0.26,-94.19,2.75,1.31,7,7,-1.000,0
33.0664,74.94,0.07,-94.85,3.99,1.41,7,7,-1.000,0
33.0706,75.08,0.13,-95.28,5.29,1.38,7,7,-1.000,0
33.0751,75.25,0.18,-95.85,6.49,1.35,7,7,-1.000,0
33.0789,75.38,0.13,-96.20,7.57,1.15,7,7,-1.000,0
33.0829,75.41,0.03,-96.75,8.90,1.44,7,7,-1.000,0
33.0873,75.57,0.16,-97.09,10.16,1.32,7,7,-1.000,0
33.0917,75.61,0.04,-97.66,11.26,1.24,7,7,-1.000,0
33.0956,75.66,0.05,-98.18,12.62,1.45,7,7,-1.000,0
33.0996,75.74,0.08,-98.70,13.99,1.47,7,7,-1.000,0
33.1047,75.78,0.04,-99.23,15.19,1.32,7,7,-1.000,0
33.1102,75.90,0.12,-99.69,16.55,1.46,7,7,-1.000,0
33.1138,76.02,0.11,-100.25,18.00,1.57,7,7,-1.000,0
33.1173,76.07,0.05,-100.84,19.17,1.32,7,7,-1.000,0
33.1213,76.13,0.06,-101.49,20.46,1.45,7,7,-1.000,0
33.1253,76.15,0.02,-102.15,21.69,1.41,7,7,-1.000,0
33.1311,76.06,-0.09,-102.91,23.00,1.50,7,7,-1.000,0
33.1351,76.30,0.24,-103.37,24.11,1.26,7,7,-1.000,0
33.1393,76.41,0.11,-103.92,25.53,1.54,7,7,-1.000,0
33.1435,76.27,-0.14,-104.65,26.82,1.46,7,7,-1.000,0
33.1475,76.18,-0.08,-105.39,28.06,1.43,7,7,-1.000,0
33.1519,75.95,-0.24,-106.25,29.36,1.52,7,7,-1.000,0
33.1558,75.73,-0.21,-106.89,30.64,1.39,7,7,-1.000,0
33.1599,75.53,-0.20,-107.59,32.10,1.59,7,7,-1.000,0
33.1648,75.18,-0.35,-108.62,33.32,1.51,7,7,-1.000,0
33.1687,74.88,-0.30,-109.50,34.53,1.42,7,7,-1.000,0
33.1730,74.69,-0.19,-110.33,35.63,1.33,7,7,-1.000,0
33.1768,74.07,-0.62,-111.49,36.84,1.53,7,7,-1.000,0
33.1799,73.54,-0.53,-112.43,38.09,1.45,7,7,-1.000,0
33.1832,73.16,-0.39,-113.50,39.02,1.29,7,7,-1.000,0
33.1876,72.58,-0.58,-114.56,40.18,1.42,7,7,-1.000,0
33.1915,72.24,-0.35,-115.36,41.18,1.18,7,7,-1.000,0
33.1955,71.70,-0.54,-116.36,42.14,1.22,7,7,-1.000,0
33.2001,71.40,-0.30,-117.01,43.06,1.05,7,7,-1.000,0
33.2041,70.98,-0.42,-117.78,44.22,1.28,7,7,-1.000,0
33.2082,70.57,-0.41,-118.49,45.54,1.42,7,7,-1.000,0
33.2125,70.19,-0.38,-119.26,46.71,1.30,7,7,-1.000,0
33.2163,69.47,-0.71,-120.10,48.18,1.58,7,7,-1.000,0
33.2206,68.78,-0.69,-121.53,49.01,1.32,7,7,-1.000,0
33.2248,68.60,-0.18,-122.09,50.43,1.48,7,7,-1.000,0
33.2287,67.94,-0.66,-123.36,51.60,1.45,7,7,-1.000,0
33.2329,67.58,-0.36,-124.25,53.04,1.58,7,7,-1.000,0
33.2373,66.74,-0.84,-125.52,54.17,1.37,7,7,-1.000,0
33.2417,65.88,-0.87,-126.98,55.53,1.63,7,7,-1.000,0
33.2459,64.76,-1.12,-128.47,56.77,1.50,7,7,-1.000,0
33.2499,63.77,-0.99,-130.16,57.48,1.23,7,7,-1.000,0
33.2543,62.16,-1.61,-132.28,58.20,1.35,7,7,-1.000,0
33.2586,60.75,-1.41,-134.01,59.28,1.41,7,7,-1.000,0
33.2625,59.27,-1.48,-136.01,60.02,1.27,7,7,-1.000,0
33.2665,57.38,-1.89,-138.25,60.52,1.22,7,7,-1.000,0
33.2708,55.21,-2.17,-140.48,61.06,1.24,7,7,-1.000,0
33.2751,53.16,-2.05,-142.88,61.69,1.31,7,7,-1.000,0
33.2788,50.96,-2.20,-145.35,62.09,1.23,7,7,-1.000,0
33.2830,48.94,-2.02,-147.67,62.39,1.12,7,7,-1.000,0
33.2874,46.62,-2.33,-150.27,62.53,1.21,7,7,-1.000,0
33.2916,44.24,-2.38,-153.14,62.69,1.34,7,7,-1.000,0
33.2956,41.14,-3.10,-156.34,62.97,1.51,7,7,-1.000,0
33.2996,38.48,-2.65,-159.43,63.18,1.42,7,7,-1.000,0
33.3040,35.35,-3.14,-162.89,63.40,1.57,7,7,-1.000,0
33.3084,32.48,-2.87,-165.99,63.41,1.39,7,7,-1.000,0
33.3127,29.89,-2.59,-168.90,63.23,1.32,7,7,-1.000,0
33.3165,26.48,-3.41,-172.69,62.74,1.79,7,7,-1.000,0
33.3207,24.21,-2.27,-175.56,62.44,1.38,7,7,-1.000,0
33.3249,21.62,-2.58,-178.57,62.10,1.44,7,7,-1.000,0
33.3289,19.21,-2.41,178.28,62.01,1.52,7,7,-1.000,0
33.3331,16.55,-2.66,174.99,61.67,1.61,7,7,-1.000,0
33.3374,14.65,-1.90,172.41,61.49,1.30,7,7,-1.000,0
33.3418,12.20,-2.45,169.33,60.99,1.58,7,7,-1.000,0
33.3457,11.34,-0.86,167.84,60.63,0.93,7,7,-1.000,0
33.3498,9.67,-1.66,165.72,60.43,1.07,7,7,-1.000,0
33.3539,8.15,-1.52,163.57,60.17,1.15,7,7,-1.000,0
33.3584,6.91,-1.23,161.71,59.65,1.13,7,7,-1.000,0
33.3624,5.79,-1.13,159.77,59.09,1.26,7,7,-1.000,0
33.3663,4.57,-1.21,157.89,58.60,1.16,7,7,-1.000,0
33.3706,3.65,-0.93,156.09,57.98,1.29,7,7,-1.000,0
33.3750,2.79,-0.85,154.56,57.61,0.99,7,7,-1.000,0
33.3790,1.76,-1.03,152.57,56.92,1.43,7,7,-1.000,0
33.3830,0.95,-0.82,150.94,56.25,1.25,7,7,-1.000,0
33.3873,0.10,-0.85,149.32,55.56,1.24,7,7,-1.000,0
33.3919,-0.85,-0.94,147.57,54.89,1.30,7,7,-1.000,0
33.3958,-1.66,-0.81,145.94,53.94,1.44,7,7,-1.000,0
33.3998,-2.24,-0.57,144.44,52.93,1.49,7,7,-1.000,0
33.4042,-2.72,-0.48,143.15,51.79,1.48,7,7,-1.000,0
33.4085,-3.36,-0.64,141.77,51.06,1.21,7,7,-1.000,0
33.4125,-4.08,-0.71,140.23,50.22,1.38,7,7,-1.000,0
33.4165,-4.51,-0.44,139.13,49.57,1.04,7,7,-1.000,0
33.4208,-4.49,0.03,138.33,48.35,1.47,7,7,-1.000,0
33.4252,-4.72,-0.23,137.18,47.37,1.40,7,7,-1.000,0
33.4291,-4.83,-0.11,136.03,46.41,1.43,7,7,-1.000,0
33.4331,-5.40,-0.57,134.63,45.66,1.31,7,7,-1.000,0
33.4375,-5.35,0.05,133.32,44.55,1.75,7,7,-1.000,0
33.4419,-5.60,-0.25,131.96,43.71,1.46,7,7,-1.000,0
33.4459,-5.76,-0.16,130.73,43.09,1.29,7,7,-1.000,0
33.4498,-6.20,-0.45,129.26,42.30,1.45,7,7,-1.000,0
33.4542,-6.30,-0.10,128.02,41.50,1.42,7,7,-1.000,0
33.4585,-6.67,-0.38,126.70,40.98,1.22,7,7,-1.000,0
33.4625,-7.29,-0.62,125.19,40.45,1.31,7,7,-1.000,0
33.4665,-7.59,-0.30,124.01,39.81,1.20,7,7,-1.000,0
33.4707,-8.03,-0.44,122.55,38.91,1.52,7,7,-1.000,0
33.4750,-8.78,-0.75,121.04,38.54,1.25,7,7,-1.000,0
33.4790,-9.17,-0.39,119.91,38.14,1.02,7,7,-1.000,0
33.4831,-9.54,-0.37,118.86,37.19,1.29,7,7,-1.000,0
33.4874,-10.06,-0.52,117.84,36.56,1.03,7,7,-1.000,0
33.4917,-10.19,-0.12,116.98,35.92,1.02,7,7,-1.000,0
33.4956,-10.57,-0.38,115.91,35.18,1.16,7,7,-1.000,0
33.4997,-10.82,-0.25,115.05,34.53,1.00,7,7,-1.000,0
33.5041,-11.09,-0.27,114.23,34.01,0.87,7,7,-1.000,0
33.5084,-11.10,-0.01,113.61,33.29,0.95,7,7,-1.000,0
33.5125,-11.01,0.09,113.04,32.81,0.79,7,7,-1.000,0
33.5165,-11.23,-0.22,112.02,32.15,1.13,7,7,-1.000,0
33.5206,-11.27,-0.04,111.45,31.49,0.85,7,7,-1.000,0
33.5250,-11.04,0.23,110.96,30.93,0.85,7,7,-1.000,0
33.5290,-11.17,-0.13,110.21,30.31,0.93,7,7,-1.000,0
33.5330,-11.09,0.09,109.68,29.72,0.83,7,7,-1.000,0
33.5373,-11.06,0.02,108.89,29.13,1.00,7,7,-1.000,0
33.5417,-10.94,0.13,108.49,28.48,0.80,7,7,-1.000,0
33.5457,-10.89,0.04,107.88,28.09,0.75,7,7,-1.000,0
33.5498,-10.97,-0.07,106.88,27.59,1.08,7,7,-1.000,0
33.5540,-10.82,0.15,106.34,27.10,0.80,7,7,-1.000,0
33.5584,-10.71,0.11,105.70,26.57,0.87,7,7,-1.000,0
33.5624,-10.52,0.19,105.12,26.17,0.80,7,7,-1.000,0
33.5664,-10.48,0.05,104.24,25.37,1.21,7,7,-1.000,0
33.5706,-10.20,0.28,103.64,24.98,0.86,7,7,-1.000,0
33.5748,-10.40,-0.20,102.65,24.83,0.93,7,7,-1.000,0
33.5789,-10.27,0.13,102.15,24.09,0.93,7,7,-1.000,0
33.5830,-10.34,-0.07,101.05,23.85,1.10,7,7,-1.000,0
33.5874,-10.19,0.16,100.37,23.38,0.89,7,7,-1.000,0
33.5918,-9.82,0.37,99.58,22.97,1.08,7,7,-1.000,0
33.5958,-9.69,0.13,98.76,22.48,1.00,7,7,-1.000,0
33.5998,-9.41,0.28,98.38,21.95,0.76,7,7,-1.000,0
33.6040,-9.56,-0.15,97.43,21.57,0.98,7,7,-1.000,0
33.6083,-9.22,0.34,96.81,21.07,0.96,7,7,-1.000,0
33.6126,-9.29,-0.07,95.87,20.77,0.96,7,7,-1.000,0
33.6165,-9.15,0.14,95.08,20.59,0.87,7,7,-1.000,0
33.6206,-8.72,0.43,94.69,20.12,0.82,7,7,-1.000,0
33.6248,-8.72,-0.01,93.74,19.77,1.01,7,7,-1.000,0
33.6289,-8.73,-0.00,92.79,19.48,0.99,7,7,-1.000,0
33.6330,-8.38,0.34,92.47,18.84,0.84,7,7,-1.000,0
33.6374,-8.24,0.15,91.81,18.60,0.76,7,7,-1.000,0
33.6416,-8.12,0.11,91.25,18.11,0.78,7,7,-1.000,0
33.6457,-7.68,0.44,90.75,17.67,0.88,7,7,-1.000,0
33.6497,-7.63,0.05,90.36,17.12,0.68,7,7,-1.000,0
33.6540,-7.49,0.14,89.77,16.83,0.71,7,7,-1.000,0
33.6585,-7.02,0.47,89.60,16.57,0.59,7,7,-1.000,0
33.6626,-6.58,0.44,89.10,16.01,0.94,7,7,-1.000,0
33.6666,-6.33,0.25,88.54,16.03,0.67,7,7,-1.000,0
33.6707,-5.87,0.46,88.11,15.61,0.83,7,7,-1.000,0
33.6751,-5.33,0.54,87.71,15.34,0.80,7,7,-1.000,0
33.6794,-5.08,0.25,87.18,15.08,0.69,7,7,-1.000,0
33.6831,-4.11,0.97,86.99,14.88,1.05,7,7,-1.000,0
33.6874,-4.03,0.08,86.35,14.60,0.73,7,7,-1.000,0
33.6918,-3.53,0.50,85.69,14.43,0.94,7,7,-1.000,0
33.6960,-2.98,0.54,85.34,14.23,0.75,7,7,-1.000,0
33.6999,-2.71,0.27,84.54,13.94,0.95,7,7,-1.000,0
33.7041,-2.37,0.34,83.81,13.63,0.93,7,7,-1.000,0
33.7085,-1.79,0.58,83.38,13.52,0.80,7,7,-1.000,0
33.7126,-1.24,0.54,82.52,13.20,1.16,7,7,-1.000,0
33.7165,-0.51,0.74,81.88,12.92,1.12,7,7,-1.000,0
33.7206,-0.33,0.17,81.21,12.84,0.72,7,7,-1.000,0
33.7250,0.21,0.54,80.45,12.42,1.11,7,7,-1.000,0
33.7290,0.64,0.44,79.78,12.54,0.88,7,7,-1.000,0
33.7330,1.09,0.44,79.03,12.34,0.97,7,7,-1.000,0
33.7372,1.57,0.49,78.45,12.33,0.83,7,7,-1.000,0
33.7417,1.78,0.21,77.78,12.08,0.79,7,7,-1.000,0
33.7457,2.23,0.45,77.12,12.05,0.87,7,7,-1.000,0
33.7496,2.61,0.37,76.42,11.78,0.91,7,7,-1.000,0
33.7539,3.06,0.45,75.82,11.42,0.89,7,7,-1.000,0
33.7585,3.49,0.43,74.87,11.20,1.14,7,7,-1.000,0
33.7630,3.77,0.28,74.25,10.86,0.81,7,7,-1.000,0
33.7673,4.20,0.43,73.51,10.52,0.98,7,7,-1.000,0
33.7707,4.67,0.47,72.84,10.26,0.93,7,7,-1.000,0
33.7752,5.05,0.38,72.09,10.21,0.90,7,7,-1.000,0
33.7792,5.40,0.35,71.56,10.03,0.71,7,7,-1.000,0
33.7830,5.79,0.39,70.90,9.98,0.82,7,7,-1.000,0
33.7874,6.04,0.26,70.44,9.99,0.56,7,7,-1.000,0
33.7918,6.49,0.45,69.80,10.05,0.85,7,7,-1.000,0
33.7958,7.01,0.52,69.53,9.86,0.65,7,7,-1.000,0
33.7996,7.45,0.44,69.00,10.07,0.77,7,7,-1.000,0
33.8039,7.82,0.37,68.65,9.92,0.57,7,7,-1.000,0
33.8081,8.31,0.49,68.22,9.95,0.70,7,7,-1.000,0
33.8122,8.68,0.37,67.69,9.99,0.70,7,7,-1.000,0
33.8166,8.90,0.23,67.19,9.88,0.59,7,7,-1.000,0
33.8207,9.61,0.70,66.67,9.84,0.95,7,7,-1.000,0
33.8248,9.99,0.39,66.05,9.71,0.80,7,7,-1.000,0
33.8291,10.42,0.42,65.40,9.63,0.84,7,7,-1.000,0
33.8334,10.89,0.47,64.77,9.45,0.86,7,7,-1.000,0
33.8372,11.36,0.47,64.03,9.34,0.94,7,7,-1.000,0
33.8419,11.88,0.52,63.40,9.32,0.88,7,7,-1.000,0
33.8456,12.36,0.48,62.78,9.38,0.84,7,7,-1.000,0
33.8496,12.50,0.14,62.12,9.29,0.70,7,7,-1.000,0
33.8540,13.07,0.57,61.54,9.54,0.91,7,7,-1.000,0
33.8581,13.32,0.25,61.01,9.38,0.64,7,7,-1.000,0
33.8626,13.83,0.51,60.45,9.52,0.83,7,7,-1.000,0
33.8665,14.15,0.32,60.00,9.59,0.60,7,7,-1.000,0
33.8706,14.59,0.44,59.64,9.55,0.62,7,7,-1.000,0
33.8749,15.05,0.47,59.15,9.65,0.74,7,7,-1.000,0
33.8790,15.49,0.44,58.58,9.64,0.77,7,7,-1.000,0
33.8830,15.94,0.45,58.16,9.73,0.67,7,7,-1.000,0
33.8874,16.18,0.24,57.82,9.61,0.46,7,7,-1.000,0
33.8918,16.82,0.64,57.48,9.50,0.78,7,7,-1.000,0
33.8956,17.20,0.38,57.14,9.44,0.55,7,7,-1.000,0
33.8997,17.93,0.73,56.85,9.32,0.84,7,7,-1.000,0
33.9040,18.31,0.38,56.39,9.24,0.64,7,7,-1.000,0
33.9081,18.48,0.17,56.04,9.21,0.42,7,7,-1.000,0
33.9121,18.87,0.39,55.46,9.20,0.75,7,7,-1.000,0
33.9162,19.13,0.25,54.94,9.26,0.62,7,7,-1.000,0
33.9205,19.64,0.52,54.47,9.55,0.81,7,7,-1.000,0
33.9250,19.77,0.13,53.85,9.39,0.67,7,7,-1.000,0
33.9289,20.51,0.74,53.25,9.48,1.03,7,7,-1.000,0
33.9329,20.92,0.41,52.80,9.62,0.67,7,7,-1.000,0
33.9373,21.16,0.25,52.22,9.67,0.67,7,7,-1.000,0
33.9417,21.42,0.25,51.73,9.78,0.60,7,7,-1.000,0
33.9456,21.84,0.42,51.17,9.99,0.79,7,7,-1.000,0
33.9496,21.97,0.13,50.77,9.94,0.45,7,7,-1.000,0
33.9539,22.17,0.20,50.36,9.98,0.49,7,7,-1.000,0
33.9584,22.35,0.18,49.84,9.82,0.60,7,7,-1.000,0
33.9623,22.64,0.29,49.26,10.16,0.77,7,7,-1.000,0
33.9663,23.11,0.47,48.71,10.30,0.80,7,7,-1.000,0
33.9706,23.35,0.24,48.43,10.20,0.41,7,7,-1.000,0
33.9750,23.40,0.05,47.73,10.16,0.71,7,7,-1.000,0
33.9789,23.60,0.20,47.22,10.19,0.58,7,7,-1.000,0
33.9829,24.01,0.42,46.57,10.19,0.83,7,7,-1.000,0
33.9872,24.17,0.15,46.08,10.23,0.54,7,7,-1.000,0
33.9919,24.28,0.11,45.51,10.32,0.60,7,7,-1.000,0
33.9958,24.54,0.26,44.88,10.30,0.72,7,7,-1.000,0
33.9997,24.92,0.38,44.50,10.25,0.59,7,7,-1.000,0
34.0040,24.80,-0.12,43.60,10.12,0.90,7,7,-1.000,0
34.0085,25.10,0.30,42.90,10.15,0.80,7,7,-1.000,0
34.0124,25.32,0.22,42.50,10.09,0.50,7,7,-1.000,0
34.0164,25.62,0.30,41.96,10.08,0.66,7,7,-1.000,0
34.0208,25.85,0.23,41.48,10.03,0.57,7,7,-1.000,0
34.0248,26.14,0.29,41.01,10.00,0.59,7,7,-1.000,0
34.0288,26.46,0.31,40.72,9.99,0.47,7,7,-1.000,0
34.0330,26.84,0.38,40.24,10.19,0.70,7,7,-1.000,0
34.0372,27.09,0.25,39.73,10.30,0.61,7,7,-1.000,0
34.0418,27.23,0.14,39.40,10.28,0.38,7,7,-1.000,0
34.0457,27.58,0.35,39.18,10.22,0.45,7,7,-1.000,0
34.0497,27.77,0.19,38.79,9.98,0.52,7,7,-1.000,0
34.0539,27.78,0.01,38.35,10.45,0.65,7,7,-1.000,0
34.0585,28.35,0.57,38.13,10.69,0.69,7,7,-1.000,0
34.0623,28.51,0.15,37.77,10.60,0.43,7,7,-1.000,0
34.0664,28.92,0.42,37.25,10.57,0.72,7,7,-1.000,0
34.0706,29.07,0.15,36.92,10.63,0.39,7,7,-1.000,0
34.0752,29.16,0.09,36.41,10.63,0.53,7,7,-1.000,0
34.0790,29.53,0.36,35.84,10.77,0.75,7,7,-1.000,0
34.0830,29.95,0.42,35.42,10.69,0.65,7,7,-1.000,0
34.0872,30.14,0.19,34.90,11.17,0.77,7,7,-1.000,0
34.0917,30.34,0.20,34.69,11.24,0.32,7,7,-1.000,0
34.0956,30.61,0.27,34.25,11.29,0.56,7,7,-1.000,0
34.0996,30.76,0.14,33.91,11.40,0.41,7,7,-1.000,0
34.1044,30.95,0.19,33.45,11.58,0.56,7,7,-1.000,0
34.1102,31.27,0.33,33.07,11.78,0.58,7,7,-1.000,0
34.1146,31.36,0.09,32.70,12.09,0.51,7,7,-1.000,0
34.1183,31.68,0.32,32.28,12.26,0.60,7,7,-1.000,0
34.1229,31.84,0.16,31.77,12.69,0.72,7,7,-1.000,0
34.1271,32.19,0.36,31.59,12.34,0.56,7,7,-1.000,0
34.1311,32.37,0.18,31.21,12.57,0.51,7,7,-1.000,0
34.1357,32.53,0.16,30.64,12.64,0.62,7,7,-1.000,0
34.1399,32.79,0.26,30.22,12.20,0.70,7,7,-1.000,0
34.1441,32.89,0.10,29.77,12.36,0.51,7,7,-1.000,0
34.1476,33.04,0.14,29.42,12.36,0.41,7,7,-1.000,0
34.1513,33.39,0.36,28.87,12.33,0.72,7,7,-1.000,0
34.1555,33.52,0.13,28.46,12.33,0.45,7,7,-1.000,0
34.1590,33.59,0.07,28.09,12.27,0.40,7,7,-1.000,0
34.1630,33.84,0.25,27.51,12.31,0.68,7,7,-1.000,0
34.1677,34.11,0.27,27.19,12.24,0.47,7,7,-1.000,0
34.1730,34.31,0.20,26.57,12.19,0.69,7,7,-1.000,0
34.1770,34.63,0.32,26.43,12.05,0.40,7,7,-1.000,0
34.1800,34.71,0.08,26.19,11.83,0.35,7,7,-1.000,0
34.1834,34.84,0.13,25.71,11.97,0.54,7,7,-1.000,0
34.1876,35.18,0.33,25.27,12.09,0.62,7,7,-1.000,0
34.1918,35.55,0.37,24.93,12.04,0.55,7,7,-1.000,0
34.1960,35.71,0.17,24.80,11.71,0.40,7,7,-1.000,0
34.2000,36.10,0.39,24.27,11.95,0.76,7,7,-1.000,0
34.2043,36.58,0.48,24.13,11.80,0.55,7,7,-1.000,0
34.2084,37.13,0.55,24.01,12.04,0.63,7,7,-1.000,0
34.2123,37.27,0.14,23.76,11.87,0.36,7,7,-1.000,0
34.2163,37.60,0.33,23.40,11.88,0.53,7,7,-1.000,0
34.2205,37.92,0.32,23.45,11.89,0.32,7,7,-1.000,0
34.2250,38.27,0.35,23.38,11.77,0.39,7,7,-1.000,0
34.2289,38.60,0.33,23.21,11.81,0.41,7,7,-1.000,0
34.2329,38.91,0.31,23.34,11.54,0.41,7,7,-1.000,0
34.2372,39.04,0.13,23.32,11.44,0.16,7,7,-1.000,0
34.2416,39.27,0.23,23.18,11.45,0.30,7,7,-1.000,0
34.2455,39.31,0.04,23.01,11.49,0.18,7,7,-1.000,0
34.2496,39.46,0.15,22.96,11.32,0.24,7,7,-1.000,0
34.2539,39.56,0.10,22.78,11.18,0.27,7,7,-1.000,0
34.2583,39.82,0.25,22.77,11.07,0.28,7,7,-1.000,0
34.2624,39.95,0.13,22.49,10.74,0.47,7,7,-1.000,0
34.2664,40.14,0.20,22.47,10.67,0.21,7,7,-1.000,0
34.2706,40.06,-0.08,22.48,10.50,0.19,7,7,-1.000,0
34.2751,40.22,0.15,22.20,10.47,0.34,7,7,-1.000,0
34.2788,40.15,-0.07,22.04,10.28,0.25,7,7,-1.000,0
34.2830,40.28,0.13,21.92,10.31,0.20,7,7,-1.000,0
34.2871,40.18,-0.10,21.69,10.07,0.33,7,7,-1.000,0
34.2917,40.20,0.02,21.53,10.04,0.18,7,7,-1.000,0
34.2956,39.59,-0.61,20.93,9.39,1.01,7,7,-1.000,0
34.2996,39.56,-0.03,20.69,9.24,0.28,7,7,-1.000,0
34.3040,39.57,0.01,20.57,9.05,0.22,7,7,-1.000,0
34.3083,39.47,-0.09,20.60,8.82,0.25,7,7,-1.000,0
34.3125,39.60,0.13,20.48,8.82,0.19,7,7,-1.000,0
34.3163,39.54,-0.06,20.60,8.74,0.16,7,7,-1.000,0
34.3208,39.42,-0.12,20.43,8.84,0.21,7,7,-1.000,0
34.3249,39.35,-0.07,20.31,8.80,0.14,7,7,-1.000,0
34.3290,39.46,0.11,20.35,8.84,0.12,7,7,-1.000,0
34.3330,39.49,0.03,20.39,8.91,0.08,7,7,-1.000,0
34.3372,39.25,-0.24,20.37,8.80,0.26,7,7,-1.000,0
34.3416,39.21,-0.04,20.60,8.74,0.24,7,7,-1.000,0
34.3455,39.27,0.07,21.09,8.59,0.51,7,7,-1.000,0
34.3496,39.24,-0.03,21.29,8.67,0.23,7,7,-1.000,0
34.3540,39.19,-0.05,21.50,8.84,0.28,7,7,-1.000,0
34.3580,39.32,0.13,21.88,8.93,0.39,7,7,-1.000,0
34.3621,39.21,-0.11,22.17,8.91,0.33,7,7,-1.000,0
34.3663,39.00,-0.22,22.35,8.92,0.30,7,7,-1.000,0
34.3705,39.01,0.01,23.06,8.62,0.77,7,7,-1.000,0
34.3749,38.86,-0.15,23.69,8.73,0.68,7,7,-1.000,0
34.3788,38.57,-0.30,24.22,8.74,0.64,7,7,-1.000,0
34.3829,38.37,-0.20,24.88,8.64,0.73,7,7,-1.000,0
34.3872,38.25,-0.12,25.48,8.68,0.63,7,7,-1.000,0
34.3916,38.13,-0.12,26.28,8.45,0.85,7,7,-1.000,0
34.3956,37.69,-0.43,26.77,8.53,0.71,7,7,-1.000,0
34.3996,37.58,-0.12,27.49,8.35,0.76,7,7,-1.000,0
34.4038,37.43,-0.15,28.20,8.05,0.80,7,7,-1.000,0
34.4083,36.96,-0.48,28.66,7.76,0.76,7,7,-1.000,0
34.4122,36.81,-0.15,29.33,7.61,0.72,7,7,-1.000,0
34.4163,36.74,-0.06,29.81,7.13,0.69,7,7,-1.000,0
34.4205,36.48,-0.26,30.36,6.59,0.83,7,7,-1.000,0
34.4250,36.22,-0.26,31.02,6.13,0.87,7,7,-1.000,0
34.4287,36.24,0.02,31.73,5.46,0.97,7,7,-1.000,0
34.4329,35.94,-0.30,32.08,5.21,0.54,7,7,-1.000,0
34.4372,35.81,-0.13,32.99,4.70,1.06,7,7,-1.000,0
34.4417,35.98,0.17,33.70,5.12,0.83,7,7,-1.000,0
34.4457,35.57,-0.41,34.64,4.71,1.13,7,7,-1.000,0
34.4496,35.39,-0.17,35.39,4.54,0.80,7,7,-1.000,0
34.4539,35.37,-0.02,36.40,4.30,1.05,7,7,-1.000,0
34.4583,35.09,-0.28,37.10,3.94,0.85,7,7,-1.000,0
34.4623,34.62,-0.47,37.73,4.09,0.82,7,7,-1.000,0
34.4662,34.53,-0.10,38.58,3.85,0.90,7,7,-1.000,0
34.4706,34.43,-0.09,39.48,3.46,0.98,7,7,-1.000,0
34.4753,34.59,0.15,40.30,2.84,1.03,7,7,-1.000,0
34.4789,34.28,-0.30,41.22,2.47,1.05,7,7,-1.000,0
34.4829,34.42,0.14,42.25,2.10,1.09,7,7,-1.000,0
34.4872,34.34,-0.08,43.35,1.50,1.26,7,7,-1.000,0
34.4917,34.29,-0.05,44.56,1.11,1.27,7,7,-1.000,0
34.4956,33.99,-0.30,45.86,0.79,1.38,7,7,-1.000,0
34.4995,34.21,0.22,46.70,0.69,0.87,7,7,-1.000,0
34.5038,34.01,-0.20,48.04,0.42,1.38,7,7,-1.000,0
34.5083,33.82,-0.19,49.22,-0.36,1.43,7,7,-1.000,0
34.5122,33.49,-0.33,50.46,-0.32,1.28,7,7,-1.000,0
34.5162,33.47,-0.01,51.48,-0.52,1.04,7,7,-1.000,0
34.5205,33.04,-0.43,52.46,-1.24,1.29,7,7,-1.000,0
34.5249,32.69,-0.35,53.42,-1.57,1.07,7,7,-1.000,0
34.5287,32.52,-0.17,54.34,-1.77,0.94,7,7,-1.000,0
34.5329,32.07,-0.46,55.01,-1.87,0.80,7,7,-1.000,0
34.5372,31.65,-0.42,55.42,-2.66,0.97,7,7,-1.000,0
34.5416,31.51,-0.14,56.18,-2.95,0.82,7,7,-1.000,0
34.5456,31.38,-0.13,56.71,-3.55,0.80,7,7,-1.000,0
34.5495,30.79,-0.60,57.34,-4.65,1.38,7,7,-1.000,0
34.5539,31.24,0.46,57.86,-5.09,0.85,7,7,-1.000,0
34.5583,31.19,-0.05,58.64,-5.87,1.10,7,7,-1.000,0
34.5622,31.44,0.25,59.54,-6.68,1.25,7,7,-1.000,0
34.5663,31.52,0.08,60.53,-7.52,1.30,7,7,-1.000,0
34.5704,31.46,-0.06,61.69,-8.47,1.50,7,7,-1.000,0
34.5749,31.73,0.27,63.45,-9.11,1.93,7,7,-1.000,0
34.5788,32.05,0.32,65.23,-9.68,1.94,7,7,-1.000,0
34.5828,31.92,-0.12,67.31,-10.40,2.18,7,7,-1.000,0
34.5872,32.09,0.17,69.54,-10.62,2.28,7,7,-1.000,0
34.5915,32.41,0.31,71.79,-10.88,2.34,7,7,-1.000,0
34.5955,32.55,0.15,74.19,-11.13,2.45,7,7,-1.000,0
34.5997,32.64,0.09,76.70,-11.12,2.53,7,7,-1.000,0
34.6037,32.80,0.17,79.01,-11.35,2.36,7,7,-1.000,0
34.6084,33.05,0.25,81.38,-11.60,2.45,7,7,-1.000,0
34.6123,33.25,0.20,83.54,-11.77,2.21,7,7,-1.000,0
34.6163,33.30,0.05,85.59,-12.30,2.14,7,7,-1.000,0
34.6206,33.41,0.11,87.33,-12.59,1.79,7,7,-1.000,0
34.6250,33.76,0.36,88.92,-12.88,1.73,7,7,-1.000,0
34.6288,33.45,-0.31,90.29,-13.38,1.42,7,7,-1.000,0
34.6329,33.39,-0.06,91.68,-13.67,1.41,7,7,-1.000,0
34.6372,33.11,-0.29,92.81,-14.05,1.16,7,7,-1.000,0
34.6417,32.65,-0.46,93.77,-14.45,1.04,7,7,-1.000,0
34.6456,32.02,-0.63,94.36,-14.92,0.88,7,7,-1.000,0
34.6496,31.71,-0.30,95.26,-15.27,0.93,7,7,-1.000,0
34.6539,31.12,-0.60,96.04,-15.64,0.93,7,7,-1.000,0
34.6583,30.57,-0.55,97.01,-16.03,1.05,7,7,-1.000,0
34.6621,30.17,-0.40,97.93,-16.47,1.00,7,7,-1.000,0
34.6663,29.39,-0.78,99.06,-16.74,1.21,7,7,-1.000,0
34.6705,28.97,-0.41,100.10,-17.18,1.09,7,7,-1.000,0
34.6750,28.42,-0.56,101.51,-17.35,1.36,7,7,-1.000,0
34.6788,28.25,-0.17,102.68,-17.76,1.20,7,7,-1.000,0
34.6829,27.87,-0.38,104.59,-18.02,1.85,7,7,-1.000,0
34.6872,27.34,-0.53,106.35,-18.53,1.74,7,7,-1.000,0
34.6916,27.37,0.03,108.28,-18.94,1.98,7,7,-1.000,0
34.6955,27.14,-0.23,110.51,-18.96,2.17,7,7,-1.000,0
34.6995,27.24,0.09,112.67,-19.62,2.29,7,7,-1.000,0
34.7038,27.22,-0.01,114.89,-19.99,2.24,7,7,-1.000,0
34.7082,27.31,0.09,117.35,-20.43,2.53,7,7,-1.000,0
34.7123,27.84,0.52,119.45,-20.90,2.38,7,7,-1.000,0
34.7163,28.16,0.32,121.65,-22.01,2.58,7,7,-1.000,0
34.7205,28.37,0.22,123.61,-22.88,2.23,7,7,-1.000,0
34.7249,29.16,0.79,125.84,-23.65,2.75,7,7,-1.000,0
34.7288,29.34,0.18,127.89,-24.46,2.28,7,7,-1.000,0
34.7328,29.62,0.27,129.64,-25.81,2.32,7,7,-1.000,0
34.7372,29.94,0.32,131.86,-26.07,2.39,7,7,-1.000,0
34.7417,29.98,0.05,133.02,-27.80,2.09,7,7,-1.000,0
34.7455,30.02,0.04,134.45,-29.30,2.09,7,7,-1.000,0
34.7496,29.66,-0.36,136.19,-29.82,1.67,7,7,-1.000,0
34.7539,29.68,0.02,138.28,-30.56,2.23,7,7,-1.000,0
34.7584,29.69,0.01,139.27,-31.59,1.43,7,7,-1.000,0
34.7622,29.02,-0.67,141.50,-32.14,2.03,7,7,-1.000,0
34.7663,28.52,-0.50,143.46,-32.42,1.77,7,7,-1.000,0
34.7705,27.97,-0.55,145.19,-32.78,1.55,7,7,-1.000,0
34.7754,27.75,-0.23,146.61,-33.12,1.36,7,7,-1.000,0
34.7795,27.30,-0.45,148.14,-33.37,1.36,7,7,-1.000,0
34.7831,27.61,0.32,150.70,-35.70,3.61,7,7,-1.000,0
34.7874,27.24,-0.37,152.44,-35.89,1.56,7,7,-1.000,0
34.7916,26.17,-1.08,153.86,-36.04,1.19,7,7,-1.000,0
34.7955,25.34,-0.83,155.15,-35.27,1.30,7,7,-1.000,0
34.7995,24.08,-1.26,156.13,-35.25,1.06,7,7,-1.000,0
34.8038,23.22,-0.86,157.51,-35.19,1.14,7,7,-1.000,0
34.8080,22.31,-0.91,158.23,-34.53,1.01,7,7,-1.000,0
34.8122,21.51,-0.80,159.19,-34.84,0.89,7,7,-1.000,0
34.8166,21.44,-0.07,161.75,-36.03,2.78,7,7,-1.000,0
34.8207,21.29,-0.15,162.75,-35.68,0.99,7,7,-1.000,0
34.8248,20.59,-0.70,163.69,-36.02,0.85,7,7,-1.000,0
34.8288,19.94,-0.65,164.72,-36.17,0.84,7,7,-1.000,0
34.8328,19.55,-0.38,165.78,-36.40,0.92,7,7,-1.000,0
34.8372,19.21,-0.35,166.83,-36.86,1.01,7,7,-1.000,0
34.8417,18.58,-0.63,168.05,-37.35,1.10,7,7,-1.000,0
34.8456,17.96,-0.62,169.75,-37.72,1.45,7,7,-1.000,0
34.8496,17.96,0.00,169.48,-38.66,0.97,7,7,-1.000,0
34.8539,18.42,0.46,167.45,-39.39,1.93,7,7,-1.000,0
34.8582,17.08,-1.34,172.14,-39.46,3.98,7,7,-1.000,0
34.8622,17.47,0.39,170.06,-40.15,1.98,7,7,-1.000,0
34.8663,16.47,-1.00,171.94,-40.15,1.45,7,7,-1.000,0
34.8706,15.93,-0.53,173.20,-40.48,1.06,7,7,-1.000,0
34.8750,15.11,-0.82,175.03,-40.11,1.48,7,7,-1.000,0
34.8789,14.89,-0.22,176.42,-40.48,1.31,7,7,-1.000,0
34.8829,13.86,-1.02,178.09,-40.44,1.27,7,7,-1.000,0
34.8872,13.22,-0.64,179.68,-40.12,1.31,7,7,-1.000,0
34.8913,13.07,-0.15,-179.12,-41.07,1.45,7,7,-1.000,0
34.8954,12.57,-0.50,-177.92,-41.57,1.07,7,7,-1.000,0
34.8995,12.42,-0.15,-176.45,-42.18,1.51,7,7,-1.000,0
34.9038,11.67,-0.75,-174.26,-42.66,1.83,7,7,-1.000,0
34.9083,10.93,-0.74,-173.08,-43.44,1.17,7,7,-1.000,0
34.9122,10.01,-0.92,-170.91,-43.66,1.69,7,7,-1.000,0
34.9162,9.29,-0.72,-169.52,-43.88,1.05,7,7,-1.000,0
34.9204,8.34,-0.94,-167.54,-44.32,1.55,7,7,-1.000,0
34.9248,7.77,-0.57,-165.98,-44.86,1.34,7,7,-1.000,0
34.9287,6.79,-0.98,-163.91,-44.93,1.55,7,7,-1.000,0
34.9329,5.87,-0.91,-162.02,-45.60,1.55,7,7,-1.000,0
34.9371,5.07,-0.80,-160.39,-45.73,1.21,7,7,-1.000,0
34.9415,4.32,-0.75,-158.65,-45.81,1.31,7,7,-1.000,0
34.9455,3.65,-0.68,-156.71,-45.88,1.53,7,7,-1.000,0
34.9494,2.30,-1.35,-154.96,-46.41,1.33,7,7,-1.000,0
34.9538,1.52,-0.78,-153.43,-46.61,1.12,7,7,-1.000,0
34.9582,0.72,-0.80,-151.39,-46.54,1.56,7,7,-1.000,0
34.9623,-0.75,-1.47,-148.99,-47.36,1.85,7,7,-1.000,0
34.9663,-1.39,-0.64,-147.11,-47.47,1.48,7,7,-1.000,0
34.9705,-2.28,-0.89,-145.15,-46.91,1.54,7,7,-1.000,0
34.9750,-3.82,-1.54,-143.99,-47.20,1.09,7,7,-1.000,0
34.9788,-5.06,-1.24,-141.78,-47.03,1.56,7,7,-1.000,0
34.9830,-5.80,-0.74,-139.77,-46.85,1.56,7,7,-1.000,0
34.9872,-6.87,-1.07,-137.41,-46.80,1.74,7,7,-1.000,0
34.9914,-8.08,-1.21,-134.71,-46.53,2.02,7,7,-1.000,0
34.9954,-8.95,-0.86,-132.75,-46.64,1.46,7,7,-1.000,0
34.9995,-9.52,-0.58,-130.59,-46.32,1.81,7,7,-1.000,0
35.0039,-11.09,-1.57,-128.30,-46.60,1.61,7,7,-1.000,0
35.0082,-11.82,-0.72,-126.19,-46.54,1.66,7,7,-1.000,0
35.0121,-13.48,-1.66,-123.73,-46.53,1.70,7,7,-1.000,0
35.0165,-15.24,-1.76,-121.45,-46.64,1.58,7,7,-1.000,0
35.0207,-16.33,-1.09,-119.23,-46.70,1.61,7,7,-1.000,0
35.0251,-17.58,-1.25,-116.80,-46.52,1.75,7,7,-1.000,0
35.0290,-19.14,-1.56,-114.58,-46.61,1.53,7,7,-1.000,0
35.0330,-20.40,-1.27,-112.14,-46.42,1.76,7,7,-1.000,0
35.0371,-21.18,-0.78,-109.71,-46.06,1.98,7,7,-1.000,0
35.0416,-22.72,-1.54,-107.78,-45.91,1.36,7,7,-1.000,0
35.0456,-23.89,-1.16,-105.77,-45.62,1.46,7,7,-1.000,0
35.0496,-23.56,0.33,-102.62,-44.98,3.45,7,7,-1.000,0
35.0539,-24.66,-1.10,-100.22,-44.87,1.80,7,7,-1.000,0
35.0582,-26.24,-1.58,-98.03,-44.64,1.57,7,7,-1.000,0
35.0622,-26.77,-0.53,-95.99,-44.24,1.76,7,7,-1.000,0
35.0663,-28.47,-1.70,-94.01,-44.16,1.46,7,7,-1.000,0
35.0705,-29.07,-0.60,-91.80,-43.97,1.85,7,7,-1.000,0
35.0749,-30.82,-1.75,-90.04,-43.52,1.45,7,7,-1.000,0
35.0789,-31.59,-0.77,-88.34,-43.13,1.36,7,7,-1.000,0
35.0831,-32.28,-0.69,-86.53,-42.83,1.47,7,7,-1.000,0
35.0873,-33.37,-1.09,-84.28,-42.53,1.73,7,7,-1.000,0
35.0917,-34.57,-1.19,-82.58,-41.96,1.38,7,7,-1.000,0
35.0957,-35.70,-1.13,-81.79,-41.42,1.00,7,7,-1.000,0
35.0996,-36.54,-0.85,-80.03,-40.93,1.45,7,7,-1.000,0
35.1047,-36.64,-0.10,-77.74,-40.64,2.25,7,7,-1.000,0
35.1105,-37.39,-0.75,-76.45,-39.81,1.28,7,7,-1.000,0
35.1144,-37.98,-0.59,-74.79,-38.90,1.65,7,7,-1.000,0
35.1186,-38.04,-0.05,-73.03,-38.36,1.81,7,7,-1.000,0
35.1227,-38.32,-0.28,-70.83,-37.91,2.09,7,7,-1.000,0
35.1272,-39.05,-0.73,-68.81,-37.16,1.84,7,7,-1.000,0
35.1318,-39.76,-0.71,-68.56,-36.43,0.94,7,7,-1.000,0
35.1356,-40.33,-0.57,-66.87,-35.57,1.67,7,7,-1.000,0
35.1397,-40.54,-0.21,-64.53,-34.93,2.32,7,7,-1.000,0
35.1439,-40.98,-0.44,-62.68,-34.32,1.75,7,7,-1.000,0
35.1476,-41.62,-0.64,-60.89,-33.60,1.69,7,7,-1.000,0
35.1521,-42.35,-0.73,-60.01,-33.04,0.96,7,7,-1.000,0
35.1564,-43.48,-1.12,-58.86,-32.35,1.29,7,7,-1.000,0
35.1606,-43.86,-0.39,-57.50,-31.50,1.47,7,7,-1.000,0
35.1655,-44.59,-0.73,-55.83,-30.92,1.55,7,7,-1.000,0
35.1696,-45.21,-0.61,-54.44,-30.26,1.37,7,7,-1.000,0
35.1735,-45.04,0.16,-53.54,-29.74,1.12,7,7,-1.000,0
35.1776,-45.22,-0.17,-51.99,-29.30,1.53,7,7,-1.000,0
35.1811,-44.95,0.27,-51.71,-28.87,0.64,7,7,-1.000,0
35.1838,-44.92,0.03,-50.64,-27.96,1.42,7,7,-1.000,0
35.1875,-45.35,-0.43,-49.08,-27.38,1.52,7,7,-1.000,0
35.1920,-45.27,0.08,-48.34,-26.70,1.04,7,7,-1.000,0
35.1958,-45.43,-0.16,-47.72,-26.27,0.71,7,7,-1.000,0
35.1998,-45.26,0.18,-46.49,-25.39,1.58,7,7,-1.000,0
35.2040,-45.52,-0.26,-45.73,-24.95,0.82,7,7,-1.000,0
35.2080,-45.70,-0.18,-44.20,-24.36,1.58,7,7,-1.000,0
35.2121,-45.57,0.13,-43.46,-24.05,0.86,7,7,-1.000,0
35.2162,-45.57,-0.00,-42.45,-23.46,1.16,7,7,-1.000,0
35.2205,-45.63,-0.06,-41.47,-23.50,0.96,7,7,-1.000,0
35.2250,-45.88,-0.25,-40.47,-23.23,0.97,7,7,-1.000,0
35.2288,-45.83,0.05,-39.54,-22.67,1.10,7,7,-1.000,0
35.2329,-46.11,-0.27,-38.28,-22.11,1.31,7,7,-1.000,0
35.2372,-46.47,-0.37,-36.39,-21.25,1.99,7,7,-1.000,0
35.2416,-46.76,-0.28,-35.49,-20.82,0.94,7,7,-1.000,0
35.2456,-46.67,0.08,-34.38,-20.46,1.20,7,7,-1.000,0
35.2495,-46.74,-0.07,-33.37,-20.26,1.01,7,7,-1.000,0
35.2539,-47.17,-0.43,-32.28,-19.43,1.33,7,7,-1.000,0
35.2583,-46.89,0.28,-30.85,-19.45,1.54,7,7,-1.000,0
35.2622,-46.94,-0.05,-29.56,-18.52,1.58,7,7,-1.000,0
35.2663,-47.07,-0.13,-28.75,-17.89,1.00,7,7,-1.000,0
35.2705,-47.24,-0.17,-27.78,-17.62,0.98,7,7,-1.000,0
35.2750,-47.12,0.12,-26.88,-17.20,1.03,7,7,-1.000,0
35.2790,-46.88,0.25,-26.06,-16.76,1.02,7,7,-1.000,0
35.2830,-46.82,0.06,-25.44,-16.35,0.77,7,7,-1.000,0
35.2873,-46.77,0.05,-24.99,-16.10,0.53,7,7,-1.000,0
35.2914,-46.82,-0.06,-24.00,-15.55,1.12,7,7,-1.000,0
35.2955,-46.61,0.22,-23.36,-15.23,0.80,7,7,-1.000,0
35.2997,-46.64,-0.03,-22.55,-14.83,0.89,7,7,-1.000,0
35.3040,-46.54,0.10,-21.67,-14.58,0.95,7,7,-1.000,0
35.3084,-46.52,0.02,-20.85,-14.30,0.87,7,7,-1.000,0
35.3123,-46.48,0.04,-20.15,-13.62,0.98,7,7,-1.000,0
35.3165,-46.50,-0.01,-19.50,-13.22,0.76,7,7,-1.000,0
35.3209,-46.30,0.20,-18.95,-12.82,0.74,7,7,-1.000,0
35.3249,-46.12,0.18,-17.72,-12.61,1.30,7,7,-1.000,0
35.3288,-45.98,0.14,-16.98,-11.79,1.13,7,7,-1.000,0
35.3330,-45.82,0.16,-16.28,-11.33,0.88,7,7,-1.000,0
35.3373,-45.60,0.22,-15.65,-11.27,0.71,7,7,-1.000,0
35.3417,-45.42,0.18,-15.05,-10.49,1.03,7,7,-1.000,0
35.3456,-45.33,0.09,-14.21,-10.01,0.99,7,7,-1.000,0
35.3497,-45.27,0.06,-13.62,-9.67,0.69,7,7,-1.000,0
35.3540,-45.05,0.22,-13.02,-9.29,0.78,7,7,-1.000,0
35.3585,-44.95,0.10,-12.50,-8.76,0.76,7,7,-1.000,0
35.3623,-44.84,0.10,-11.90,-8.38,0.73,7,7,-1.000,0
35.3664,-44.69,0.15,-11.41,-8.19,0.57,7,7,-1.000,0
35.3706,-44.55,0.14,-10.88,-7.89,0.64,7,7,-1.000,0
35.3751,-44.38,0.18,-10.27,-7.49,0.76,7,7,-1.000,0
35.3789,-44.12,0.26,-9.89,-7.34,0.51,7,7,-1.000,0
35.3830,-43.87,0.25,-9.54,-7.29,0.46,7,7,-1.000,0
35.3872,-43.65,0.22,-9.00,-6.86,0.74,7,7,-1.000,0
35.3917,-43.52,0.13,-8.47,-6.69,0.58,7,7,-1.000,0
35.3955,-43.20,0.32,-8.00,-6.81,0.61,7,7,-1.000,0
35.3996,-43.05,0.16,-7.66,-6.80,0.39,7,7,-1.000,0
35.4039,-42.85,0.19,-6.94,-6.64,0.78,7,7,-1.000,0
35.4084,-42.79,0.07,-6.40,-6.58,0.56,7,7,-1.000,0
35.4121,-42.84,-0.05,-5.29,-6.39,1.12,7,7,-1.000,0
35.4163,-42.72,0.11,-4.71,-6.56,0.62,7,7,-1.000,0
35.4206,-42.73,-0.01,-3.82,-6.16,0.98,7,7,-1.000,0
35.4250,-42.74,-0.01,-3.15,-6.03,0.69,7,7,-1.000,0
35.4289,-42.78,-0.04,-1.76,-6.11,1.38,7,7,-1.000,0
35.4330,-42.69,0.09,-0.97,-5.75,0.88,7,7,-1.000,0
35.4372,-42.58,0.10,-0.13,-5.65,0.86,7,7,-1.000,0
35.4417,-42.64,-0.05,0.74,-5.39,0.91,7,7,-1.000,0
35.4456,-42.64,-0.01,2.16,-5.93,1.51,7,7,-1.000,0
35.4497,-42.52,0.13,2.73,-5.73,0.63,7,7,-1.000,0
35.4541,-42.42,0.09,3.52,-5.81,0.81,7,7,-1.000,0
35.4585,-42.25,0.17,4.17,-5.84,0.70,7,7,-1.000,0
35.4624,-41.95,0.30,4.57,-5.84,0.52,7,7,-1.000,0
35.4664,-41.66,0.29,4.98,-5.83,0.53,7,7,-1.000,0
35.4707,-41.17,0.48,4.99,-5.63,0.52,7,7,-1.000,0
35.4752,-40.76,0.42,5.25,-5.52,0.52,7,7,-1.000,0
35.4790,-40.34,0.42,5.28,-5.68,0.45,7,7,-1.000,0
35.4830,-39.94,0.41,5.31,-5.67,0.41,7,7,-1.000,0
35.4873,-39.17,0.76,5.08,-5.27,0.87,7,7,-1.000,0
35.4918,-38.36,0.82,5.14,-5.40,0.83,7,7,-1.000,0
35.4956,-37.89,0.47,5.00,-5.32,0.49,7,7,-1.000,0
35.4996,-37.20,0.68,5.16,-5.05,0.77,7,7,-1.000,0
35.5041,-36.64,0.56,5.14,-4.97,0.56,7,7,-1.000,0
35.5085,-35.76,0.88,4.82,-4.12,1.25,7,7,-1.000,0
35.5124,-35.33,0.43,5.29,-4.48,0.76,7,7,-1.000,0
35.5164,-34.65,0.69,5.34,-4.06,0.81,7,7,-1.000,0
35.5207,-33.89,0.76,5.75,-3.93,0.89,7,7,-1.000,0
35.5251,-33.40,0.49,6.02,-3.66,0.64,7,7,-1.000,0
35.5291,-32.96,0.44,6.22,-3.71,0.51,7,7,-1.000,0
35.5330,-32.38,0.58,7.00,-3.81,1.00,7,7,-1.000,0
35.5373,-31.98,0.40,7.09,-3.79,0.41,7,7,-1.000,0
35.5417,-31.54,0.44,7.88,-4.07,0.97,7,7,-1.000,0
35.5455,-31.05,0.49,7.89,-3.83,0.55,7,7,-1.000,0
35.5496,-30.79,0.26,8.45,-4.17,0.72,7,7,-1.000,0
35.5538,-30.31,0.48,8.71,-4.34,0.59,7,7,-1.000,0
35.5580,-29.87,0.44,8.84,-4.49,0.49,7,7,-1.000,0
35.5621,-29.46,0.41,9.22,-4.74,0.63,7,7,-1.000,0
35.5662,-28.82,0.64,9.16,-4.97,0.68,7,7,-1.000,0
35.5705,-28.51,0.31,9.24,-5.43,0.56,7,7,-1.000,0
35.5751,-27.66,0.85,9.15,-5.68,0.88,7,7,-1.000,0
35.5789,-27.12,0.54,9.23,-6.11,0.71,7,7,-1.000,0
35.5830,-26.37,0.75,8.82,-6.46,0.89,7,7,-1.000,0
35.5872,-25.27,1.10,8.49,-6.37,1.12,7,7,-1.000,0
35.5914,-24.22,1.05,8.28,-6.51,1.06,7,7,-1.000,0
35.5955,-23.27,0.95,8.47,-6.59,1.00,7,7,-1.000,0
35.5996,-22.02,1.24,7.89,-6.29,1.34,7,7,-1.000,0
35.6038,-21.07,0.96,7.82,-6.63,1.01,7,7,-1.000,0
35.6084,-19.92,1.15,7.66,-6.69,1.14,7,7,-1.000,0
35.6123,-18.80,1.11,7.55,-6.74,1.11,7,7,-1.000,0
35.6163,-17.71,1.09,7.34,-6.95,1.11,7,7,-1.000,0
35.6206,-16.57,1.14,7.21,-7.17,1.16,7,7,-1.000,0
35.6247,-15.35,1.22,6.75,-7.13,1.25,7,7,-1.000,0
35.6287,-14.22,1.13,6.55,-7.53,1.19,7,7,-1.000,0
35.6329,-12.89,1.33,6.01,-7.53,1.37,7,7,-1.000,0
35.6372,-11.55,1.34,5.59,-7.89,1.40,7,7,-1.000,0
35.6417,-10.12,1.44,4.95,-8.08,1.50,7,7,-1.000,0
35.6456,-8.56,1.55,4.28,-8.33,1.62,7,7,-1.000,0
35.6496,-6.87,1.69,3.63,-8.42,1.72,7,7,-1.000,0
35.6539,-5.14,1.73,2.78,-8.43,1.81,7,7,-1.000,0
35.6584,-3.29,1.84,2.22,-8.51,1.85,7,7,-1.000,0
35.6623,-2.04,1.26,0.97,-8.81,1.66,7,7,-1.000,0
35.6664,-0.24,1.80,-0.14,-9.05,1.97,7,7,-1.000,0
35.6707,1.72,1.96,-1.05,-8.86,2.04,7,7,-1.000,0
35.6752,3.35,1.63,-1.36,-9.46,1.71,7,7,-1.000,0
35.6789,5.24,1.89,-2.18,-8.98,1.99,7,7,-1.000,0
35.6832,6.77,1.53,-2.80,-9.13,1.57,7,7,-1.000,0
35.6873,8.16,1.39,-3.11,-8.90,1.39,7,7,-1.000,0
35.6916,9.75,1.60,-3.58,-8.75,1.60,7,7,-1.000,0
35.6956,11.21,1.46,-4.17,-8.27,1.57,7,7,-1.000,0
35.6998,12.78,1.57,-4.55,-7.82,1.63,7,7,-1.000,0
35.7039,14.40,1.61,-4.80,-7.19,1.72,7,7,-1.000,0
35.7084,15.90,1.50,-4.98,-6.93,1.51,7,7,-1.000,0
35.7123,17.62,1.72,-5.11,-6.38,1.80,7,7,-1.000,0
35.7163,18.98,1.36,-5.17,-5.87,1.45,7,7,-1.000,0
35.7206,20.46,1.47,-5.28,-5.45,1.53,7,7,-1.000,0
35.7248,22.11,1.65,-5.77,-5.22,1.69,7,7,-1.000,0
35.7289,23.45,1.34,-6.00,-4.84,1.39,7,7,-1.000,0
35.7331,25.02,1.58,-6.12,-4.51,1.61,7,7,-1.000,0
35.7374,26.73,1.71,-6.62,-4.04,1.81,7,7,-1.000,0
35.7418,27.91,1.18,-6.95,-3.58,1.29,7,7,-1.000,0
35.7457,29.53,1.62,-7.27,-3.12,1.69,7,7,-1.000,0
35.7497,30.86,1.32,-7.61,-2.87,1.37,7,7,-1.000,0
35.7540,32.39,1.53,-7.91,-2.56,1.58,7,7,-1.000,0
35.7583,34.14,1.76,-8.27,-2.17,1.82,7,7,-1.000,0
35.7624,35.66,1.52,-8.59,-1.56,1.66,7,7,-1.000,0
35.7664,37.08,1.42,-8.96,-1.21,1.50,7,7,-1.000,0
35.7707,38.52,1.44,-9.26,-0.63,1.58,7,7,-1.000,0
35.7751,40.31,1.78,-9.65,-0.02,1.92,7,7,-1.000,0
35.7791,41.77,1.46,-9.95,0.47,1.57,7,7,-1.000,0
35.7831,43.32,1.55,-10.37,1.00,1.69,7,7,-1.000,0
35.7872,44.91,1.59,-10.54,1.45,1.67,7,7,-1.000,0
35.7916,46.63,1.72,-10.80,1.89,1.80,7,7,-1.000,0
35.7958,48.08,1.45,-10.94,2.44,1.56,7,7,-1.000,0
35.7998,49.89,1.81,-11.20,2.90,1.90,7,7,-1.000,0
35.8043,51.43,1.54,-11.32,3.58,1.70,7,7,-1.000,0
35.8081,53.36,1.93,-10.96,4.13,2.01,7,7,-1.000,0
35.8123,55.18,1.82,-10.74,4.63,1.88,7,7,-1.000,0
35.8165,56.79,1.61,-10.67,5.30,1.75,7,7,-1.000,0
35.8206,58.78,1.99,-10.21,5.65,2.03,7,7,-1.000,0
35.8247,60.69,1.91,-10.05,6.32,2.01,7,7,-1.000,0
35.8290,62.55,1.87,-9.87,6.79,1.91,7,7,-1.000,0
35.8332,64.15,1.60,-9.85,7.29,1.67,7,7,-1.000,0
35.8372,66.09,1.94,-9.65,7.97,2.04,7,7,-1.000,0
35.8417,68.12,2.04,-9.64,8.56,2.12,7,7,-1.000,0
35.8456,70.19,2.07,-9.71,9.20,2.18,7,7,-1.000,0
35.8497,72.00,1.81,-9.66,9.82,1.90,7,7,-1.000,0
35.8541,73.80,1.79,-9.48,10.18,1.81,7,7,-1.000,0
35.8585,75.74,1.94,-9.53,10.73,2.03,7,7,-1.000,0
35.8624,78.00,2.26,-9.19,11.38,2.31,7,7,-1.000,0
35.8664,79.71,1.71,-9.22,11.72,1.75,7,7,-1.000,0
35.8706,81.83,2.12,-9.08,12.51,2.24,7,7,-1.000,0
35.8752,83.99,2.16,-9.03,13.16,2.24,7,7,-1.000,0
35.8791,85.87,1.89,-8.95,13.65,1.94,7,7,-1.000,0
35.8830,87.82,1.95,-8.90,14.16,2.00,7,7,-1.000,0
35.8873,89.27,1.44,-9.07,14.74,1.60,7,7,-1.000,0
35.8917,91.13,1.86,-8.94,15.30,1.92,7,7,-1.000,0
35.8956,92.96,1.84,-8.86,16.01,1.95,7,7,-1.000,0
35.8997,94.36,1.40,-8.68,16.38,1.41,7,7,-1.000,0
35.9040,95.79,1.43,-8.48,17.00,1.52,7,7,-1.000,0
35.9084,97.14,1.35,-8.23,17.61,1.44,7,7,-1.000,0
35.9124,98.47,1.33,-8.11,18.00,1.35,7,7,-1.000,0
35.9165,99.50,1.03,-7.79,18.80,1.26,7,7,-1.000,0
35.9206,100.80,1.29,-7.83,19.46,1.46,7,7,-1.000,0
35.9250,102.41,1.61,-7.41,20.09,1.65,7,7,-1.000,0
35.9292,103.42,1.01,-7.24,20.79,1.20,7,7,-1.000,0
35.9331,104.53,1.11,-7.57,22.08,1.80,7,7,-1.000,0
35.9373,105.76,1.23,-7.83,22.70,1.49,7,7,-1.000,0
35.9417,107.19,1.43,-7.72,23.27,1.50,7,7,-1.000,0
35.9459,108.06,0.87,-7.18,22.88,0.91,7,7,-1.000,0
35.9497,109.02,0.95,-7.20,23.49,1.14,7,7,-1.000,0
35.9541,110.13,1.11,-7.04,24.64,1.56,7,7,-1.000,0
35.9582,111.48,1.35,-6.76,25.16,1.36,7,7,-1.000,0
35.9625,112.80,1.32,-6.48,25.83,1.40,7,7,-1.000,0
35.9667,114.02,1.21,-6.26,26.36,1.25,7,7,-1.000,0
35.9707,115.80,1.78,-5.35,26.90,1.69,7,7,-1.000,0
35.9749,117.06,1.25,-4.77,27.75,1.40,7,7,-1.000,0
35.9788,118.50,1.44,-4.33,28.38,1.44,7,7,-1.000,0
35.9831,120.06,1.57,-3.93,29.00,1.55,7,7,-1.000,0
35.9873,121.99,1.93,-3.33,30.16,2.07,7,7,-1.000,0
35.9917,123.49,1.50,-3.00,30.89,1.54,7,7,-1.000,0
35.9956,125.25,1.76,-2.22,31.39,1.59,7,7,-1.000,0
35.9998,126.94,1.70,-1.87,31.99,1.66,7,7,-1.000,0
36.0040,128.47,1.52,-1.87,32.75,1.70,7,7,-1.000,0
36.0082,130.35,1.88,-1.45,33.32,1.78,7,7,-1.000,0
36.0123,131.99,1.64,-1.44,33.83,1.72,7,7,-1.000,0
36.0164,133.75,1.76,-0.62,34.43,1.58,7,7,-1.000,0
36.0206,135.64,1.88,-0.49,35.22,1.98,7,7,-1.000,0
36.0250,137.50,1.86,-0.17,35.80,1.79,7,7,-1.000,0
36.0292,139.25,1.75,0.26,36.07,1.56,7,7,-1.000,0
36.0332,141.08,1.84,0.77,36.68,1.70,7,7,-1.000,0
36.0373,142.78,1.70,1.27,37.29,1.58,7,7,-1.000,0
36.0415,144.87,2.09,1.92,38.38,2.08,7,7,-1.000,0
36.0456,146.62,1.74,2.49,38.72,1.50,7,7,-1.000,0
36.0496,148.62,2.00,3.07,39.56,1.89,7,7,-1.000,0
36.0540,150.48,1.87,3.78,40.28,1.68,7,7,-1.000,0
36.0584,152.25,1.77,4.35,40.97,1.61,7,7,-1.000,0
36.0622,154.15,1.90,5.02,41.55,1.65,7,7,-1.000,0
36.0664,155.64,1.49,5.34,42.57,1.65,7,7,-1.000,0
36.0706,157.61,1.97,5.98,43.09,1.69,7,7,-1.000,0
36.0748,160.05,2.44,7.29,43.71,1.91,7,7,-1.000,0
36.0788,162.05,2.00,8.31,44.67,1.77,7,7,-1.000,0
36.0830,164.49,2.43,9.44,45.51,2.00,7,7,-1.000,0
36.0873,166.53,2.04,10.17,45.97,1.67,7,7,-1.000,0
36.0917,168.59,2.07,11.23,46.67,1.65,7,7,-1.000,0
36.0957,170.99,2.39,12.45,47.50,1.91,7,7,-1.000,0
36.0997,172.87,1.88,13.43,48.05,1.44,7,7,-1.000,0
36.1043,175.32,2.46,14.76,48.73,1.84,7,7,-1.000,0
36.1103,177.63,2.30,15.95,49.29,1.70,7,7,-1.000,0
36.1143,179.93,2.30,16.95,49.76,1.74,7,7,-1.000,0
36.1183,-177.83,2.23,17.61,50.37,1.88,7,7,-1.000,0
36.1227,-174.72,3.11,19.45,51.08,2.17,7,7,-1.000,0
36.1269,-172.18,2.54,20.83,51.68,1.80,7,7,-1.000,0
36.1318,-169.52,2.66,22.10,51.51,1.85,7,7,-1.000,0
36.1359,-166.57,2.95,23.51,52.19,2.15,7,7,-1.000,0
36.1397,-164.15,2.42,25.16,52.31,1.51,7,7,-1.000,0
36.1434,-161.65,2.50,26.50,52.48,1.66,7,7,-1.000,0
36.1478,-159.21,2.44,28.02,52.56,1.55,7,7,-1.000,0
36.1515,-156.35,2.85,29.67,52.92,1.87,7,7,-1.000,0
36.1563,-153.56,2.80,31.36,52.86,1.77,7,7,-1.000,0
36.1607,-150.59,2.97,32.98,53.33,1.99,7,7,-1.000,0
36.1651,-147.88,2.71,34.65,53.59,1.71,7,7,-1.000,0
36.1686,-145.13,2.75,36.76,53.79,1.65,7,7,-1.000,0
36.1728,-142.70,2.43,38.10,53.73,1.57,7,7,-1.000,0
36.1750,-139.82,2.88,40.12,54.01,1.75,7,7,-1.000,0
36.1793,-137.22,2.60,42.16,54.18,1.54,7,7,-1.000,0
36.1832,-134.59,2.63,43.70,54.07,1.65,7,7,-1.000,0
36.1874,-131.82,2.77,45.91,54.42,1.66,7,7,-1.000,0
36.1916,-128.79,3.03,48.48,54.84,1.81,7,7,-1.000,0
36.1958,-126.14,2.65,50.67,55.49,1.65,7,7,-1.000,0
36.1997,-122.86,3.28,53.39,55.62,1.86,7,7,-1.000,0
36.2044,-120.22,2.64,55.19,55.42,1.55,7,7,-1.000,0
36.2081,-118.67,1.55,56.76,55.61,0.95,7,7,-1.000,0
36.2123,-115.82,2.84,59.03,55.94,1.64,7,7,-1.000,0
36.2163,-112.57,3.25,61.55,56.29,1.86,7,7,-1.000,0
36.2206,-109.76,2.80,63.78,56.64,1.59,7,7,-1.000,0
36.2251,-106.33,3.44,66.31,56.84,1.93,7,7,-1.000,0
36.2289,-103.87,2.46,68.51,56.92,1.35,7,7,-1.000,0
36.2331,-101.12,2.75,70.18,57.01,1.63,7,7,-1.000,0
36.2373,-97.76,3.36,72.44,57.21,1.92,7,7,-1.000,0
36.2417,-95.10,2.65,74.13,57.50,1.56,7,7,-1.000,0
36.2457,-92.74,2.36,75.46,57.41,1.43,7,7,-1.000,0
36.2497,-90.37,2.38,76.66,57.43,1.51,7,7,-1.000,0
36.2539,-87.67,2.70,78.28,57.47,1.59,7,7,-1.000,0
36.2583,-85.77,1.90,79.13,57.39,1.27,7,7,-1.000,0
36.2624,-83.09,2.68,80.79,57.45,1.56,7,7,-1.000,0
36.2664,-80.80,2.30,81.94,57.56,1.46,7,7,-1.000,0
36.2706,-78.67,2.13,83.13,57.62,1.29,7,7,-1.000,0
36.2751,-76.37,2.31,84.59,57.58,1.33,7,7,-1.000,0
36.2789,-75.41,0.96,85.59,57.72,0.56,7,7,-1.000,0
36.2831,-73.77,1.64,87.10,57.81,0.89,7,7,-1.000,0
36.2873,-71.75,2.02,88.62,58.10,1.12,7,7,-1.000,0
36.2918,-69.62,2.13,90.58,58.11,1.14,7,7,-1.000,0
36.2957,-66.77,2.85,93.05,58.04,1.51,7,7,-1.000,0
36.2997,-65.04,1.73,95.00,58.32,1.07,7,7,-1.000,0
36.3039,-62.51,2.53,97.68,58.34,1.43,7,7,-1.000,0
36.3083,-60.27,2.24,99.89,58.17,1.23,7,7,-1.000,0
36.3122,-57.60,2.67,102.44,58.09,1.44,7,7,-1.000,0
36.3163,-55.84,1.76,104.54,57.68,1.19,7,7,-1.000,0
36.3205,-53.45,2.39,107.19,57.37,1.47,7,7,-1.000,0
36.3253,-50.79,2.66,110.04,57.02,1.60,7,7,-1.000,0
36.3292,-49.08,1.71,112.00,56.98,1.07,7,7,-1.000,0
36.3330,-46.63,2.45,114.48,56.56,1.47,7,7,-1.000,0
36.3372,-44.19,2.44,116.57,56.13,1.42,7,7,-1.000,0
36.3416,-42.29,1.90,118.17,55.68,1.15,7,7,-1.000,0
36.3457,-40.29,2.00,119.90,55.47,1.15,7,7,-1.000,0
36.3496,-37.76,2.53,122.11,54.81,1.60,7,7,-1.000,0
36.3539,-35.55,2.21,123.98,54.45,1.33,7,7,-1.000,0
36.3581,-33.61,1.94,125.56,54.02,1.22,7,7,-1.000,0
36.3626,-31.52,2.08,127.46,53.72,1.28,7,7,-1.000,0
36.3664,-29.59,1.93,129.04,53.23,1.25,7,7,-1.000,0
36.3708,-27.74,1.85,130.50,52.50,1.33,7,7,-1.000,0
36.3747,-25.73,2.01,132.03,52.07,1.31,7,7,-1.000,0
36.3788,-24.03,1.70,133.43,51.65,1.13,7,7,-1.000,0
36.3829,-21.83,2.21,134.95,50.86,1.60,7,7,-1.000,0
36.3872,-20.31,1.52,135.94,50.23,1.16,7,7,-1.000,0
36.3916,-18.58,1.73,137.33,49.58,1.30,7,7,-1.000,0
36.3956,-16.85,1.73,138.66,48.52,1.55,7,7,-1.000,0
36.3996,-15.23,1.62,139.85,47.52,1.48,7,7,-1.000,0
36.4040,-13.85,1.38,140.85,46.66,1.27,7,7,-1.000,0
36.4081,-12.30,1.55,141.85,45.33,1.71,7,7,-1.000,0
36.4122,-10.89,1.41,142.73,44.29,1.45,7,7,-1.000,0
36.4163,-9.57,1.31,143.07,42.99,1.70,7,7,-1.000,0
36.4206,-8.14,1.43,143.63,41.69,1.72,7,7,-1.000,0
36.4249,-6.86,1.29,144.04,40.38,1.69,7,7,-1.000,0
36.4288,-5.56,1.30,144.37,39.13,1.67,7,7,-1.000,0
36.4330,-4.37,1.19,144.56,37.93,1.61,7,7,-1.000,0
36.4372,-2.99,1.38,144.78,36.54,1.87,7,7,-1.000,0
36.4413,-2.27,0.72,145.14,35.85,0.90,7,7,-1.000,0
36.4455,-1.31,0.96,145.34,34.52,1.59,7,7,-1.000,0
36.4496,-0.38,0.93,145.94,33.67,1.14,7,7,-1.000,0
36.4540,0.56,0.95,146.13,32.41,1.52,7,7,-1.000,0
36.4583,1.18,0.62,146.64,31.60,0.99,7,7,-1.000,0
36.4622,1.84,0.66,147.18,30.45,1.30,7,7,-1.000,0
36.4663,2.44,0.59,147.77,29.16,1.42,7,7,-1.000,0
36.4705,2.84,0.40,148.24,28.22,1.04,7,7,-1.000,0
36.4747,3.11,0.28,148.83,27.10,1.23,7,7,-1.000,0
36.4787,3.45,0.34,149.50,25.98,1.27,7,7,-1.000,0
36.4830,3.55,0.10,149.87,24.63,1.39,7,7,-1.000,0
36.4874,3.91,0.36,150.43,23.72,1.05,7,7,-1.000,0
36.4915,4.03,0.12,150.87,22.68,1.12,7,7,-1.000,0
36.4956,4.18,0.15,151.20,21.63,1.10,7,7,-1.000,0
36.4996,4.46,0.28,152.02,20.35,1.48,7,7,-1.000,0
36.5038,4.62,0.16,152.63,19.19,1.30,7,7,-1.000,0
36.5081,4.73,0.11,153.02,18.13,1.12,7,7,-1.000,0
36.5122,4.87,0.14,153.42,16.79,1.39,7,7,-1.000,0
36.5163,4.79,-0.08,154.05,15.84,1.15,7,7,-1.000,0
36.5206,4.53,-0.26,154.54,14.28,1.67,7,7,-1.000,0
36.5251,4.46,-0.07,155.24,13.02,1.45,7,7,-1.000,0
36.5290,4.24,-0.22,155.84,11.48,1.68,7,7,-1.000,0
36.5330,3.86,-0.37,156.63,10.61,1.28,7,7,-1.000,0
36.5371,3.77,-0.10,157.07,9.15,1.53,7,7,-1.000,0
36.5417,3.08,-0.69,157.77,7.55,1.92,7,7,-1.000,0
36.5456,2.78,-0.29,158.42,6.13,1.60,7,7,-1.000,0
36.5496,2.14,-0.64,158.60,4.56,1.71,7,7,-1.000,0
36.5539,1.68,-0.46,159.47,2.89,1.96,7,7,-1.000,0
36.5583,1.14,-0.54,160.31,1.61,1.63,7,7,-1.000,0
36.5624,0.39,-0.76,161.06,0.17,1.79,7,7,-1.000,0
36.5662,-0.04,-0.43,161.96,-0.81,1.40,7,7,-1.000,0
36.5705,-0.90,-0.86,162.44,-2.12,1.64,7,7,-1.000,0
36.5750,-1.46,-0.55,163.01,-2.52,0.88,7,7,-1.000,0
36.5789,-2.10,-0.65,164.00,-3.54,1.54,7,7,-1.000,0
36.5831,-3.15,-1.04,164.35,-5.19,1.97,7,7,-1.000,0
36.5873,-3.67,-0.52,164.58,-6.24,1.18,7,7,-1.000,0
36.5918,-4.71,-1.05,165.59,-7.41,1.80,7,7,-1.000,0
36.5957,-5.41,-0.70,166.09,-8.07,1.04,7,7,-1.000,0
36.5997,-6.60,-1.19,166.53,-8.45,1.27,7,7,-1.000,0
36.6040,-7.60,-1.00,166.73,-9.66,1.56,7,7,-1.000,0
36.6084,-8.45,-0.85,167.20,-10.62,1.31,7,7,-1.000,0
36.6123,-9.47,-1.03,167.62,-11.50,1.36,7,7,-1.000,0
36.6165,-10.61,-1.13,168.28,-12.16,1.36,7,7,-1.000,0
36.6207,-11.83,-1.23,168.63,-12.79,1.36,7,7,-1.000,0
36.6252,-12.96,-1.13,169.38,-12.98,1.23,7,7,-1.000,0
36.6290,-14.55,-1.59,170.37,-13.87,1.89,7,7,-1.000,0
36.6331,-15.71,-1.16,171.46,-14.21,1.42,7,7,-1.000,0
36.6373,-16.83,-1.12,171.70,-15.42,1.62,7,7,-1.000,0
36.6418,-18.30,-1.48,172.77,-16.16,1.74,7,7,-1.000,0
36.6456,-19.58,-1.28,174.01,-16.37,1.52,7,7,-1.000,0
36.6497,-21.16,-1.58,174.92,-17.13,1.76,7,7,-1.000,0
36.6539,-22.56,-1.40,176.10,-17.75,1.65,7,7,-1.000,0
36.6583,-23.91,-1.35,177.02,-18.31,1.49,7,7,-1.000,0
36.6624,-25.16,-1.25,178.25,-18.61,1.48,7,7,-1.000,0
36.6663,-26.95,-1.79,179.69,-19.26,2.01,7,7,-1.000,0
36.6706,-28.58,-1.62,-179.25,-19.19,1.62,7,7,-1.000,0
36.6750,-28.68,-0.10,-178.81,-19.72,0.67,7,7,-1.000,0
36.6789,-30.23,-1.55,-178.07,-20.33,1.59,7,7,-1.000,0
36.6830,-30.66,-0.43,-176.19,-19.17,2.12,7,7,-1.000,0
36.6872,-31.74,-1.08,-175.42,-19.19,1.10,7,7,-1.000,0
36.6917,-32.98,-1.24,-174.82,-19.68,1.28,7,7,-1.000,0
36.6955,-33.81,-0.83,-173.95,-19.37,1.03,7,7,-1.000,0
36.6996,-35.08,-1.27,-173.14,-19.59,1.28,7,7,-1.000,0
36.7039,-36.47,-1.38,-171.85,-18.70,1.78,7,7,-1.000,0
36.7083,-38.04,-1.57,-171.60,-19.03,1.55,7,7,-1.000,0
36.7122,-39.35,-1.31,-171.22,-18.77,1.27,7,7,-1.000,0
36.7163,-41.02,-1.67,-171.04,-19.10,1.66,7,7,-1.000,0
36.7207,-42.77,-1.75,-169.22,-17.90,2.41,7,7,-1.000,0
36.7251,-43.88,-1.11,-168.56,-17.47,1.19,7,7,-1.000,0
36.7290,-45.84,-1.96,-167.58,-16.83,2.02,7,7,-1.000,0
36.7331,-47.36,-1.51,-166.72,-16.63,1.53,7,7,-1.000,0
36.7372,-48.88,-1.52,-165.80,-15.91,1.70,7,7,-1.000,0
36.7417,-48.26,0.63,-164.06,-17.27,2.43,7,7,-1.000,0
36.7456,-51.20,-2.94,-163.33,-15.64,3.26,7,7,-1.000,0
36.7496,-52.61,-1.41,-162.58,-15.43,1.43,7,7,-1.000,0
36.7540,-53.47,-0.87,-162.09,-14.85,1.05,7,7,-1.000,0
36.7583,-54.45,-0.98,-163.39,-14.11,1.96,7,7,-1.000,0
36.7622,-55.50,-1.05,-162.41,-13.82,1.29,7,7,-1.000,0
36.7664,-56.73,-1.22,-162.59,-13.56,1.30,7,7,-1.000,0
36.7706,-57.89,-1.16,-162.08,-13.35,1.18,7,7,-1.000,0
36.7750,-58.91,-1.02,-160.91,-12.21,1.78,7,7,-1.000,0
36.7789,-59.76,-0.85,-159.16,-11.07,2.12,7,7,-1.000,0
36.7829,-61.45,-1.69,-158.90,-10.12,1.91,7,7,-1.000,0
36.7873,-63.06,-1.61,-158.63,-9.92,1.60,7,7,-1.000,0
36.7915,-65.48,-2.42,-158.75,-9.76,2.45,7,7,-1.000,0
36.7954,-65.69,-0.21,-157.89,-8.88,1.22,7,7,-1.000,0
36.7996,-66.48,-0.80,-156.08,-6.71,2.86,7,7,-1.000,0
36.8039,-67.85,-1.36,-155.53,-5.94,1.61,7,7,-1.000,0
36.8080,-68.98,-1.14,-154.88,-5.38,1.38,7,7,-1.000,0
36.8122,-69.58,-0.59,-154.87,-4.26,1.26,7,7,-1.000,0
36.8168,-70.88,-1.30,-154.10,-2.95,1.97,7,7,-1.000,0
36.8215,-70.97,-0.09,-153.58,-2.83,0.53,7,7,-1.000,0
36.8253,-71.96,-0.99,-152.53,-1.34,2.06,7,7,-1.000,0
36.8292,-73.19,-1.23,-152.08,-0.31,1.66,7,7,-1.000,0
36.8333,-73.83,-0.63,-152.00,0.08,0.75,7,7,-1.000,0
36.8372,-75.22,-1.39,-151.13,1.18,1.98,7,7,-1.000,0
36.8413,-75.96,-0.74,-151.51,1.25,0.83,7,7,-1.000,0
36.8454,-77.62,-1.66,-150.25,2.52,2.47,7,7,-1.000,0
36.8494,-77.87,-0.25,-149.84,3.53,1.12,7,7,-1.000,0
36.8538,-77.57,0.30,-148.79,4.47,1.42,7,7,-1.000,0
36.8583,-78.31,-0.74,-148.51,5.17,1.07,7,7,-1.000,0
36.8622,-80.34,-2.03,-148.87,5.57,2.07,7,7,-1.000,0
36.8662,-80.78,-0.44,-148.27,6.61,1.30,7,7,-1.000,0
36.8705,-79.49,1.29,-146.88,7.77,2.12,7,7,-1.000,0
36.8747,-80.02,-0.54,-146.74,8.55,0.96,7,7,-1.000,0
36.8788,-80.65,-0.63,-146.94,9.24,0.94,7,7,-1.000,0
36.8830,-81.04,-0.38,-146.46,10.46,1.39,7,7,-1.000,0
36.8873,-81.53,-0.49,-146.32,11.22,0.93,7,7,-1.000,0
36.8916,-82.12,-0.59,-146.97,10.99,0.83,7,7,-1.000,0
36.8956,-82.52,-0.40,-146.74,11.74,0.90,7,7,-1.000,0
36.8996,-83.16,-0.64,-146.97,12.41,0.92,7,7,-1.000,0
36.9040,-83.51,-0.35,-146.28,13.74,1.57,7,7,-1.000,0
36.9082,-83.43,0.08,-145.81,14.64,1.01,7,7,-1.000,0
36.9122,-83.94,-0.51,-146.22,14.78,0.59,7,7,-1.000,0
36.9162,-85.14,-1.20,-145.82,16.27,2.02,7,7,-1.000,0
36.9206,-85.73,-0.58,-146.11,16.68,0.71,7,7,-1.000,0
36.9249,-86.25,-0.52,-145.72,17.50,1.10,7,7,-1.000,0
36.9288,-85.94,0.31,-145.87,18.07,0.69,7,7,-1.000,0
36.9329,-86.97,-1.03,-145.74,19.20,1.56,7,7,-1.000,0
36.9372,-87.75,-0.79,-146.01,20.16,1.22,7,7,-1.000,0
36.9416,-88.14,-0.39,-145.48,20.59,0.88,7,7,-1.000,0
36.9456,-88.46,-0.32,-145.40,21.31,0.80,7,7,-1.000,0
36.9496,-89.29,-0.82,-145.04,22.17,1.33,7,7,-1.000,0
36.9539,-90.81,-1.52,-145.62,22.78,1.53,7,7,-1.000,0
36.9583,-91.46,-0.65,-145.48,23.32,0.90,7,7,-1.000,0
36.9622,-91.97,-0.51,-145.44,24.45,1.25,7,7,-1.000,0
36.9663,-93.73,-1.76,-145.99,24.84,1.65,7,7,-1.000,0
36.9706,-94.45,-0.72,-146.49,25.07,0.72,7,7,-1.000,0
36.9750,-95.01,-0.55,-146.37,25.93,1.06,7,7,-1.000,0
36.9788,-95.86,-0.86,-147.07,26.57,1.05,7,7,-1.000,0
36.9830,-96.42,-0.56,-147.35,27.11,0.73,7,7,-1.000,0
36.9872,-94.82,1.60,-146.16,26.80,1.53,7,7,-1.000,0
36.9917,-95.93,-1.11,-146.26,27.45,1.25,7,7,-1.000,0
36.9956,-95.99,-0.06,-145.91,28.16,0.81,7,7,-1.000,0
36.9995,-96.87,-0.89,-145.76,28.68,1.10,7,7,-1.000,0
37.0039,-97.82,-0.94,-146.04,29.18,0.98,7,7,-1.000,0
37.0083,-98.37,-0.56,-145.97,29.99,1.00,7,7,-1.000,0
37.0123,-97.09,1.29,-143.98,31.41,2.24,7,7,-1.000,0
37.0163,-97.61,-0.53,-144.02,31.82,0.65,7,7,-1.000,0
37.0207,-97.74,-0.12,-146.52,32.98,2.70,7,7,-1.000,0
37.0251,-98.59,-0.85,-145.27,33.12,1.86,7,7,-1.000,0
37.0289,-98.86,-0.27,-144.96,34.09,1.10,7,7,-1.000,0
37.0331,-99.37,-0.51,-144.23,35.39,1.70,7,7,-1.000,0
37.0373,-99.99,-0.62,-145.53,35.94,1.20,7,7,-1.000,0
37.0417,-100.19,-0.19,-144.35,37.02,1.70,7,7,-1.000,0
37.0457,-101.40,-1.22,-144.56,37.87,1.38,7,7,-1.000,0
37.0496,-102.02,-0.62,-144.51,38.56,0.95,7,7,-1.000,0
37.0539,-102.53,-0.50,-144.21,39.26,1.01,7,7,-1.000,0
37.0585,-102.87,-0.35,-143.86,39.80,0.83,7,7,-1.000,0
37.0624,-103.13,-0.25,-143.45,40.42,0.88,7,7,-1.000,0
37.0664,-103.13,-0.00,-143.11,40.84,0.53,7,7,-1.000,0
37.0707,-104.14,-1.01,-142.83,41.76,1.53,7,7,-1.000,0
37.0752,-103.96,0.19,-142.49,42.33,0.62,7,7,-1.000,0
37.0790,-104.45,-0.49,-142.94,42.33,0.38,7,7,-1.000,0
37.0831,-105.22,-0.77,-143.26,43.26,1.10,7,7,-1.000,0
37.0873,-105.36,-0.15,-143.42,43.69,0.45,7,7,-1.000,0
37.0918,-106.25,-0.88,-143.66,44.36,1.00,7,7,-1.000,0
37.0957,-106.21,0.04,-143.80,44.67,0.36,7,7,-1.000,0
37.0997,-106.34,-0.13,-143.99,45.15,0.50,7,7,-1.000,0
37.1048,-106.50,-0.16,-143.92,45.64,0.53,7,7,-1.000,0
37.1107,-107.95,-1.45,-145.49,45.77,1.15,7,7,-1.000,0
37.1145,-108.36,-0.40,-145.84,46.63,0.91,7,7,-1.000,0
37.1189,-108.83,-0.47,-145.96,47.25,0.74,7,7,-1.000,0
37.1232,-108.61,0.22,-145.33,47.78,0.72,7,7,-1.000,0
37.1274,-108.83,-0.22,-145.14,48.62,0.92,7,7,-1.000,0
37.1316,-109.96,-1.13,-146.02,49.61,1.24,7,7,-1.000,0
37.1356,-109.44,0.51,-145.10,50.49,1.08,7,7,-1.000,0
37.1394,-109.24,0.20,-144.21,50.96,0.87,7,7,-1.000,0
37.1435,-109.73,-0.49,-144.15,53.33,2.43,7,7,-1.000,0
37.1477,-110.35,-0.61,-144.56,53.97,0.74,7,7,-1.000,0
37.1520,-110.49,-0.14,-144.84,54.63,0.69,7,7,-1.000,0
37.1572,-109.62,0.87,-143.67,55.71,1.27,7,7,-1.000,0
37.1605,-109.84,-0.22,-145.25,55.65,1.40,7,7,-1.000,0
37.1654,-109.14,0.71,-144.46,56.08,0.62,7,7,-1.000,0
37.1690,-108.83,0.31,-144.43,56.71,0.69,7,7,-1.000,0
37.1725,-108.90,-0.07,-144.73,57.18,0.54,7,7,-1.000,0
37.1764,-108.28,0.62,-144.50,57.83,0.78,7,7,-1.000,0
37.1791,-107.58,0.70,-144.21,57.88,0.48,7,7,-1.000,0
37.1832,-106.39,1.19,-143.07,58.42,0.84,7,7,-1.000,0
37.1877,-105.69,0.70,-142.48,58.61,0.41,7,7,-1.000,0
37.1917,-103.93,1.76,-140.53,59.31,1.23,7,7,-1.000,0
37.1958,-102.75,1.17,-139.41,59.86,0.81,7,7,-1.000,0
37.1999,-101.53,1.23,-137.75,60.80,1.27,7,7,-1.000,0
37.2040,-98.62,2.91,-134.81,61.21,1.52,7,7,-1.000,0
37.2082,-98.08,0.54,-133.97,61.29,0.46,7,7,-1.000,0
37.2122,-97.27,0.81,-132.88,61.88,0.80,7,7,-1.000,0
37.2162,-95.87,1.40,-131.31,62.73,1.12,7,7,-1.000,0
37.2205,-94.67,1.20,-129.67,63.39,1.03,7,7,-1.000,0
37.2250,-93.05,1.62,-127.77,64.14,1.12,7,7,-1.000,0
37.2288,-93.37,-0.32,-128.56,64.70,0.77,7,7,-1.000,0
37.2328,-93.92,-0.55,-129.60,65.27,0.82,7,7,-1.000,0
37.2371,-94.33,-0.41,-130.75,65.94,1.04,7,7,-1.000,0
37.2416,-94.00,0.33,-131.20,66.71,1.08,7,7,-1.000,0
37.2454,-93.38,0.62,-131.20,67.97,1.41,7,7,-1.000,0
37.2495,-93.56,-0.19,-132.44,68.71,1.29,7,7,-1.000,0
37.2538,-92.26,1.31,-132.04,69.76,1.41,7,7,-1.000,0
37.2583,-92.84,-0.58,-133.76,70.73,1.53,7,7,-1.000,0
37.2622,-92.94,-0.10,-134.87,71.77,1.45,7,7,-1.000,0
37.2663,-92.17,0.77,-135.17,72.38,1.22,7,7,-1.000,0
37.2706,-93.57,-1.40,-137.50,73.01,1.25,7,7,-1.000,0
37.2751,-90.94,2.63,-135.53,73.77,1.21,7,7,-1.000,0
37.2789,-89.86,1.08,-134.95,74.57,0.96,7,7,-1.000,0
37.2829,-89.09,0.77,-134.82,75.69,1.29,7,7,-1.000,0
37.2872,-88.02,1.07,-134.70,76.15,1.06,7,7,-1.000,0
37.2917,-84.85,3.17,-131.73,77.18,1.27,7,7,-1.000,0
37.2956,-82.16,2.69,-129.76,77.26,0.89,7,7,-1.000,0
37.2996,-78.99,3.17,-126.92,77.86,0.95,7,7,-1.000,0
37.3039,-73.69,5.30,-121.91,79.08,1.63,7,7,-1.000,0
37.3083,-67.92,5.77,-116.54,78.64,1.23,7,7,-1.000,0
37.3123,-61.53,6.39,-110.78,79.41,1.53,7,7,-1.000,0
37.3163,-53.58,7.96,-103.21,79.50,1.48,7,7,-1.000,0
37.3206,-46.52,7.06,-96.56,79.62,1.32,7,7,-1.000,0
37.3251,-41.60,4.92,-92.04,79.34,0.99,7,7,-1.000,0
37.3289,-33.39,8.21,-84.21,79.47,1.53,7,7,-1.000,0
37.3329,-30.17,3.22,-81.96,79.21,1.12,7,7,-1.000,0
37.3373,-20.57,9.60,-73.07,80.14,2.03,7,7,-1.000,0
37.3421,-18.41,2.16,-71.40,79.69,0.74,7,7,-1.000,0
37.3456,-13.91,4.50,-68.23,79.53,1.51,7,7,-1.000,0
37.3496,-8.98,4.93,-63.84,79.27,1.05,7,7,-1.000,0
37.3539,-2.31,6.67,-58.02,79.68,1.48,7,7,-1.000,0
37.3584,4.86,7.17,-51.58,79.97,1.44,7,7,-1.000,0
37.3623,13.87,9.00,-43.43,79.95,1.72,7,7,-1.000,0
37.3663,18.82,4.95,-39.43,80.20,1.25,7,7,-1.000,0
37.3706,22.26,3.43,-36.91,80.24,1.04,7,7,-1.000,0
37.3751,29.04,6.79,-30.89,79.99,1.36,7,7,-1.000,0
37.3789,33.37,4.33,-27.05,80.16,0.88,7,7,-1.000,0
37.3830,37.60,4.23,-23.07,79.82,0.83,7,7,-1.000,0
37.3872,41.08,3.48,-19.73,79.71,0.63,7,7,-1.000,0
37.3917,42.96,1.87,-18.59,79.48,0.81,7,7,-1.000,0
37.3956,46.11,3.16,-15.22,79.01,0.80,7,7,-1.000,0
37.3996,47.96,1.85,-13.44,78.75,0.44,7,7,-1.000,0
37.4039,50.91,2.96,-9.88,77.58,1.47,7,7,-1.000,0
37.4082,51.93,1.01,-8.88,77.15,0.49,7,7,-1.000,0
37.4122,53.41,1.48,-7.44,76.37,0.85,7,7,-1.000,0
37.4162,54.36,0.95,-6.74,75.65,0.78,7,7,-1.000,0
37.4207,56.52,2.16,-4.91,74.76,1.08,7,7,-1.000,0
37.4246,56.89,0.37,-4.71,73.68,1.10,7,7,-1.000,0
37.4289,59.07,2.18,-3.00,72.44,1.44,7,7,-1.000,0
37.4330,60.02,0.95,-2.69,71.31,1.30,7,7,-1.000,0
37.4372,61.03,1.01,-1.65,69.71,1.64,7,7,-1.000,0
37.4413,61.66,0.63,-1.50,68.65,1.16,7,7,-1.000,0
37.4457,63.45,1.79,-0.18,67.72,1.20,7,7,-1.000,0
37.4498,63.91,0.46,-0.29,67.01,0.90,7,7,-1.000,0
37.4544,65.24,1.33,0.69,66.25,0.95,7,7,-1.000,0
37.4582,65.56,0.32,0.99,65.30,0.96,7,7,-1.000,0
37.4622,67.07,1.51,2.47,65.27,0.64,7,7,-1.000,0
37.4663,67.29,0.22,3.23,64.56,0.91,7,7,-1.000,0
37.4706,68.00,0.71,3.74,64.22,0.47,7,7,-1.000,0
37.4750,69.18,1.18,4.38,63.48,1.00,7,7,-1.000,0
37.4788,70.35,1.17,4.95,62.63,1.11,7,7,-1.000,0
37.4830,72.34,1.99,5.43,62.19,1.64,7,7,-1.000,0
37.4872,72.91,0.57,4.89,61.35,1.37,7,7,-1.000,0
37.4915,74.97,2.06,5.91,60.74,1.40,7,7,-1.000,0
37.4954,76.23,1.26,5.57,59.63,1.92,7,7,-1.000,0
37.4995,77.75,1.52,5.81,59.07,1.43,7,7,-1.000,0
37.5039,79.33,1.58,6.42,58.49,1.24,7,7,-1.000,0
37.5082,80.96,1.63,6.47,57.95,1.68,7,7,-1.000,0
37.5122,82.37,1.41,6.47,56.88,1.78,7,7,-1.000,0
37.5162,84.04,1.67,6.56,56.04,1.80,7,7,-1.000,0
37.5206,85.29,1.25,7.51,54.81,1.42,7,7,-1.000,0
37.5250,86.26,0.97,7.49,54.65,1.00,7,7,-1.000,0
37.5288,87.44,1.18,7.46,53.69,1.54,7,7,-1.000,0
37.5330,87.59,0.15,8.17,53.09,0.85,7,7,-1.000,0
37.5372,87.90,0.31,8.23,52.71,0.46,7,7,-1.000,0
37.5417,88.65,0.75,8.58,51.50,1.32,7,7,-1.000,0
37.5457,89.01,0.36,8.71,50.91,0.64,7,7,-1.000,0
37.5496,88.99,-0.02,8.70,50.30,0.61,7,7,-1.000,0
37.5539,88.41,-0.58,8.68,49.51,0.98,7,7,-1.000,0
37.5583,87.88,-0.53,8.69,48.39,1.24,7,7,-1.000,0
37.5623,87.28,-0.60,8.39,47.61,0.89,7,7,-1.000,0
37.5664,86.46,-0.82,8.17,46.59,1.22,7,7,-1.000,0
37.5706,85.80,-0.65,7.96,45.55,1.17,7,7,-1.000,0
37.5750,85.20,-0.60,7.85,44.52,1.15,7,7,-1.000,0
37.5789,85.06,-0.15,7.73,43.87,0.66,7,7,-1.000,0
37.5830,85.14,0.08,7.64,42.87,1.01,7,7,-1.000,0
37.5872,85.56,0.42,7.51,42.12,0.91,7,7,-1.000,0
37.5916,86.49,0.94,7.59,41.55,1.06,7,7,-1.000,0
37.5957,87.31,0.81,7.33,40.46,1.48,7,7,-1.000,0
37.5996,88.21,0.90,7.09,39.55,1.40,7,7,-1.000,0
37.6039,89.41,1.20,6.87,38.68,1.61,7,7,-1.000,0
37.6084,90.96,1.55,6.58,37.75,1.98,7,7,-1.000,0
37.6123,92.30,1.35,6.21,37.05,1.75,7,7,-1.000,0
37.6164,94.27,1.97,6.22,36.19,2.14,7,7,-1.000,0
37.6207,96.00,1.73,6.16,35.41,1.93,7,7,-1.000,0
37.6252,97.37,1.36,5.67,34.85,1.79,7,7,-1.000,0
37.6290,99.74,2.38,6.10,34.08,2.29,7,7,-1.000,0
37.6330,101.11,1.37,6.07,33.48,1.51,7,7,-1.000,0
37.6373,102.24,1.13,6.30,32.89,1.18,7,7,-1.000,0
37.6417,103.98,1.74,6.99,31.75,1.88,7,7,-1.000,0
37.6456,105.43,1.44,7.38,31.34,1.35,7,7,-1.000,0
37.6496,107.21,1.79,7.83,30.61,1.76,7,7,-1.000,0
37.6539,108.52,1.31,8.07,30.06,1.33,7,7,-1.000,0
37.6584,109.25,0.73,7.89,29.52,0.99,7,7,-1.000,0
37.6623,110.64,1.39,7.91,29.05,1.46,7,7,-1.000,0
37.6663,111.47,0.83,7.90,28.19,1.20,7,7,-1.000,0
37.6706,112.49,1.02,7.46,28.27,1.29,7,7,-1.000,0
37.6750,113.28,0.80,6.84,27.91,1.27,7,7,-1.000,0
37.6789,114.44,1.15,6.81,27.21,1.36,7,7,-1.000,0
37.6831,115.26,0.83,6.73,26.41,1.18,7,7,-1.000,0
37.6873,116.02,0.76,6.37,25.72,1.20,7,7,-1.000,0
37.6917,117.15,1.12,6.41,25.00,1.32,7,7,-1.000,0
37.6957,118.33,1.19,6.37,24.07,1.52,7,7,-1.000,0
37.6997,118.96,0.63,6.40,23.64,0.76,7,7,-1.000,0
37.7041,120.04,1.07,6.40,22.84,1.34,7,7,-1.000,0
37.7086,121.38,1.35,6.53,22.15,1.48,7,7,-1.000,0
37.7124,122.52,1.14,6.98,21.59,1.19,7,7,-1.000,0
37.7165,123.75,1.22,7.22,21.07,1.27,7,7,-1.000,0
37.7207,124.74,1.00,7.27,20.78,1.02,7,7,-1.000,0
37.7252,126.05,1.31,7.00,19.98,1.64,7,7,-1.000,0
37.7289,127.25,1.20,6.96,19.44,1.33,7,7,-1.000,0
37.7331,128.40,1.15,6.95,18.92,1.27,7,7,-1.000,0
37.7372,129.59,1.19,6.79,18.35,1.38,7,7,-1.000,0
37.7417,130.68,1.09,6.50,17.89,1.29,7,7,-1.000,0
37.7456,131.86,1.18,6.43,17.57,1.25,7,7,-1.000,0
37.7496,133.30,1.44,5.98,16.83,1.79,7,7,-1.000,0
37.7539,134.39,1.10,5.88,16.40,1.20,7,7,-1.000,0
37.7584,135.60,1.21,5.48,16.29,1.38,7,7,-1.000,0
37.7622,136.59,0.99,5.32,15.93,1.10,7,7,-1.000,0
37.7664,137.91,1.32,5.06,15.50,1.48,7,7,-1.000,0
37.7706,138.95,1.04,4.70,15.17,1.23,7,7,-1.000,0
37.7750,139.98,1.03,4.34,14.84,1.22,7,7,-1.000,0
37.7788,141.09,1.11,4.01,14.67,1.25,7,7,-1.000,0
37.7829,142.14,1.06,3.68,14.14,1.30,7,7,-1.000,0
37.7872,143.37,1.22,3.46,13.82,1.33,7,7,-1.000,0
37.7916,144.33,0.97,3.47,13.54,1.01,7,7,-1.000,0
37.7955,145.32,0.98,3.45,13.47,0.99,7,7,-1.000,0
37.7996,146.58,1.26,3.62,12.93,1.35,7,7,-1.000,0
37.8038,147.78,1.21,3.79,12.48,1.27,7,7,-1.000,0
37.8080,148.71,0.93,3.75,12.02,1.04,7,7,-1.000,0
37.8122,149.60,0.89,3.65,12.02,0.92,7,7,-1.000,0
37.8166,150.70,1.10,3.40,11.91,1.18,7,7,-1.000,0
37.8205,152.14,1.44,3.26,11.39,1.57,7,7,-1.000,0
37.8247,152.67,0.53,2.80,11.15,0.80,7,7,-1.000,0
37.8288,153.70,1.03,2.64,10.65,1.18,7,7,-1.000,0
37.8336,155.07,1.37,2.50,10.45,1.42,7,7,-1.000,0
37.8377,156.04,0.97,2.16,10.26,1.10,7,7,-1.000,0
37.8418,156.97,0.93,1.78,10.06,1.08,7,7,-1.000,0
37.8460,158.00,1.03,1.48,9.98,1.12,7,7,-1.000,0
37.8496,158.95,0.95,1.17,9.91,1.05,7,7,-1.000,0
37.8538,159.61,0.66,1.05,9.59,0.76,7,7,-1.000,0
37.8582,161.13,1.52,0.60,9.72,1.67,7,7,-1.000,0
37.8622,162.01,0.88,0.29,9.42,1.03,7,7,-1.000,0
37.8661,163.11,1.09,0.48,8.72,1.29,7,7,-1.000,0
37.8706,164.11,1.00,-0.07,8.74,1.22,7,7,-1.000,0
37.8750,165.66,1.55,-0.08,8.70,1.56,7,7,-1.000,0
37.8789,166.57,0.91,-0.40,8.27,1.10,7,7,-1.000,0
37.8829,167.88,1.31,-0.77,8.32,1.41,7,7,-1.000,0
37.8873,169.76,1.88,-1.11,8.35,1.96,7,7,-1.000,0
37.8917,171.21,1.45,-1.43,8.14,1.54,7,7,-1.000,0
37.8956,172.73,1.52,-1.75,7.92,1.61,7,7,-1.000,0
37.8996,174.23,1.50,-2.21,8.01,1.63,7,7,-1.000,0
37.9040,175.42,1.19,-2.21,7.56,1.27,7,7,-1.000,0
37.9084,176.64,1.22,-2.46,7.45,1.29,7,7,-1.000,0
37.9122,178.42,1.78,-3.61,8.42,2.45,7,7,-1.000,0
37.9163,179.74,1.32,-3.90,8.20,1.40,7,7,-1.000,0
37.9207,-178.95,1.31,-4.14,8.14,1.36,7,7,-1.000,0
37.9250,-177.69,1.27,-4.55,7.96,1.40,7,7,-1.000,0
37.9289,-176.14,1.55,-4.59,7.95,1.55,7,7,-1.000,0
37.9330,-174.94,1.20,-5.03,7.80,1.34,7,7,-1.000,0
37.9372,-173.35,1.59,-4.99,8.06,1.61,7,7,-1.000,0
37.9417,-172.23,1.12,-5.04,7.88,1.14,7,7,-1.000,0
37.9457,-171.08,1.15,-5.16,7.82,1.17,7,7,-1.000,0
37.9495,-169.83,1.26,-5.24,7.84,1.27,7,7,-1.000,0
37.9539,-169.06,0.77,-5.48,7.83,0.84,7,7,-1.000,0
37.9585,-167.82,1.23,-5.44,7.96,1.24,7,7,-1.000,0
37.9623,-167.30,0.52,-5.53,7.79,0.57,7,7,-1.000,0
37.9663,-166.36,0.94,-5.70,7.97,1.00,7,7,-1.000,0
37.9706,-165.65,0.71,-5.83,7.80,0.76,7,7,-1.000,0
37.9751,-164.67,0.98,-6.40,8.05,1.23,7,7,-1.000,0
37.9789,-163.94,0.73,-6.83,7.86,0.92,7,7,-1.000,0
37.9829,-163.32,0.62,-6.74,8.04,0.64,7,7,-1.000,0
37.9872,-162.75,0.57,-7.01,8.08,0.66,7,7,-1.000,0
37.9916,-161.90,0.85,-6.93,7.93,0.86,7,7,-1.000,0
37.9956,-161.40,0.50,-7.01,7.92,0.52,7,7,-1.000,0
37.9996,-160.85,0.55,-7.07,7.82,0.57,7,7,-1.000,0
38.0039,-160.30,0.56,-6.89,7.28,0.78,7,7,-1.000,0
38.0087,-159.84,0.46,-6.44,7.28,0.60,7,7,-1.000,0
38.0123,-159.08,0.76,-6.15,7.01,0.83,7,7,-1.000,0
38.0164,-158.64,0.44,-6.14,6.84,0.47,7,7,-1.000,0
38.0206,-158.24,0.40,-6.01,6.88,0.41,7,7,-1.000,0
38.0251,-157.52,0.72,-6.19,6.88,0.76,7,7,-1.000,0
38.0289,-156.90,0.61,-7.45,7.25,1.51,7,7,-1.000,0
38.0330,-156.78,0.12,-6.88,7.34,0.57,7,7,-1.000,0
38.0372,-156.17,0.61,-7.26,7.39,0.76,7,7,-1.000,0
38.0417,-155.76,0.41,-7.52,7.30,0.52,7,7,-1.000,0
38.0457,-155.16,0.60,-8.53,7.08,1.26,7,7,-1.000,0
38.0496,-154.80,0.36,-7.92,7.28,0.70,7,7,-1.000,0
38.0540,-154.39,0.40,-7.95,7.21,0.42,7,7,-1.000,0
38.0584,-154.03,0.37,-8.05,7.16,0.39,7,7,-1.000,0
38.0623,-153.38,0.65,-8.61,7.18,0.90,7,7,-1.000,0
38.0663,-153.10,0.28,-8.28,7.42,0.47,7,7,-1.000,0
38.0706,-152.80,0.30,-8.28,7.38,0.30,7,7,-1.000,0
38.0751,-152.01,0.79,-8.41,7.08,0.87,7,7,-1.000,0
38.0789,-151.57,0.43,-8.37,7.36,0.51,7,7,-1.000,0
38.0830,-151.43,0.14,-8.74,7.51,0.44,7,7,-1.000,0
38.0872,-150.89,0.54,-8.58,7.07,0.70,7,7,-1.000,0
38.0918,-150.49,0.41,-9.53,7.48,1.15,7,7,-1.000,0
38.0957,-150.24,0.25,-9.55,7.88,0.47,7,7,-1.000,0
38.0996,-149.76,0.47,-9.61,7.62,0.55,7,7,-1.000,0
38.1048,-149.12,0.64,-10.48,8.24,1.31,7,7,-1.000,0
38.1102,-148.19,0.93,-10.53,7.79,1.04,7,7,-1.000,0
38.1147,-148.01,0.18,-10.72,7.93,0.31,7,7,-1.000,0
38.1186,-147.56,0.45,-11.16,8.21,0.73,7,7,-1.000,0
38.1227,-147.03,0.52,-11.70,8.69,0.94,7,7,-1.000,0
38.1266,-146.22,0.81,-11.21,7.72,1.31,7,7,-1.000,0
38.1309,-145.82,0.40,-11.07,7.61,0.42,7,7,-1.000,0
38.1358,-145.53,0.30,-12.18,8.97,1.81,7,7,-1.000,0
38.1397,-144.99,0.53,-12.90,9.59,1.15,7,7,-1.000,0
38.1438,-144.51,0.49,-13.35,9.72,0.73,7,7,-1.000,0
38.1477,-144.17,0.34,-13.72,9.72,0.54,7,7,-1.000,0
38.1519,-143.51,0.66,-14.41,9.90,1.05,7,7,-1.000,0
38.1558,-143.14,0.37,-14.51,10.03,0.42,7,7,-1.000,0
38.1603,-142.61,0.53,-15.13,10.11,0.89,7,7,-1.000,0
38.1643,-141.92,0.68,-15.42,10.34,0.82,7,7,-1.000,0
38.1690,-141.81,0.12,-15.16,10.35,0.27,7,7,-1.000,0
38.1732,-141.39,0.41,-15.20,10.36,0.42,7,7,-1.000,0
38.1776,-140.69,0.70,-15.04,10.08,0.74,7,7,-1.000,0
38.1811,-139.72,0.97,-15.30,10.01,1.05,7,7,-1.000,0
38.1847,-139.42,0.31,-15.53,10.39,0.56,7,7,-1.000,0
38.1875,-139.40,0.02,-15.14,10.14,0.45,7,7,-1.000,0
38.1917,-138.99,0.41,-14.96,9.84,0.51,7,7,-1.000,0
38.1960,-138.66,0.33,-15.02,9.86,0.35,7,7,-1.000,0
38.2002,-138.43,0.22,-15.08,9.83,0.24,7,7,-1.000,0
38.2041,-137.94,0.50,-15.36,9.84,0.61,7,7,-1.000,0
38.2084,-137.54,0.39,-15.74,10.16,0.67,7,7,-1.000,0
38.2123,-137.24,0.31,-15.74,10.06,0.32,7,7,-1.000,0
38.2163,-136.90,0.33,-15.81,10.12,0.36,7,7,-1.000,0
38.2206,-135.99,0.91,-15.86,9.64,1.04,7,7,-1.000,0
38.2250,-135.56,0.43,-16.08,9.84,0.55,7,7,-1.000,0
38.2288,-135.79,-0.23,-15.73,9.86,0.45,7,7,-1.000,0
38.2330,-135.05,0.74,-16.05,10.06,0.88,7,7,-1.000,0
38.2372,-134.84,0.21,-15.90,10.16,0.26,7,7,-1.000,0
38.2417,-134.48,0.37,-16.11,10.46,0.54,7,7,-1.000,0
38.2457,-133.55,0.93,-16.17,10.43,0.94,7,7,-1.000,0
38.2496,-133.12,0.42,-16.55,10.77,0.71,7,7,-1.000,0
38.2540,-132.86,0.27,-16.61,11.10,0.43,7,7,-1.000,0
38.2583,-131.89,0.97,-16.95,11.28,1.10,7,7,-1.000,0
38.2622,-131.18,0.70,-16.90,11.23,0.70,7,7,-1.000,0
38.2663,-130.83,0.35,-16.77,11.39,0.38,7,7,-1.000,0
38.2706,-129.74,1.09,-17.24,11.61,1.29,7,7,-1.000,0
38.2751,-129.00,0.75,-17.18,11.66,0.74,7,7,-1.000,0
38.2790,-128.89,0.10,-16.74,11.97,0.53,7,7,-1.000,0
38.2830,-128.10,0.79,-16.82,11.70,0.86,7,7,-1.000,0
38.2872,-127.42,0.68,-16.88,11.69,0.69,7,7,-1.000,0
38.2916,-126.66,0.76,-16.73,11.65,0.74,7,7,-1.000,0
38.2955,-126.47,0.19,-16.22,11.59,0.50,7,7,-1.000,0
38.2996,-126.05,0.42,-16.48,11.79,0.57,7,7,-1.000,0
38.3038,-125.83,0.22,-16.38,12.12,0.41,7,7,-1.000,0
38.3082,-125.17,0.66,-16.86,12.39,0.93,7,7,-1.000,0
38.3121,-124.11,1.06,-16.34,12.10,1.11,7,7,-1.000,0
38.3161,-124.35,-0.24,-16.37,12.53,0.49,7,7,-1.000,0
38.3205,-123.58,0.78,-16.19,12.68,0.77,7,7,-1.000,0
38.3249,-122.99,0.59,-16.29,12.75,0.62,7,7,-1.000,0
38.3288,-122.71,0.28,-16.07,12.49,0.41,7,7,-1.000,0
38.3329,-122.82,-0.11,-16.71,14.08,1.71,7,7,-1.000,0
38.3371,-122.23,0.59,-16.45,13.59,0.77,7,7,-1.000,0
38.3416,-122.32,-0.09,-16.73,14.35,0.81,7,7,-1.000,0
38.3461,-121.30,1.01,-16.98,14.13,1.12,7,7,-1.000,0
38.3496,-120.96,0.34,-17.62,14.77,1.02,7,7,-1.000,0
38.3539,-121.64,-0.67,-17.19,15.07,0.93,7,7,-1.000,0
38.3581,-120.78,0.85,-18.04,15.62,1.46,7,7,-1.000,0
38.3621,-121.25,-0.47,-17.70,16.01,0.75,7,7,-1.000,0
38.3662,-120.83,0.42,-18.11,16.37,0.76,7,7,-1.000,0
38.3704,-120.96,-0.14,-18.16,16.81,0.46,7,7,-1.000,0
38.3748,-120.27,0.69,-18.88,17.24,1.22,7,7,-1.000,0
38.3789,-120.82,-0.55,-18.63,17.86,0.91,7,7,-1.000,0
38.3830,-120.59,0.24,-18.72,18.10,0.37,7,7,-1.000,0
38.3873,-120.28,0.31,-19.27,18.69,0.93,7,7,-1.000,0
38.3916,-120.31,-0.04,-19.41,19.20,0.53,7,7,-1.000,0
38.3957,-120.64,-0.32,-19.63,20.05,0.91,7,7,-1.000,0
38.3996,-119.89,0.75,-20.07,19.94,0.99,7,7,-1.000,0
38.4040,-121.10,-1.21,-20.54,21.36,1.82,7,7,-1.000,0
38.4083,-120.08,1.02,-20.50,21.11,1.04,7,7,-1.000,0
38.4123,-121.12,-1.05,-21.37,22.54,1.80,7,7,-1.000,0
38.4163,-120.93,0.19,-21.97,23.22,0.97,7,7,-1.000,0
38.4206,-120.96,-0.03,-21.75,23.31,0.24,7,7,-1.000,0
38.4249,-121.09,-0.14,-22.70,24.31,1.34,7,7,-1.000,0
38.4292,-121.50,-0.41,-23.15,25.38,1.17,7,7,-1.000,0
38.4331,-121.13,0.37,-24.02,25.87,1.19,7,7,-1.000,0
38.4372,-121.59,-0.46,-24.51,26.65,0.93,7,7,-1.000,0
38.4413,-122.36,-0.77,-25.20,27.76,1.35,7,7,-1.000,0
38.4455,-122.47,-0.11,-25.87,28.49,0.96,7,7,-1.000,0
38.4496,-123.22,-0.75,-27.33,30.04,2.01,7,7,-1.000,0
38.4540,-123.03,0.20,-28.09,30.41,0.95,7,7,-1.000,0
38.4583,-124.60,-1.57,-29.26,32.09,2.18,7,7,-1.000,0
38.4622,-125.03,-0.43,-29.88,32.72,0.83,7,7,-1.000,0
38.4663,-126.07,-1.05,-30.77,33.72,1.36,7,7,-1.000,0
38.4706,-126.79,-0.72,-31.60,34.54,1.10,7,7,-1.000,0
38.4747,-127.37,-0.58,-32.31,35.19,0.89,7,7,-1.000,0
38.4788,-128.24,-0.87,-33.17,35.95,1.10,7,7,-1.000,0
38.4829,-129.08,-0.84,-33.93,36.51,0.91,7,7,-1.000,0
38.4872,-129.74,-0.66,-35.74,37.72,1.93,7,7,-1.000,0
38.4917,-130.85,-1.10,-36.49,38.71,1.32,7,7,-1.000,0
38.4956,-131.93,-1.08,-37.59,39.43,1.19,7,7,-1.000,0
38.4996,-132.45,-0.52,-39.42,40.04,1.66,7,7,-1.000,0
38.5039,-133.46,-1.02,-39.83,40.54,0.95,7,7,-1.000,0
38.5081,-134.42,-0.95,-42.66,41.46,2.50,7,7,-1.000,0
38.5121,-135.31,-0.89,-43.06,42.07,0.92,7,7,-1.000,0
38.5163,-136.07,-0.76,-44.82,42.72,1.52,7,7,-1.000,0
38.5206,-137.25,-1.18,-45.53,43.52,1.18,7,7,-1.000,0
38.5247,-138.34,-1.09,-47.32,44.31,1.52,7,7,-1.000,0
38.5288,-138.71,-0.37,-47.17,44.45,0.50,7,7,-1.000,0
38.5330,-139.00,-0.29,-48.71,44.95,1.44,7,7,-1.000,0
38.5371,-139.76,-0.76,-50.48,45.40,1.42,7,7,-1.000,0
38.5416,-140.84,-1.08,-49.96,46.10,1.66,7,7,-1.000,0
38.5456,-141.70,-0.86,-51.91,46.77,1.60,7,7,-1.000,0
38.5496,-142.04,-0.34,-52.28,47.05,0.38,7,7,-1.000,0
38.5539,-142.70,-0.67,-53.70,47.62,1.18,7,7,-1.000,0
38.5583,-142.32,0.38,-52.38,47.38,1.10,7,7,-1.000,0
38.5623,-143.96,-1.64,-54.37,48.38,1.68,7,7,-1.000,0
38.5663,-144.61,-0.65,-56.29,49.00,1.62,7,7,-1.000,0
38.5706,-145.27,-0.66,-57.60,49.61,1.10,7,7,-1.000,0
38.5750,-146.32,-1.05,-58.18,50.20,0.92,7,7,-1.000,0
38.5788,-147.27,-0.94,-59.55,50.84,1.09,7,7,-1.000,0
38.5829,-147.33,-0.06,-61.28,51.06,1.70,7,7,-1.000,0
38.5872,-148.43,-1.10,-61.24,52.00,1.47,7,7,-1.000,0
38.5913,-149.58,-1.15,-62.92,52.60,1.20,7,7,-1.000,0
38.5956,-148.80,0.78,-63.25,52.53,1.07,7,7,-1.000,0
38.5995,-150.53,-1.73,-65.64,53.33,1.66,7,7,-1.000,0
38.6038,-152.73,-2.19,-66.38,54.49,2.01,7,7,-1.000,0
38.6082,-152.43,0.30,-66.36,54.32,0.33,7,7,-1.000,0
38.6122,-154.01,-1.58,-68.20,54.94,1.24,7,7,-1.000,0
38.6163,-155.04,-1.03,-69.31,55.13,0.67,7,7,-1.000,0
38.6205,-156.31,-1.27,-70.75,55.48,0.89,7,7,-1.000,0
38.6249,-158.01,-1.71,-72.20,56.07,1.13,7,7,-1.000,0
38.6290,-158.81,-0.79,-72.87,56.19,0.46,7,7,-1.000,0
38.6330,-161.16,-2.35,-75.66,56.63,1.61,7,7,-1.000,0
38.6372,-162.21,-1.05,-76.77,56.65,0.62,7,7,-1.000,0
38.6416,-162.83,-0.62,-77.47,56.70,0.39,7,7,-1.000,0
38.6454,-164.48,-1.65,-79.41,57.14,1.14,7,7,-1.000,0
38.6495,-165.01,-0.53,-80.24,57.27,0.50,7,7,-1.000,0
38.6540,-166.72,-1.71,-81.83,57.50,0.96,7,7,-1.000,0
38.6581,-168.31,-1.59,-83.44,57.73,0.92,7,7,-1.000,0
38.6622,-170.25,-1.94,-85.38,58.16,1.16,7,7,-1.000,0
38.6663,-171.08,-0.84,-87.23,58.24,1.23,7,7,-1.000,0
38.6706,-172.47,-1.39,-88.34,58.69,0.86,7,7,-1.000,0
38.6749,-174.11,-1.64,-90.18,59.05,1.02,7,7,-1.000,0
38.6789,-175.53,-1.42,-91.79,59.39,0.89,7,7,-1.000,0
38.6829,-176.17,-0.64,-92.58,59.65,0.48,7,7,-1.000,0
38.6873,-178.74,-2.57,-94.93,60.20,1.40,7,7,-1.000,0
38.6916,179.65,-1.61,-97.22,60.59,1.25,7,7,-1.000,0
38.6956,178.09,-1.55,-98.93,60.68,0.85,7,7,-1.000,0
38.6996,175.73,-2.36,-101.44,60.95,1.27,7,7,-1.000,0
38.7038,173.46,-2.27,-103.45,60.95,1.10,7,7,-1.000,0
38.7083,169.93,-3.53,-106.28,61.25,1.76,7,7,-1.000,0
38.7122,166.46,-3.47,-109.12,61.43,1.68,7,7,-1.000,0
38.7163,163.40,-3.06,-111.50,61.40,1.50,7,7,-1.000,0
38.7205,161.38,-2.03,-113.59,61.15,1.05,7,7,-1.000,0
38.7249,158.93,-2.44,-116.06,61.01,1.23,7,7,-1.000,0
38.7290,157.05,-1.88,-118.15,60.84,1.03,7,7,-1.000,0
38.7330,153.16,-3.90,-122.05,60.40,2.02,7,7,-1.000,0
38.7372,151.30,-1.86,-123.89,60.31,0.95,7,7,-1.000,0
38.7416,148.73,-2.57,-125.99,60.11,1.30,7,7,-1.000,0
38.7456,146.53,-2.20,-128.13,59.77,1.17,7,7,-1.000,0
38.7496,143.49,-3.04,-130.59,59.61,1.55,7,7,-1.000,0
38.7538,142.59,-0.90,-131.74,59.44,0.61,7,7,-1.000,0
38.7582,139.93,-2.65,-134.45,59.00,1.49,7,7,-1.000,0
38.7625,138.72,-1.21,-135.95,58.61,0.87,7,7,-1.000,0
38.7664,137.69,-1.03,-137.09,58.29,0.68,7,7,-1.000,0
38.7706,136.89,-0.81,-137.91,57.96,0.56,7,7,-1.000,0
38.7747,135.38,-1.51,-139.43,57.56,0.93,7,7,-1.000,0
38.7788,134.30,-1.08,-140.50,57.30,0.65,7,7,-1.000,0
38.7829,133.15,-1.14,-142.19,56.64,1.16,7,7,-1.000,0
38.7872,133.09,-0.06,-142.77,56.28,0.64,7,7,-1.000,0
38.7916,132.91,-0.18,-142.82,56.06,0.26,7,7,-1.000,0
38.7955,132.42,-0.49,-143.57,55.66,0.59,7,7,-1.000,0
38.7996,131.52,-0.89,-144.57,55.32,0.67,7,7,-1.000,0
38.8038,131.10,-0.42,-145.54,54.82,0.83,7,7,-1.000,0
38.8081,130.54,-0.56,-146.47,54.64,0.60,7,7,-1.000,0
38.8123,130.30,-0.24,-147.18,54.44,0.58,7,7,-1.000,0
38.8167,129.68,-0.62,-147.45,54.69,0.50,7,7,-1.000,0
38.8205,128.89,-0.78,-149.30,53.80,1.57,7,7,-1.000,0
38.8248,129.08,0.19,-148.91,54.34,0.61,7,7,-1.000,0
38.8290,128.48,-0.60,-149.90,54.24,0.62,7,7,-1.000,0
38.8331,127.93,-0.55,-150.16,54.43,0.42,7,7,-1.000,0
38.8373,127.70,-0.23,-150.95,54.27,0.63,7,7,-1.000,0
38.8416,127.05,-0.65,-151.70,54.23,0.45,7,7,-1.000,0
38.8455,126.71,-0.34,-152.14,54.23,0.26,7,7,-1.000,0
38.8499,126.70,-0.01,-152.65,54.04,0.54,7,7,-1.000,0
38.8542,126.56,-0.14,-152.94,53.92,0.23,7,7,-1.000,0
38.8588,127.08,0.52,-152.51,54.29,0.48,7,7,-1.000,0
38.8626,126.11,-0.98,-153.24,53.91,0.69,7,7,-1.000,0
38.8665,126.66,0.56,-152.89,53.89,0.34,7,7,-1.000,0
38.8706,126.45,-0.21,-153.88,53.50,0.91,7,7,-1.000,0
38.8746,124.79,-1.66,-154.63,53.27,1.17,7,7,-1.000,0
38.8788,124.50,-0.29,-155.08,52.59,0.74,7,7,-1.000,0
38.8828,125.80,1.30,-154.59,52.96,1.03,7,7,-1.000,0
38.8874,124.81,-0.99,-155.33,52.46,0.79,7,7,-1.000,0
38.8913,124.00,-0.82,-155.39,52.36,0.78,7,7,-1.000,0
38.8954,123.82,-0.17,-156.29,51.51,1.15,7,7,-1.000,0
38.8995,124.32,0.49,-156.26,51.51,0.47,7,7,-1.000,0
38.9039,122.48,-1.83,-157.10,51.14,1.34,7,7,-1.000,0
38.9081,122.37,-0.11,-156.89,51.14,0.30,7,7,-1.000,0
38.9121,122.40,0.03,-157.60,50.37,1.06,7,7,-1.000,0
38.9162,123.22,0.82,-157.56,50.11,0.82,7,7,-1.000,0
38.9206,122.45,-0.77,-157.76,50.12,0.63,7,7,-1.000,0
38.9250,122.26,-0.19,-158.97,48.91,1.62,7,7,-1.000,0
38.9289,122.69,0.43,-158.69,49.12,0.36,7,7,-1.000,0
38.9329,122.68,-0.02,-158.97,48.67,0.52,7,7,-1.000,0
38.9372,122.20,-0.47,-159.08,48.63,0.40,7,7,-1.000,0
38.9417,123.15,0.95,-159.17,48.22,1.10,7,7,-1.000,0
38.9456,123.23,0.08,-159.45,47.85,0.51,7,7,-1.000,0
38.9496,122.71,-0.52,-159.66,47.84,0.39,7,7,-1.000,0
38.9539,122.50,-0.21,-160.00,47.59,0.34,7,7,-1.000,0
38.9583,122.74,0.24,-160.17,47.37,0.44,7,7,-1.000,0
38.9623,122.50,-0.25,-160.38,47.29,0.19,7,7,-1.000,0
38.9662,122.55,0.06,-160.31,47.24,0.07,7,7,-1.000,0
38.9705,122.76,0.20,-160.75,46.97,0.66,7,7,-1.000,0
38.9750,122.08,-0.68,-161.67,46.84,0.64,7,7,-1.000,0
38.9788,121.30,-0.78,-162.43,46.57,0.63,7,7,-1.000,0
38.9830,121.20,-0.10,-162.71,46.35,0.31,7,7,-1.000,0
38.9872,121.06,-0.14,-162.77,46.16,0.21,7,7,-1.000,0
38.9918,120.68,-0.38,-163.03,45.58,0.64,7,7,-1.000,0
38.9957,120.38,-0.30,-163.19,45.39,0.29,7,7,-1.000,0
38.9995,119.86,-0.53,-163.49,45.22,0.41,7,7,-1.000,0
39.0039,119.53,-0.33,-163.59,44.96,0.37,7,7,-1.000,0
39.0085,119.45,-0.08,-163.72,44.53,0.44,7,7,-1.000,0
39.0122,119.38,-0.07,-163.77,44.20,0.33,7,7,-1.000,0
39.0163,118.72,-0.67,-164.03,43.91,0.59,7,7,-1.000,0
39.0206,118.83,0.11,-163.96,43.55,0.37,7,7,-1.000,0
39.0251,118.88,0.05,-163.76,43.24,0.35,7,7,-1.000,0
39.0289,118.78,-0.10,-163.92,42.85,0.41,7,7,-1.000,0
39.0331,118.67,-0.11,-164.08,42.49,0.38,7,7,-1.000,0
39.0373,118.43,-0.24,-164.29,42.07,0.46,7,7,-1.000,0
39.0418,118.40,-0.02,-164.33,41.88,0.19,7,7,-1.000,0
39.0456,118.56,0.16,-164.07,41.67,0.28,7,7,-1.000,0
39.0497,118.38,-0.18,-164.50,41.24,0.55,7,7,-1.000,0
39.0541,118.07,-0.32,-164.77,41.24,0.25,7,7,-1.000,0
39.0584,118.63,0.56,-164.20,41.20,0.47,7,7,-1.000,0
39.0622,117.69,-0.93,-164.60,41.13,0.74,7,7,-1.000,0
39.0663,117.07,-0.62,-164.90,40.91,0.53,7,7,-1.000,0
39.0706,117.10,0.03,-164.79,40.61,0.32,7,7,-1.000,0
39.0750,116.58,-0.52,-165.16,40.26,0.53,7,7,-1.000,0
39.0788,116.17,-0.41,-165.05,40.05,0.53,7,7,-1.000,0
39.0829,115.05,-1.12,-165.47,39.50,1.06,7,7,-1.000,0
39.0872,114.47,-0.58,-165.27,39.25,0.77,7,7,-1.000,0
39.0916,113.69,-0.78,-165.20,39.11,0.83,7,7,-1.000,0
39.0956,112.74,-0.96,-165.10,38.51,1.19,7,7,-1.000,0
39.0995,112.32,-0.41,-164.32,38.15,1.14,7,7,-1.000,0
39.1048,111.86,-0.46,-163.93,37.48,1.02,7,7,-1.000,0
39.1100,111.11,-0.75,-163.48,37.09,1.15,7,7,-1.000,0
39.1142,110.61,-0.50,-162.83,36.61,1.13,7,7,-1.000,0
39.1181,109.75,-0.86,-161.98,36.43,1.54,7,7,-1.000,0
39.1227,108.87,-0.88,-161.74,35.71,1.27,7,7,-1.000,0
39.1267,107.99,-0.88,-161.37,35.14,1.27,7,7,-1.000,0
39.1315,107.53,-0.46,-160.61,34.69,1.18,7,7,-1.000,0
39.1352,106.76,-0.77,-160.13,33.99,1.32,7,7,-1.000,0
39.1397,105.97,-0.78,-159.93,33.26,1.17,7,7,-1.000,0
39.1434,105.32,-0.66,-159.37,32.82,1.16,7,7,-1.000,0
39.1469,104.57,-0.74,-159.16,32.06,1.16,7,7,-1.000,0
39.1508,104.02,-0.56,-158.90,31.20,1.12,7,7,-1.000,0
39.1556,103.40,-0.61,-158.60,30.84,0.88,7,7,-1.000,0
39.1600,103.03,-0.38,-158.41,30.05,0.94,7,7,-1.000,0
39.1641,102.34,-0.69,-158.14,29.50,1.02,7,7,-1.000,0
39.1684,102.16,-0.18,-157.72,29.05,0.69,7,7,-1.000,0
39.1734,101.60,-0.56,-157.49,28.77,0.76,7,7,-1.000,0
39.1760,101.00,-0.59,-157.41,28.44,0.72,7,7,-1.000,0
39.1791,100.31,-0.69,-157.32,28.17,0.79,7,7,-1.000,0
39.1833,100.22,-0.09,-156.73,27.97,0.66,7,7,-1.000,0
39.1872,99.59,-0.63,-156.58,27.98,0.71,7,7,-1.000,0
39.1913,99.08,-0.51,-156.32,27.74,0.72,7,7,-1.000,0
39.1954,98.51,-0.56,-156.07,27.44,0.77,7,7,-1.000,0
39.1995,97.76,-0.75,-155.76,27.29,0.94,7,7,-1.000,0
39.2039,97.11,-0.65,-155.54,27.19,0.79,7,7,-1.000,0
39.2083,96.89,-0.22,-154.75,26.97,0.94,7,7,-1.000,0
39.2122,96.33,-0.55,-154.39,26.82,0.80,7,7,-1.000,0
39.2163,96.02,-0.31,-153.75,26.64,0.85,7,7,-1.000,0
39.2206,95.64,-0.38,-153.32,26.26,0.78,7,7,-1.000,0
39.2250,95.26,-0.38,-152.82,25.83,0.87,7,7,-1.000,0
39.2289,94.73,-0.53,-152.37,25.57,0.86,7,7,-1.000,0
39.2330,94.33,-0.40,-151.81,25.14,0.93,7,7,-1.000,0
39.2372,94.10,-0.23,-151.25,24.98,0.71,7,7,-1.000,0
39.2418,93.70,-0.40,-150.77,24.82,0.76,7,7,-1.000,0
39.2455,93.34,-0.36,-150.38,24.50,0.70,7,7,-1.000,0
39.2495,92.74,-0.61,-149.94,24.34,0.90,7,7,-1.000,0
39.2539,92.42,-0.31,-149.58,24.14,0.60,7,7,-1.000,0
39.2583,92.11,-0.31,-149.11,23.83,0.74,7,7,-1.000,0
39.2623,91.57,-0.54,-148.93,23.72,0.64,7,7,-1.000,0
39.2663,90.99,-0.58,-148.61,23.26,0.89,7,7,-1.000,0
39.2707,90.33,-0.66,-148.35,23.13,0.81,7,7,-1.000,0
39.2750,89.83,-0.49,-147.74,22.86,0.97,7,7,-1.000,0
39.2789,89.52,-0.31,-147.20,22.78,0.72,7,7,-1.000,0
39.2831,89.23,-0.29,-146.88,22.60,0.54,7,7,-1.000,0
39.2873,89.01,-0.23,-146.17,22.33,0.87,7,7,-1.000,0
39.2915,88.26,-0.75,-145.79,22.26,0.96,7,7,-1.000,0
39.2955,87.69,-0.57,-145.31,21.94,0.93,7,7,-1.000,0
39.2996,87.46,-0.23,-144.44,21.83,0.99,7,7,-1.000,0
39.3039,86.72,-0.74,-144.22,21.47,0.92,7,7,-1.000,0
39.3084,86.29,-0.43,-143.52,21.14,1.00,7,7,-1.000,0
39.3123,85.84,-0.44,-142.47,21.07,1.29,7,7,-1.000,0
39.3163,84.87,-0.98,-142.53,20.55,1.09,7,7,-1.000,0
39.3206,84.50,-0.37,-141.63,20.78,1.12,7,7,-1.000,0
39.3247,83.44,-1.06,-141.21,20.70,1.27,7,7,-1.000,0
39.3288,83.12,-0.32,-140.69,20.15,0.89,7,7,-1.000,0
39.3330,82.16,-0.97,-139.99,20.33,1.38,7,7,-1.000,0
39.3372,81.37,-0.79,-139.53,20.17,1.05,7,7,-1.000,0
39.3420,80.64,-0.74,-139.10,20.10,0.97,7,7,-1.000,0
39.3457,79.80,-0.84,-138.70,19.79,1.10,7,7,-1.000,0
39.3496,79.08,-0.71,-138.09,19.79,1.08,7,7,-1.000,0
39.3540,78.44,-0.64,-137.55,19.69,0.97,7,7,-1.000,0
39.3589,78.40,-0.04,-136.94,19.91,0.67,7,7,-1.000,0
39.3623,77.09,-1.31,-136.73,19.46,1.46,7,7,-1.000,0
39.3664,76.70,-0.40,-136.07,19.28,0.90,7,7,-1.000,0
39.3707,75.55,-1.14,-135.98,19.10,1.19,7,7,-1.000,0
39.3750,74.99,-0.56,-135.63,18.96,0.76,7,7,-1.000,0
39.3789,74.38,-0.62,-135.24,18.64,0.89,7,7,-1.000,0
39.3830,73.47,-0.91,-134.76,18.37,1.19,7,7,-1.000,0
39.3874,72.85,-0.62,-134.51,18.18,0.76,7,7,-1.000,0
39.3917,72.64,-0.20,-134.04,18.10,0.58,7,7,-1.000,0
39.3958,71.79,-0.86,-133.64,17.80,1.09,7,7,-1.000,0
39.3997,71.30,-0.49,-133.15,17.52,0.84,7,7,-1.000,0
39.4041,70.79,-0.51,-132.70,17.50,0.78,7,7,-1.000,0
39.4083,70.29,-0.49,-132.15,17.22,0.88,7,7,-1.000,0
39.4123,69.83,-0.47,-131.86,17.06,0.64,7,7,-1.000,0
39.4164,69.12,-0.71,-131.36,16.89,0.99,7,7,-1.000,0
39.4207,68.56,-0.56,-131.16,16.82,0.66,7,7,-1.000,0
39.4251,67.99,-0.56,-130.81,16.73,0.75,7,7,-1.000,0
39.4289,67.60,-0.40,-130.53,16.60,0.57,7,7,-1.000,0
39.4331,66.60,-0.99,-130.07,16.15,1.28,7,7,-1.000,0
39.4374,66.21,-0.39,-129.82,16.13,0.52,7,7,-1.000,0
39.4418,65.31,-0.90,-129.43,15.84,1.11,7,7,-1.000,0
39.4457,64.41,-0.90,-129.12,15.72,1.03,7,7,-1.000,0
39.4497,63.75,-0.66,-128.65,15.67,0.91,7,7,-1.000,0
39.4540,62.57,-1.18,-128.46,15.28,1.30,7,7,-1.000,0
39.4583,61.85,-0.72,-127.74,15.12,1.16,7,7,-1.000,0
39.4623,61.31,-0.54,-127.27,14.88,0.84,7,7,-1.000,0
39.4664,60.27,-1.04,-126.99,14.71,1.15,7,7,-1.000,0
39.4707,59.33,-0.94,-126.62,14.44,1.13,7,7,-1.000,0
39.4750,58.15,-1.19,-126.23,14.24,1.35,7,7,-1.000,0
39.4789,57.97,-0.18,-125.70,13.91,0.69,7,7,-1.000,0
39.4830,56.97,-1.00,-125.31,13.44,1.24,7,7,-1.000,0
39.4873,56.23,-0.74,-124.80,13.11,1.04,7,7,-1.000,0
39.4916,55.59,-0.64,-124.33,12.94,0.89,7,7,-1.000,0
39.4956,54.68,-0.90,-123.93,12.29,1.25,7,7,-1.000,0
39.4997,53.85,-0.84,-123.46,12.24,1.04,7,7,-1.000,0
39.5040,53.27,-0.58,-123.09,11.67,0.94,7,7,-1.000,0
39.5085,52.22,-1.05,-123.07,11.10,1.20,7,7,-1.000,0
39.5124,51.87,-0.35,-122.91,11.14,0.41,7,7,-1.000,0
39.5164,50.77,-1.10,-122.50,10.45,1.43,7,7,-1.000,0
39.5206,49.92,-0.85,-122.46,10.38,0.86,7,7,-1.000,0
39.5252,49.44,-0.48,-122.15,9.85,0.80,7,7,-1.000,0
39.5291,48.91,-0.54,-122.13,9.75,0.55,7,7,-1.000,0
39.5331,48.19,-0.72,-121.71,9.71,0.89,7,7,-1.000,0
39.5373,47.18,-1.00,-121.73,8.99,1.23,7,7,-1.000,0
39.5417,47.38,0.20,-121.52,9.21,0.34,7,7,-1.000,0
39.5462,45.87,-1.51,-120.96,8.80,1.74,7,7,-1.000,0
39.5499,45.62,-0.25,-121.18,8.78,0.31,7,7,-1.000,0
39.5542,44.28,-1.34,-121.24,8.31,1.41,7,7,-1.000,0
39.5586,43.94,-0.33,-120.98,8.20,0.47,7,7,-1.000,0
39.5625,42.93,-1.02,-121.15,7.63,1.16,7,7,-1.000,0
39.5665,42.75,-0.18,-120.99,7.76,0.29,7,7,-1.000,0
39.5708,41.60,-1.15,-121.01,7.07,1.34,7,7,-1.000,0
39.5750,41.01,-0.58,-120.95,6.79,0.66,7,7,-1.000,0
39.5789,40.38,-0.64,-121.20,6.41,0.76,7,7,-1.000,0
39.5831,39.38,-1.00,-121.27,6.08,1.05,7,7,-1.000,0
39.5874,39.36,-0.02,-121.01,5.72,0.44,7,7,-1.000,0
39.5919,37.99,-1.37,-121.50,5.35,1.45,7,7,-1.000,0
39.5959,37.62,-0.37,-121.58,5.40,0.37,7,7,-1.000,0
39.5998,36.71,-0.91,-121.64,4.95,1.01,7,7,-1.000,0
39.6041,36.31,-0.40,-121.26,4.81,0.59,7,7,-1.000,0
39.6086,35.62,-0.69,-121.94,4.61,0.95,7,7,-1.000,0
39.6124,34.72,-0.90,-122.07,4.44,0.91,7,7,-1.000,0
39.6164,34.07,-0.65,-122.26,4.74,0.73,7,7,-1.000,0
39.6207,33.99,-0.08,-122.52,5.17,0.51,7,7,-1.000,0
39.6253,33.13,-0.86,-122.79,5.45,0.92,7,7,-1.000,0
39.6291,32.35,-0.78,-123.14,5.56,0.83,7,7,-1.000,0
39.6331,31.60,-0.76,-123.32,5.71,0.78,7,7,-1.000,0
39.6374,31.09,-0.51,-123.65,5.90,0.61,7,7,-1.000,0
39.6419,29.98,-1.10,-124.07,6.14,1.17,7,7,-1.000,0
39.6457,28.71,-1.27,-124.45,6.20,1.29,7,7,-1.000,0
39.6497,28.09,-0.62,-124.56,6.45,0.67,7,7,-1.000,0
39.6540,27.24,-0.85,-125.03,6.59,0.93,7,7,-1.000,0
39.6585,26.37,-0.86,-125.36,6.63,0.89,7,7,-1.000,0
39.6624,25.10,-1.28,-125.91,6.72,1.33,7,7,-1.000,0
39.6664,24.36,-0.73,-126.25,6.89,0.79,7,7,-1.000,0
39.6707,23.89,-0.47,-126.21,7.01,0.49,7,7,-1.000,0
39.6753,22.91,-0.98,-126.57,7.35,1.06,7,7,-1.000,0
39.6790,22.13,-0.78,-126.99,7.32,0.84,7,7,-1.000,0
39.6830,21.30,-0.83,-127.16,7.09,0.86,7,7,-1.000,0
39.6874,20.87,-0.43,-127.50,7.18,0.52,7,7,-1.000,0
39.6918,20.39,-0.48,-127.52,7.43,0.54,7,7,-1.000,0
39.6956,19.61,-0.78,-128.02,7.35,0.87,7,7,-1.000,0
39.6997,18.71,-0.90,-128.47,7.17,0.97,7,7,-1.000,0
39.7039,18.42,-0.29,-128.35,7.41,0.41,7,7,-1.000,0
39.7084,17.83,-0.58,-128.65,7.46,0.62,7,7,-1.000,0
39.7122,17.25,-0.58,-128.99,7.32,0.65,7,7,-1.000,0
39.7163,16.74,-0.51,-129.02,7.10,0.55,7,7,-1.000,0
39.7206,15.71,-1.03,-129.70,6.89,1.18,7,7,-1.000,0
39.7250,15.72,0.00,-129.49,7.19,0.36,7,7,-1.000,0
39.7289,14.83,-0.88,-129.75,6.80,0.97,7,7,-1.000,0
39.7329,13.82,-1.01,-130.15,6.67,1.05,7,7,-1.000,0
39.7373,13.80,-0.03,-129.84,6.68,0.32,7,7,-1.000,0
39.7417,12.91,-0.89,-130.27,6.39,0.99,7,7,-1.000,0
39.7456,12.12,-0.79,-130.16,6.42,0.81,7,7,-1.000,0
39.7496,11.03,-1.08,-130.57,6.27,1.12,7,7,-1.000,0
39.7539,10.75,-0.29,-130.62,6.33,0.29,7,7,-1.000,0
39.7585,9.67,-1.08,-130.80,6.18,1.09,7,7,-1.000,0
39.7623,9.64,-0.02,-130.87,6.45,0.28,7,7,-1.000,0
39.7663,8.88,-0.76,-130.68,6.43,0.81,7,7,-1.000,0
39.7706,8.14,-0.74,-131.15,6.29,0.84,7,7,-1.000,0
39.7751,7.65,-0.49,-130.80,6.38,0.64,7,7,-1.000,0
39.7789,6.79,-0.86,-131.19,6.23,0.91,7,7,-1.000,0
39.7829,6.13,-0.66,-131.15,6.41,0.69,7,7,-1.000,0
39.7873,6.19,0.05,-131.32,6.46,0.19,7,7,-1.000,0
39.7917,5.37,-0.81,-131.22,6.62,0.84,7,7,-1.000,0
39.7956,4.53,-0.84,-131.37,6.73,0.85,7,7,-1.000,0
39.7996,3.95,-0.58,-131.37,6.78,0.58,7,7,-1.000,0
39.8040,3.39,-0.56,-131.52,7.03,0.61,7,7,-1.000,0
39.8080,2.35,-1.04,-131.67,7.05,1.04,7,7,-1.000,0
39.8124,1.40,-0.95,-131.54,7.13,0.98,7,7,-1.000,0
39.8165,1.19,-0.21,-131.54,7.57,0.48,7,7,-1.000,0
39.8207,0.87,-0.32,-131.29,7.42,0.46,7,7,-1.000,0
39.8248,0.24,-0.63,-131.52,7.48,0.64,7,7,-1.000,0
39.8291,-0.59,-0.83,-131.53,7.54,0.83,7,7,-1.000,0
39.8331,-1.25,-0.67,-131.69,7.30,0.71,7,7,-1.000,0
39.8372,-1.42,-0.17,-131.34,7.70,0.58,7,7,-1.000,0
39.8416,-2.73,-1.31,-131.47,7.75,1.30,7,7,-1.000,0
39.8456,-3.04,-0.32,-131.04,8.17,0.71,7,7,-1.000,0
39.8496,-4.24,-1.20,-131.05,7.75,1.27,7,7,-1.000,0
39.8539,-4.76,-0.51,-131.02,7.52,0.57,7,7,-1.000,0
39.8583,-5.41,-0.65,-130.88,7.53,0.68,7,7,-1.000,0
39.8622,-6.14,-0.73,-130.66,7.43,0.80,7,7,-1.000,0
39.8664,-6.71,-0.57,-130.30,7.58,0.73,7,7,-1.000,0
39.8710,-7.42,-0.71,-130.35,7.27,0.78,7,7,-1.000,0
39.8753,-8.06,-0.64,-130.25,6.90,0.75,7,7,-1.000,0
39.8789,-9.36,-1.30,-130.23,6.60,1.33,7,7,-1.000,0
39.8829,-9.84,-0.48,-130.35,6.39,0.53,7,7,-1.000,0
39.8873,-10.70,-0.87,-130.19,5.96,1.00,7,7,-1.000,0
39.8918,-11.50,-0.79,-130.20,5.67,0.84,7,7,-1.000,0
39.8956,-11.99,-0.50,-130.10,5.57,0.53,7,7,-1.000,0
39.8996,-12.84,-0.84,-130.14,5.26,0.89,7,7,-1.000,0
39.9038,-13.26,-0.42,-130.12,4.92,0.55,7,7,-1.000,0
39.9082,-13.78,-0.52,-130.20,4.86,0.52,7,7,-1.000,0
39.9123,-14.06,-0.29,-130.47,4.55,0.49,7,7,-1.000,0
39.9162,-14.38,-0.31,-130.81,4.20,0.56,7,7,-1.000,0
39.9206,-14.89,-0.51,-130.59,4.22,0.57,7,7,-1.000,0
39.9249,-15.37,-0.48,-130.80,4.08,0.53,7,7,-1.000,0
39.9288,-15.87,-0.50,-131.34,3.94,0.73,7,7,-1.000,0
39.9329,-16.41,-0.54,-131.80,3.85,0.69,7,7,-1.000,0
39.9372,-17.13,-0.72,-132.30,3.69,0.86,7,7,-1.000,0
39.9416,-17.29,-0.16,-132.64,3.51,0.40,7,7,-1.000,0
39.9456,-17.64,-0.36,-133.04,3.50,0.52,7,7,-1.000,0
39.9496,-18.18,-0.54,-133.70,3.19,0.89,7,7,-1.000,0
39.9538,-18.30,-0.12,-133.84,2.99,0.27,7,7,-1.000,0
39.9584,-18.86,-0.56,-134.30,2.96,0.71,7,7,-1.000,0
39.9623,-18.85,0.02,-134.90,2.58,0.71,7,7,-1.000,0
39.9663,-19.14,-0.30,-135.19,2.52,0.41,7,7,-1.000,0
39.9705,-19.49,-0.35,-135.28,2.27,0.43,7,7,-1.000,0
39.9747,-19.54,-0.05,-135.78,2.06,0.54,7,7,-1.000,0
39.9788,-19.59,-0.05,-135.84,1.94,0.14,7,7,-1.000,0
39.9829,-19.75,-0.15,-136.43,1.41,0.80,7,7,-1.000,0
39.9872,-19.74,0.01,-136.62,1.29,0.23,7,7,-1.000,0
39.9917,-20.23,-0.49,-137.18,0.84,0.86,7,7,-1.000,0
39.9955,-20.16,0.07,-137.27,0.62,0.26,7,7,-1.000,0
39.9996,-20.36,-0.20,-137.52,0.24,0.49,7,7,-1.000,0
40.0039,-19.78,0.58,-137.65,0.22,0.60,7,7,-1.000,0
40.0085,-20.25,-0.47,-138.11,-0.06,0.71,7,7,-1.000,0
40.0122,-21.08,-0.83,-138.51,-0.69,1.11,7,7,-1.000,0
40.0163,-20.84,0.23,-139.04,-0.73,0.58,7,7,-1.000,0
40.0205,-20.94,-0.09,-139.33,-0.98,0.40,7,7,-1.000,0
40.0249,-21.41,-0.47,-139.87,-1.46,0.87,7,7,-1.000,0
40.0288,-21.43,-0.03,-140.28,-1.60,0.43,7,7,-1.000,0
40.0329,-21.15,0.28,-140.52,-1.69,0.38,7,7,-1.000,0
40.0372,-21.28,-0.13,-141.15,-2.14,0.79,7,7,-1.000,0
40.0417,-21.72,-0.44,-141.52,-2.51,0.69,7,7,-1.000,0
40.0456,-22.20,-0.48,-141.72,-2.77,0.59,7,7,-1.000,0
40.0496,-22.17,0.03,-142.16,-2.80,0.44,7,7,-1.000,0
40.0539,-22.34,-0.17,-142.77,-3.20,0.76,7,7,-1.000,0
40.0584,-22.61,-0.27,-143.00,-3.36,0.39,7,7,-1.000,0
40.0623,-23.07,-0.46,-143.45,-3.56,0.70,7,7,-1.000,0
40.0663,-23.11,-0.04,-144.02,-3.77,0.61,7,7,-1.000,0
40.0705,-22.74,0.36,-144.13,-3.81,0.37,7,7,-1.000,0
40.0747,-22.84,-0.10,-144.50,-4.06,0.47,7,7,-1.000,0
40.0788,-22.60,0.24,-144.81,-4.03,0.38,7,7,-1.000,0
40.0828,-22.84,-0.23,-145.08,-4.19,0.40,7,7,-1.000,0
40.0876,-22.98,-0.15,-145.31,-4.24,0.29,7,7,-1.000,0
40.0918,-23.13,-0.15,-145.64,-4.30,0.38,7,7,-1.000,0
40.0956,-23.02,0.12,-145.93,-4.34,0.30,7,7,-1.000,0
40.0998,-23.31,-0.29,-146.48,-4.73,0.75,7,7,-1.000,0
40.1062,-23.68,-0.37,-146.61,-4.71,0.41,7,7,-1.000,0
40.1106,-23.77,-0.09,-146.98,-4.80,0.40,7,7,-1.000,0
40.1143,-24.11,-0.34,-147.47,-5.15,0.71,7,7,-1.000,0
40.1184,-24.22,-0.11,-147.62,-5.08,0.20,7,7,-1.000,0
40.1230,-24.50,-0.28,-148.22,-5.15,0.69,7,7,-1.000,0
40.1271,-24.76,-0.25,-148.63,-5.34,0.54,7,7,-1.000,0
40.1311,-24.94,-0.18,-148.81,-5.30,0.27,7,7,-1.000,0
40.1352,-24.85,0.09,-149.08,-5.11,0.33,7,7,-1.000,0
40.1392,-24.78,0.07,-149.48,-5.15,0.41,7,7,-1.000,0
40.1433,-24.91,-0.13,-149.34,-4.97,0.26,7,7,-1.000,0
40.1475,-24.77,0.14,-149.57,-4.86,0.28,7,7,-1.000,0
40.1517,-25.02,-0.25,-149.83,-5.07,0.43,7,7,-1.000,0
40.1568,-25.18,-0.16,-149.62,-4.87,0.32,7,7,-1.000,0
40.1603,-24.96,0.22,-149.64,-4.86,0.22,7,7,-1.000,0
40.1649,-24.66,0.30,-149.67,-4.79,0.31,7,7,-1.000,0
40.1687,-24.70,-0.04,-149.81,-4.92,0.21,7,7,-1.000,0
40.1732,-24.82,-0.12,-150.16,-5.21,0.47,7,7,-1.000,0
40.1755,-24.49,0.34,-149.79,-4.96,0.57,7,7,-1.000,0
40.1792,-23.94,0.55,-149.72,-4.91,0.56,7,7,-1.000,0
40.1834,-23.86,0.08,-149.93,-5.16,0.33,7,7,-1.000,0
40.1877,-24.23,-0.37,-150.34,-5.72,0.81,7,7,-1.000,0
40.1916,-24.38,-0.15,-150.49,-6.13,0.47,7,7,-1.000,0
40.1956,-23.36,1.02,-150.60,-5.86,1.05,7,7,-1.000,0
40.1998,-23.24,0.12,-150.71,-5.77,0.18,7,7,-1.000,0
40.2039,-23.22,0.01,-151.12,-6.27,0.64,7,7,-1.000,0
40.2083,-23.11,0.11,-151.31,-6.38,0.24,7,7,-1.000,0
40.2122,-22.51,0.59,-151.29,-6.16,0.64,7,7,-1.000,0
40.2164,-22.26,0.26,-151.55,-6.02,0.37,7,7,-1.000,0
40.2206,-22.49,-0.23,-152.08,-6.64,0.87,7,7,-1.000,0
40.2251,-22.03,0.46,-152.18,-6.55,0.47,7,7,-1.000,0
40.2290,-21.58,0.45,-152.04,-6.05,0.70,7,7,-1.000,0
40.2329,-21.32,0.26,-152.43,-6.24,0.48,7,7,-1.000,0
40.2373,-21.14,0.18,-152.61,-5.95,0.38,7,7,-1.000,0
40.2416,-20.83,0.31,-153.01,-6.28,0.58,7,7,-1.000,0
40.2455,-20.23,0.60,-153.19,-5.71,0.84,7,7,-1.000,0
40.2496,-20.10,0.13,-153.82,-6.05,0.72,7,7,-1.000,0
40.2539,-19.68,0.42,-154.02,-6.23,0.48,7,7,-1.000,0
40.2583,-19.02,0.66,-154.32,-5.96,0.75,7,7,-1.000,0
40.2621,-18.45,0.57,-154.73,-5.82,0.68,7,7,-1.000,0
40.2663,-18.12,0.33,-155.12,-5.90,0.49,7,7,-1.000,0
40.2706,-17.42,0.70,-155.52,-5.86,0.77,7,7,-1.000,0
40.2750,-16.53,0.89,-155.78,-5.68,0.92,7,7,-1.000,0
40.2789,-16.43,0.10,-156.09,-5.39,0.42,7,7,-1.000,0
40.2828,-15.44,0.99,-156.36,-5.28,1.00,7,7,-1.000,0
40.2872,-15.11,0.33,-156.80,-5.10,0.56,7,7,-1.000,0
40.2917,-14.60,0.51,-157.10,-4.74,0.67,7,7,-1.000,0
40.2956,-14.24,0.36,-157.42,-4.42,0.56,7,7,-1.000,0
40.2996,-13.97,0.27,-157.98,-4.10,0.68,7,7,-1.000,0
40.3039,-13.67,0.30,-158.67,-3.65,0.86,7,7,-1.000,0
40.3084,-13.47,0.20,-158.47,-3.67,0.29,7,7,-1.000,0
40.3123,-12.36,1.12,-158.79,-3.31,1.20,7,7,-1.000,0
40.3163,-11.46,0.90,-158.46,-2.76,1.12,7,7,-1.000,0
40.3206,-11.39,0.07,-158.98,-2.62,0.54,7,7,-1.000,0
40.3250,-11.09,0.30,-159.34,-2.45,0.49,7,7,-1.000,0
40.3289,-10.40,0.69,-159.52,-1.75,0.99,7,7,-1.000,0
40.3329,-9.88,0.52,-159.85,-1.43,0.69,7,7,-1.000,0
40.3372,-9.20,0.68,-159.58,-0.83,0.95,7,7,-1.000,0
40.3417,-8.93,0.27,-160.30,-0.23,0.98,7,7,-1.000,0
40.3456,-8.43,0.50,-160.43,0.02,0.57,7,7,-1.000,0
40.3496,-7.53,0.90,-160.05,0.73,1.21,7,7,-1.000,0
40.3539,-6.00,1.54,-162.00,-0.86,2.95,7,7,-1.000,0
40.3583,-5.16,0.84,-161.82,-0.23,1.07,7,7,-1.000,0
40.3623,-4.28,0.87,-161.88,0.29,1.01,7,7,-1.000,0
40.3664,-3.75,0.54,-162.32,0.61,0.76,7,7,-1.000,0
40.3706,-2.94,0.81,-162.20,1.41,1.15,7,7,-1.000,0
40.3751,-2.07,0.87,-161.92,2.20,1.20,7,7,-1.000,0
40.3790,-1.87,0.20,-162.23,2.42,0.43,7,7,-1.000,0
40.3829,-1.72,0.15,-162.56,3.12,0.79,7,7,-1.000,0
40.3872,-0.53,1.19,-162.44,3.42,1.23,7,7,-1.000,0
40.3915,0.28,0.82,-162.85,3.87,1.04,7,7,-1.000,0
40.3955,1.54,1.25,-163.70,4.10,1.58,7,7,-1.000,0
40.3996,2.00,0.46,-163.97,4.38,0.62,7,7,-1.000,0
40.4039,2.54,0.54,-163.88,4.89,0.74,7,7,-1.000,0
40.4084,2.88,0.34,-163.82,5.10,0.40,7,7,-1.000,0
40.4121,3.33,0.45,-163.96,5.73,0.80,7,7,-1.000,0
40.4163,3.11,-0.22,-164.18,5.48,0.39,7,7,-1.000,0
40.4205,4.07,0.96,-164.26,6.19,1.20,7,7,-1.000,0
40.4250,4.72,0.65,-164.09,7.82,1.75,7,7,-1.000,0
40.4289,5.38,0.67,-163.82,8.89,1.27,7,7,-1.000,0
40.4329,5.75,0.36,-164.37,8.11,1.05,7,7,-1.000,0
40.4372,6.33,0.59,-164.75,8.11,0.74,7,7,-1.000,0
40.4417,7.72,1.38,-164.07,7.96,1.46,7,7,-1.000,0
40.4456,8.33,0.62,-164.43,8.42,0.88,7,7,-1.000,0
40.4497,8.90,0.56,-164.45,8.57,0.59,7,7,-1.000,0
40.4539,9.98,1.09,-164.35,9.38,1.35,7,7,-1.000,0
40.4583,10.60,0.62,-164.57,9.92,0.88,7,7,-1.000,0
40.4622,11.02,0.42,-164.62,10.38,0.64,7,7,-1.000,0
40.4663,11.54,0.52,-164.52,11.05,0.84,7,7,-1.000,0
40.4705,12.71,1.16,-164.61,11.98,1.51,7,7,-1.000,0
40.4750,13.35,0.64,-164.37,12.59,0.88,7,7,-1.000,0
40.4789,13.96,0.62,-164.25,13.61,1.18,7,7,-1.000,0
40.4829,14.23,0.27,-164.42,14.09,0.59,7,7,-1.000,0
40.4872,15.56,1.33,-163.95,14.98,1.58,7,7,-1.000,0
40.4917,16.48,0.92,-163.69,15.88,1.26,7,7,-1.000,0
40.4956,16.96,0.48,-163.39,17.46,1.65,7,7,-1.000,0
40.4996,17.46,0.50,-163.84,17.90,0.88,7,7,-1.000,0
40.5039,17.98,0.52,-163.76,18.70,0.94,7,7,-1.000,0
40.5084,18.86,0.88,-163.65,19.64,1.27,7,7,-1.000,0
40.5122,19.34,0.48,-163.72,20.43,0.94,7,7,-1.000,0
40.5163,19.87,0.54,-164.08,21.56,1.36,7,7,-1.000,0
40.5206,20.37,0.49,-164.44,22.44,1.13,7,7,-1.000,0
40.5251,20.93,0.56,-164.53,23.38,1.12,7,7,-1.000,0
40.5290,20.90,-0.02,-165.04,24.20,0.96,7,7,-1.000,0
40.5329,21.74,0.84,-164.83,25.08,1.17,7,7,-1.000,0
40.5372,22.12,0.38,-165.05,25.73,0.83,7,7,-1.000,0
40.5417,23.24,1.12,-164.65,26.70,1.40,7,7,-1.000,0
40.5456,23.04,-0.20,-165.21,26.82,0.52,7,7,-1.000,0
40.5496,24.33,1.30,-164.13,28.23,1.88,7,7,-1.000,0
40.5539,24.80,0.47,-163.96,29.03,0.90,7,7,-1.000,0
40.5584,25.27,0.47,-163.87,29.73,0.82,7,7,-1.000,0
40.5621,25.81,0.54,-163.53,30.44,0.85,7,7,-1.000,0
40.5662,26.36,0.55,-163.31,31.24,0.93,7,7,-1.000,0
40.5706,26.78,0.41,-163.02,31.97,0.81,7,7,-1.000,0
40.5750,27.08,0.31,-162.82,32.73,0.80,7,7,-1.000,0
40.5790,27.31,0.22,-162.75,33.43,0.73,7,7,-1.000,0
40.5829,27.49,0.18,-162.69,34.26,0.85,7,7,-1.000,0
40.5872,27.97,0.48,-162.47,35.08,0.91,7,7,-1.000,0
40.5917,28.55,0.58,-162.13,36.05,1.08,7,7,-1.000,0
40.5956,29.04,0.49,-161.80,36.74,0.79,7,7,-1.000,0
40.5996,29.01,-0.03,-161.55,37.42,0.74,7,7,-1.000,0
40.6039,29.41,0.40,-161.43,38.06,0.72,7,7,-1.000,0
40.6082,29.21,-0.20,-161.64,38.49,0.47,7,7,-1.000,0
40.6121,29.83,0.62,-161.39,39.18,0.86,7,7,-1.000,0
40.6163,30.51,0.68,-161.43,39.62,0.83,7,7,-1.000,0
40.6206,30.60,0.09,-161.31,40.17,0.55,7,7,-1.000,0
40.6251,30.74,0.14,-161.70,40.58,0.64,7,7,-1.000,0
40.6289,31.11,0.37,-161.75,41.01,0.59,7,7,-1.000,0
40.6329,31.43,0.32,-161.83,41.54,0.65,7,7,-1.000,0
40.6372,31.47,0.04,-161.79,41.84,0.30,7,7,-1.000,0
40.6417,31.69,0.22,-161.70,42.22,0.42,7,7,-1.000,0
40.6456,31.83,0.14,-161.70,42.70,0.50,7,7,-1.000,0
40.6497,31.62,-0.21,-161.89,42.71,0.16,7,7,-1.000,0
40.6539,31.72,0.10,-161.83,43.23,0.53,7,7,-1.000,0
40.6583,32.12,0.40,-161.49,43.84,0.68,7,7,-1.000,0
40.6622,32.09,-0.03,-161.55,44.40,0.56,7,7,-1.000,0
40.6663,32.82,0.73,-161.15,45.21,0.96,7,7,-1.000,0
40.6706,33.15,0.34,-161.11,46.02,0.86,7,7,-1.000,0
40.6750,33.69,0.54,-160.81,47.00,1.05,7,7,-1.000,0
40.6789,33.97,0.28,-160.92,47.97,1.04,7,7,-1.000,0
40.6829,34.54,0.57,-160.59,49.24,1.33,7,7,-1.000,0
40.6872,35.07,0.53,-160.18,50.28,1.09,7,7,-1.000,0
40.6916,35.42,0.35,-160.08,51.51,1.27,7,7,-1.000,0
40.6955,36.91,1.49,-158.82,52.88,1.65,7,7,-1.000,0
40.6996,37.38,0.46,-158.74,53.99,1.18,7,7,-1.000,0
40.7039,38.01,0.63,-158.40,55.38,1.44,7,7,-1.000,0
40.7083,38.54,0.52,-158.10,56.41,1.08,7,7,-1.000,0
40.7124,39.05,0.51,-157.89,57.74,1.38,7,7,-1.000,0
40.7164,39.48,0.43,-157.63,58.98,1.26,7,7,-1.000,0
40.7207,39.70,0.22,-157.77,60.14,1.22,7,7,-1.000,0
40.7250,41.30,1.60,-157.21,61.33,1.65,7,7,-1.000,0
40.7291,42.01,0.71,-157.18,62.37,1.25,7,7,-1.000,0
40.7330,43.20,1.19,-156.76,63.48,1.39,7,7,-1.000,0
40.7373,43.29,0.08,-157.30,64.55,1.23,7,7,-1.000,0
40.7414,44.62,1.33,-156.74,65.58,1.34,7,7,-1.000,0
40.7456,44.85,0.24,-157.38,66.43,1.21,7,7,-1.000,0
40.7497,46.16,1.31,-156.79,67.42,1.28,7,7,-1.000,0
40.7539,46.83,0.66,-156.99,68.00,1.03,7,7,-1.000,0
40.7583,47.95,1.12,-156.64,69.08,1.34,7,7,-1.000,0
40.7623,48.51,0.57,-156.72,69.99,1.12,7,7,-1.000,0
40.7664,50.26,1.75,-155.48,70.95,1.20,7,7,-1.000,0
40.7706,50.76,0.50,-155.77,71.65,1.04,7,7,-1.000,0
40.7748,52.91,2.15,-154.10,72.52,1.16,7,7,-1.000,0
40.7789,53.90,0.98,-153.76,73.07,0.86,7,7,-1.000,0
40.7829,55.93,2.03,-152.36,74.03,1.24,7,7,-1.000,0
40.7872,57.73,1.79,-150.93,74.86,1.01,7,7,-1.000,0
40.7915,60.55,2.82,-148.57,75.61,1.10,7,7,-1.000,0
40.7958,63.02,2.47,-146.33,76.42,1.02,7,7,-1.000,0
40.7998,66.40,3.38,-143.09,77.35,1.20,7,7,-1.000,0
40.8039,69.98,3.58,-139.56,78.27,1.19,7,7,-1.000,0
40.8082,75.48,5.50,-133.95,79.33,1.52,7,7,-1.000,0
40.8126,80.00,4.52,-129.22,80.18,1.20,7,7,-1.000,0
40.8165,83.92,3.92,-125.76,80.78,0.98,7,7,-1.000,0
40.8206,92.14,8.22,-117.20,81.57,1.55,7,7,-1.000,0
40.8248,98.36,6.22,-111.08,82.07,1.01,7,7,-1.000,0
40.8290,106.89,8.53,-102.52,82.64,1.27,7,7,-1.000,0
40.8330,114.86,7.97,-94.73,82.82,1.03,7,7,-1.000,0
40.8372,124.71,9.85,-84.81,83.02,1.24,7,7,-1.000,0
40.8417,135.37,10.66,-73.81,82.83,1.39,7,7,-1.000,0
40.8458,139.74,4.37,-69.31,82.90,0.57,7,7,-1.000,0
40.8497,147.38,7.65,-62.20,82.22,1.29,7,7,-1.000,0
40.8539,150.41,3.03,-59.66,82.56,0.69,7,7,-1.000,0
40.8580,153.82,3.41,-57.21,82.41,1.05,7,7,-1.000,0
40.8622,161.06,7.24,-50.12,82.42,0.96,7,7,-1.000,0
40.8663,163.89,2.83,-48.24,82.20,1.03,7,7,-1.000,0
40.8707,170.45,6.56,-41.69,82.11,0.90,7,7,-1.000,0
40.8750,173.79,3.35,-39.50,82.07,1.22,7,7,-1.000,0
40.8790,178.24,4.45,-35.10,81.75,0.70,7,7,-1.000,0
40.8829,-178.37,3.39,-32.02,81.19,0.80,7,7,-1.000,0
40.8875,-176.06,2.31,-30.26,80.68,0.82,7,7,-1.000,0
40.8916,-173.39,2.67,-27.75,80.34,0.57,7,7,-1.000,0
40.8957,-171.01,2.38,-25.82,79.68,0.89,7,7,-1.000,0
40.8997,-169.17,1.84,-24.56,79.27,0.76,7,7,-1.000,0
40.9040,-169.00,0.17,-24.59,78.59,0.71,7,7,-1.000,0
40.9083,-167.15,1.84,-22.74,77.94,0.75,7,7,-1.000,0
40.9122,-167.57,-0.41,-23.68,77.40,0.76,7,7,-1.000,0
40.9164,-166.29,1.27,-22.21,76.56,0.92,7,7,-1.000,0
40.9205,-165.06,1.23,-20.83,75.90,0.74,7,7,-1.000,0
40.9248,-164.95,0.11,-20.76,74.73,1.17,7,7,-1.000,0
40.9289,-163.91,1.04,-19.73,73.60,1.16,7,7,-1.000,0
40.9331,-163.46,0.45,-19.00,72.67,0.99,7,7,-1.000,0
40.9372,-162.53,0.93,-17.84,71.53,1.21,7,7,-1.000,0
40.9416,-161.56,0.97,-16.63,70.45,1.16,7,7,-1.000,0
40.9455,-160.86,0.70,-15.74,69.75,0.78,7,7,-1.000,0
40.9497,-161.14,-0.28,-15.37,67.91,1.94,7,7,-1.000,0
40.9539,-159.46,1.68,-13.34,67.12,1.13,7,7,-1.000,0
40.9583,-159.86,-0.40,-13.48,65.84,1.32,7,7,-1.000,0
40.9623,-159.89,-0.03,-13.36,65.38,0.48,7,7,-1.000,0
40.9663,-159.96,-0.07,-13.20,64.47,0.94,7,7,-1.000,0
40.9706,-160.19,-0.23,-13.40,63.15,1.33,7,7,-1.000,0
40.9751,-160.25,-0.06,-12.94,62.33,0.97,7,7,-1.000,0
40.9791,-160.47,-0.21,-12.63,60.90,1.52,7,7,-1.000,0
40.9830,-160.31,0.15,-12.19,59.41,1.52,7,7,-1.000,0
40.9873,-161.07,-0.76,-12.61,58.47,1.04,7,7,-1.000,0
40.9916,-161.37,-0.30,-12.36,57.51,1.10,7,7,-1.000,0
40.9956,-161.96,-0.60,-12.56,56.60,1.01,7,7,-1.000,0
40.9998,-162.47,-0.51,-12.68,55.49,1.18,7,7,-1.000,0
41.0041,-162.73,-0.26,-12.46,54.20,1.38,7,7,-1.000,0
41.0081,-163.38,-0.65,-12.59,52.91,1.40,7,7,-1.000,0
41.0121,-163.62,-0.24,-12.54,51.58,1.36,7,7,-1.000,0
41.0163,-164.16,-0.54,-12.72,50.58,1.08,7,7,-1.000,0
41.0205,-164.64,-0.48,-12.35,49.39,1.43,7,7,-1.000,0
41.0250,-164.94,-0.29,-12.38,48.32,1.11,7,7,-1.000,0
41.0289,-164.72,0.22,-12.42,46.95,1.39,7,7,-1.000,0
41.0329,-164.76,-0.04,-12.19,45.95,1.04,7,7,-1.000,0
41.0372,-164.73,0.03,-12.37,45.29,0.69,7,7,-1.000,0
41.0417,-165.18,-0.45,-12.38,44.23,1.15,7,7,-1.000,0
41.0456,-164.19,1.00,-11.68,43.85,0.81,7,7,-1.000,0
41.0497,-163.85,0.33,-12.14,42.80,1.28,7,7,-1.000,0
41.0539,-163.92,-0.06,-11.95,42.01,0.82,7,7,-1.000,0
41.0582,-163.06,0.86,-11.35,41.61,0.75,7,7,-1.000,0
41.0623,-162.51,0.56,-10.74,41.20,0.64,7,7,-1.000,0
41.0663,-163.02,-0.52,-10.76,40.43,0.92,7,7,-1.000,0
41.0706,-162.84,0.18,-10.63,40.08,0.38,7,7,-1.000,0
41.0750,-162.90,-0.07,-10.64,39.72,0.36,7,7,-1.000,0
41.0790,-162.96,-0.05,-10.43,39.04,0.72,7,7,-1.000,0
41.0830,-162.67,0.29,-9.85,38.00,1.14,7,7,-1.000,0
41.0872,-162.56,0.11,-9.54,37.11,0.92,7,7,-1.000,0
41.0916,-162.87,-0.31,-9.80,35.97,1.17,7,7,-1.000,0
41.0956,-162.86,0.01,-9.62,34.91,1.07,7,7,-1.000,0
41.0997,-163.10,-0.23,-9.52,33.48,1.46,7,7,-1.000,0
41.1064,-162.85,0.24,-9.80,32.67,0.93,7,7,-1.000,0
41.1109,-162.62,0.24,-10.05,31.94,0.85,7,7,-1.000,0
41.1146,-162.60,0.02,-10.05,30.72,1.22,7,7,-1.000,0
41.1184,-162.62,-0.01,-11.40,30.69,1.34,7,7,-1.000,0
41.1233,-162.44,0.18,-11.79,30.39,0.59,7,7,-1.000,0
41.1273,-162.11,0.33,-11.72,29.39,1.04,7,7,-1.000,0
41.1312,-161.97,0.14,-12.12,29.33,0.49,7,7,-1.000,0
41.1352,-161.89,0.09,-12.58,29.32,0.51,7,7,-1.000,0
41.1392,-162.32,-0.43,-12.64,29.27,0.41,7,7,-1.000,0
41.1434,-162.33,-0.01,-11.78,28.10,1.45,7,7,-1.000,0
41.1474,-162.05,0.28,-11.06,27.48,0.90,7,7,-1.000,0
41.1516,-162.03,0.02,-11.26,27.90,0.48,7,7,-1.000,0
41.1565,-162.04,-0.02,-10.17,25.96,2.23,7,7,-1.000,0
41.1609,-162.41,-0.37,-10.19,26.23,0.45,7,7,-1.000,0
41.1647,-162.87,-0.45,-9.92,25.70,0.82,7,7,-1.000,0
41.1681,-163.01,-0.14,-10.15,25.44,0.34,7,7,-1.000,0
41.1727,-163.12,-0.12,-9.81,24.96,0.63,7,7,-1.000,0
41.1768,-163.46,-0.34,-9.66,23.90,1.14,7,7,-1.000,0
41.1801,-163.72,-0.25,-8.95,23.28,1.05,7,7,-1.000,0
41.1833,-164.05,-0.33,-8.86,22.67,0.71,7,7,-1.000,0
41.1881,-164.05,-0.01,-8.76,22.03,0.64,7,7,-1.000,0
41.1917,-164.12,-0.07,-8.68,21.55,0.50,7,7,-1.000,0
41.1960,-164.35,-0.23,-8.72,21.41,0.25,7,7,-1.000,0
41.1999,-164.24,0.11,-8.56,21.01,0.43,7,7,-1.000,0
41.2040,-164.15,0.09,-8.68,20.71,0.35,7,7,-1.000,0
41.2081,-163.85,0.30,-8.89,20.80,0.43,7,7,-1.000,0
41.2122,-164.05,-0.20,-8.86,20.33,0.52,7,7,-1.000,0
41.2164,-163.48,0.58,-8.84,19.83,0.76,7,7,-1.000,0
41.2206,-163.44,0.03,-9.09,19.62,0.33,7,7,-1.000,0
41.2251,-163.71,-0.27,-8.93,18.71,0.99,7,7,-1.000,0
41.2291,-163.68,0.04,-9.07,18.93,0.27,7,7,-1.000,0
41.2331,-163.27,0.41,-9.09,18.44,0.64,7,7,-1.000,0
41.2373,-163.37,-0.10,-8.87,18.08,0.44,7,7,-1.000,0
41.2416,-163.07,0.29,-8.82,17.65,0.51,7,7,-1.000,0
41.2455,-162.90,0.17,-8.58,17.50,0.30,7,7,-1.000,0
41.2496,-162.41,0.49,-8.34,16.87,0.79,7,7,-1.000,0
41.2541,-162.27,0.15,-7.74,15.80,1.21,7,7,-1.000,0
41.2582,-161.88,0.39,-8.02,15.83,0.53,7,7,-1.000,0
41.2620,-161.68,0.19,-7.89,15.27,0.59,7,7,-1.000,0
41.2662,-161.26,0.43,-7.81,14.61,0.79,7,7,-1.000,0
41.2705,-160.70,0.55,-8.03,14.02,0.87,7,7,-1.000,0
41.2748,-160.78,-0.08,-7.67,13.39,0.74,7,7,-1.000,0
41.2789,-160.55,0.23,-7.41,12.67,0.79,7,7,-1.000,0
41.2830,-160.43,0.12,-7.62,12.35,0.41,7,7,-1.000,0
41.2872,-160.29,0.14,-7.66,11.89,0.49,7,7,-1.000,0
41.2915,-160.18,0.10,-7.88,11.35,0.60,7,7,-1.000,0
41.2955,-160.25,-0.06,-7.58,10.79,0.65,7,7,-1.000,0
41.2996,-160.38,-0.13,-7.35,10.35,0.52,7,7,-1.000,0
41.3040,-160.66,-0.28,-7.43,10.22,0.31,7,7,-1.000,0
41.3083,-160.80,-0.14,-7.53,9.66,0.58,7,7,-1.000,0
41.3122,-161.32,-0.52,-7.52,9.49,0.55,7,7,-1.000,0
41.3162,-161.54,-0.22,-7.19,9.04,0.62,7,7,-1.000,0
41.3207,-161.99,-0.44,-7.22,8.87,0.47,7,7,-1.000,0
41.3249,-162.15,-0.16,-7.31,8.39,0.51,7,7,-1.000,0
41.3288,-162.67,-0.52,-7.36,8.45,0.51,7,7,-1.000,0
41.3329,-162.75,-0.08,-7.14,8.22,0.33,7,7,-1.000,0
41.3373,-163.24,-0.49,-6.62,7.60,0.98,7,7,-1.000,0
41.3418,-163.16,0.08,-6.94,7.14,0.58,7,7,-1.000,0
41.3457,-163.27,-0.11,-6.67,6.99,0.34,7,7,-1.000,0
41.3499,-163.52,-0.25,-6.59,6.63,0.46,7,7,-1.000,0
41.3540,-163.55,-0.03,-6.62,6.54,0.10,7,7,-1.000,0
41.3584,-163.47,0.08,-7.14,6.17,0.65,7,7,-1.000,0
41.3625,-163.44,0.03,-6.81,5.88,0.44,7,7,-1.000,0
41.3664,-163.49,-0.05,-6.70,5.55,0.36,7,7,-1.000,0
41.3707,-163.44,0.05,-6.75,5.47,0.11,7,7,-1.000,0
41.3752,-163.22,0.22,-7.21,5.15,0.61,7,7,-1.000,0
41.3798,-163.37,-0.15,-7.28,5.03,0.20,7,7,-1.000,0
41.3831,-163.07,0.31,-7.64,4.78,0.56,7,7,-1.000,0
41.3874,-162.67,0.40,-8.45,4.01,1.21,7,7,-1.000,0
41.3918,-163.04,-0.37,-8.20,4.00,0.47,7,7,-1.000,0
41.3958,-163.01,0.03,-8.07,3.91,0.16,7,7,-1.000,0
41.3998,-162.65,0.36,-8.78,3.71,0.84,7,7,-1.000,0
41.4039,-162.68,-0.04,-8.78,3.27,0.44,7,7,-1.000,0
41.4083,-162.76,-0.08,-8.65,2.93,0.37,7,7,-1.000,0
41.4123,-162.16,0.61,-9.35,2.21,1.19,7,7,-1.000,0
41.4164,-162.47,-0.32,-8.99,2.07,0.51,7,7,-1.000,0
41.4205,-162.05,0.43,-9.58,1.53,0.92,7,7,-1.000,0
41.4250,-162.20,-0.15,-9.33,0.77,0.81,7,7,-1.000,0
41.4292,-162.03,0.17,-9.31,0.40,0.41,7,7,-1.000,0
41.4330,-161.66,0.37,-10.07,0.06,0.91,7,7,-1.000,0
41.4372,-161.68,-0.03,-9.82,-0.37,0.50,7,7,-1.000,0
41.4416,-161.51,0.18,-10.05,-0.96,0.65,7,7,-1.000,0
41.4458,-161.66,-0.16,-9.98,-1.16,0.27,7,7,-1.000,0
41.4497,-161.56,0.10,-10.16,-1.65,0.53,7,7,-1.000,0
41.4539,-161.74,-0.18,-9.88,-1.77,0.35,7,7,-1.000,0
41.4583,-162.01,-0.26,-9.75,-2.24,0.55,7,7,-1.000,0
41.4623,-161.98,0.03,-9.63,-2.44,0.23,7,7,-1.000,0
41.4664,-162.37,-0.39,-10.12,-2.00,0.77,7,7,-1.000,0
41.4706,-162.30,0.07,-10.09,-3.02,1.01,7,7,-1.000,0
41.4750,-162.73,-0.43,-9.99,-2.81,0.48,7,7,-1.000,0
41.4791,-162.64,0.09,-9.99,-3.19,0.40,7,7,-1.000,0
41.4830,-162.85,-0.22,-9.57,-4.04,0.96,7,7,-1.000,0
41.4873,-162.86,-0.01,-9.68,-4.17,0.17,7,7,-1.000,0
41.4918,-163.02,-0.16,-10.04,-3.74,0.59,7,7,-1.000,0
41.4957,-163.56,-0.55,-10.40,-4.12,0.77,7,7,-1.000,0
41.4998,-162.69,0.87,-9.71,-5.83,2.07,7,7,-1.000,0
41.5040,-163.19,-0.50,-9.27,-6.09,0.68,7,7,-1.000,0
41.5084,-163.03,0.16,-9.35,-6.56,0.50,7,7,-1.000,0
41.5123,-163.16,-0.13,-9.34,-6.94,0.40,7,7,-1.000,0
41.5164,-163.14,0.02,-9.05,-7.91,1.02,7,7,-1.000,0
41.5206,-162.87,0.27,-8.99,-9.04,1.17,7,7,-1.000,0
41.5252,-162.88,-0.01,-8.71,-9.15,0.30,7,7,-1.000,0
41.5290,-163.10,-0.21,-8.51,-9.94,0.84,7,7,-1.000,0
41.5330,-162.78,0.32,-8.33,-10.91,1.05,7,7,-1.000,0
41.5373,-162.73,0.04,-7.96,-11.53,0.73,7,7,-1.000,0
41.5418,-162.77,-0.03,-7.95,-12.51,0.98,7,7,-1.000,0
41.5456,-162.66,0.11,-7.93,-13.43,0.93,7,7,-1.000,0
41.5497,-162.57,0.09,-7.88,-14.25,0.83,7,7,-1.000,0
41.5540,-162.40,0.16,-7.28,-15.08,1.06,7,7,-1.000,0
41.5582,-162.38,0.02,-6.90,-16.54,1.50,7,7,-1.000,0
41.5622,-162.62,-0.23,-7.00,-17.11,0.64,7,7,-1.000,0
41.5663,-162.20,0.42,-7.58,-18.31,1.34,7,7,-1.000,0
41.5706,-161.61,0.58,-7.97,-19.41,1.25,7,7,-1.000,0
41.5751,-161.29,0.32,-8.60,-19.89,0.77,7,7,-1.000,0
41.5790,-160.70,0.59,-8.89,-21.01,1.25,7,7,-1.000,0
41.5829,-161.08,-0.38,-8.20,-21.74,0.98,7,7,-1.000,0
41.5873,-161.57,-0.49,-8.11,-22.73,1.09,7,7,-1.000,0
41.5917,-161.52,0.05,-8.15,-23.49,0.77,7,7,-1.000,0
41.5957,-161.37,0.15,-8.37,-24.24,0.77,7,7,-1.000,0
41.5997,-161.26,0.11,-8.24,-24.85,0.64,7,7,-1.000,0
41.6040,-161.79,-0.53,-7.89,-25.20,0.61,7,7,-1.000,0
41.6084,-162.19,-0.40,-7.76,-25.56,0.51,7,7,-1.000,0
41.6123,-162.46,-0.27,-8.18,-25.47,0.60,7,7,-1.000,0
41.6164,-162.97,-0.50,-8.28,-25.26,0.59,7,7,-1.000,0
41.6206,-163.25,-0.29,-8.44,-25.63,0.54,7,7,-1.000,0
41.6251,-163.39,-0.13,-8.31,-26.19,0.57,7,7,-1.000,0
41.6290,-164.42,-1.03,-7.62,-26.29,0.96,7,7,-1.000,0
41.6330,-164.55,-0.13,-7.41,-26.62,0.38,7,7,-1.000,0
41.6373,-164.59,-0.05,-7.77,-26.88,0.46,7,7,-1.000,0
41.6418,-165.78,-1.18,-6.94,-26.52,1.16,7,7,-1.000,0
41.6457,-165.98,-0.21,-6.70,-26.87,0.42,7,7,-1.000,0
41.6497,-166.29,-0.31,-7.18,-27.01,0.70,7,7,-1.000,0
41.6540,-166.70,-0.41,-6.69,-26.78,0.53,7,7,-1.000,0
41.6583,-166.71,-0.01,-7.01,-27.26,0.58,7,7,-1.000,0
41.6622,-167.59,-0.88,-6.10,-26.91,1.00,7,7,-1.000,0
41.6663,-168.22,-0.63,-6.08,-27.30,0.73,7,7,-1.000,0
41.6706,-168.54,-0.32,-5.80,-27.15,0.35,7,7,-1.000,0
41.6751,-169.00,-0.46,-5.65,-27.20,0.42,7,7,-1.000,0
41.6790,-169.12,-0.12,-6.05,-27.51,0.56,7,7,-1.000,0
41.6830,-169.70,-0.58,-5.58,-27.39,0.56,7,7,-1.000,0
41.6873,-170.44,-0.74,-5.33,-27.36,0.66,7,7,-1.000,0
41.6918,-170.45,-0.01,-5.99,-27.96,0.89,7,7,-1.000,0
41.6957,-171.34,-0.89,-5.18,-27.61,0.95,7,7,-1.000,0
41.6997,-171.69,-0.35,-5.12,-27.58,0.32,7,7,-1.000,0
41.7040,-172.05,-0.37,-5.74,-27.99,0.96,7,7,-1.000,0
41.7084,-172.99,-0.93,-5.04,-28.00,0.87,7,7,-1.000,0
41.7122,-173.01,-0.03,-5.17,-27.79,0.26,7,7,-1.000,0
41.7163,-173.41,-0.40,-5.27,-27.93,0.47,7,7,-1.000,0
41.7206,-174.14,-0.73,-4.96,-27.62,0.71,7,7,-1.000,0
41.7252,-174.86,-0.73,-4.74,-27.68,0.66,7,7,-1.000,0
41.7291,-175.38,-0.52,-4.90,-27.58,0.62,7,7,-1.000,0
41.7330,-176.35,-0.97,-4.03,-27.43,0.97,7,7,-1.000,0
41.7373,-177.35,-1.00,-3.89,-27.42,0.94,7,7,-1.000,0
41.7418,-178.09,-0.75,-3.92,-27.18,0.80,7,7,-1.000,0
41.7459,-179.65,-1.56,-2.67,-27.25,1.49,7,7,-1.000,0
41.7499,179.40,-0.95,-2.95,-27.22,1.10,7,7,-1.000,0
41.7541,178.10,-1.30,-1.63,-26.40,1.59,7,7,-1.000,0
41.7586,176.17,-1.93,-1.24,-26.76,1.82,7,7,-1.000,0
41.7624,174.68,-1.49,0.14,-25.87,1.76,7,7,-1.000,0
41.7664,173.09,-1.59,-0.00,-25.63,1.68,7,7,-1.000,0
41.7707,171.24,-1.84,1.58,-24.76,2.04,7,7,-1.000,0
41.7752,168.63,-2.61,2.35,-24.42,2.42,7,7,-1.000,0
41.7791,166.93,-1.70,3.95,-23.72,1.93,7,7,-1.000,0
41.7830,164.84,-2.08,4.88,-22.57,2.23,7,7,-1.000,0
41.7874,162.77,-2.08,5.35,-22.28,1.97,7,7,-1.000,0
41.7919,160.48,-2.29,6.36,-21.60,2.23,7,7,-1.000,0
41.7957,158.47,-2.01,6.72,-20.59,2.16,7,7,-1.000,0
41.7998,156.33,-2.14,7.09,-19.89,2.16,7,7,-1.000,0
41.8041,154.84,-1.48,7.56,-19.02,1.65,7,7,-1.000,0
41.8082,152.80,-2.04,7.67,-18.69,2.03,7,7,-1.000,0
41.8125,151.98,-0.82,7.90,-18.02,1.03,7,7,-1.000,0
41.8168,149.76,-2.22,8.12,-17.91,2.17,7,7,-1.000,0
41.8208,149.14,-0.62,8.52,-17.29,0.88,7,7,-1.000,0
41.8249,147.82,-1.32,8.26,-17.18,1.42,7,7,-1.000,0
41.8292,146.97,-0.85,8.07,-16.74,1.02,7,7,-1.000,0
41.8333,145.45,-1.52,8.23,-16.62,1.49,7,7,-1.000,0
41.8374,145.12,-0.33,8.25,-16.19,0.54,7,7,-1.000,0
41.8417,143.65,-1.47,8.14,-15.81,1.55,7,7,-1.000,0
41.8457,142.46,-1.19,8.32,-15.83,1.15,7,7,-1.000,0
41.8498,141.11,-1.35,8.37,-15.55,1.36,7,7,-1.000,0
41.8541,140.24,-0.87,8.15,-15.06,1.08,7,7,-1.000,0
41.8586,138.76,-1.48,8.32,-14.60,1.51,7,7,-1.000,0
41.8624,137.41,-1.36,8.58,-14.15,1.39,7,7,-1.000,0
41.8664,135.89,-1.51,8.86,-13.80,1.51,7,7,-1.000,0
41.8707,134.52,-1.37,8.66,-13.15,1.57,7,7,-1.000,0
41.8752,133.09,-1.43,8.86,-12.66,1.48,7,7,-1.000,0
41.8791,131.42,-1.67,8.88,-12.31,1.70,7,7,-1.000,0
41.8830,130.20,-1.22,8.90,-11.52,1.45,7,7,-1.000,0
41.8874,128.78,-1.42,8.97,-10.93,1.53,7,7,-1.000,0
41.8919,127.12,-1.66,8.86,-10.45,1.75,7,7,-1.000,0
41.8958,125.53,-1.59,8.89,-10.11,1.62,7,7,-1.000,0
41.8999,124.00,-1.53,9.10,-9.28,1.72,7,7,-1.000,0
41.9044,122.44,-1.56,9.28,-8.79,1.62,7,7,-1.000,0
41.9090,121.08,-1.36,9.20,-8.18,1.50,7,7,-1.000,0
41.9128,119.37,-1.71,9.04,-7.98,1.75,7,7,-1.000,0
41.9165,117.73,-1.65,9.08,-7.33,1.77,7,7,-1.000,0
41.9208,116.06,-1.67,8.66,-6.50,1.95,7,7,-1.000,0
41.9252,114.86,-1.20,8.16,-5.90,1.47,7,7,-1.000,0
41.9289,113.26,-1.60,7.98,-5.01,1.86,7,7,-1.000,0
41.9331,112.34,-0.93,7.94,-4.33,1.15,7,7,-1.000,0
41.9373,110.57,-1.76,7.71,-3.26,2.09,7,7,-1.000,0
41.9418,108.62,-1.95,7.35,-2.69,2.07,7,7,-1.000,0
41.9456,107.06,-1.57,7.26,-2.08,1.69,7,7,-1.000,0
41.9497,105.87,-1.18,7.33,-1.28,1.43,7,7,-1.000,0
41.9541,104.35,-1.53,7.15,-0.20,1.88,7,7,-1.000,0
41.9584,102.39,-1.96,7.02,0.19,2.00,7,7,-1.000,0
41.9623,101.20,-1.19,6.52,0.96,1.50,7,7,-1.000,0
41.9663,99.25,-1.95,6.14,1.61,2.08,7,7,-1.000,0
41.9706,96.99,-2.25,5.65,2.93,2.64,7,7,-1.000,0
41.9751,95.28,-1.72,5.00,3.94,2.06,7,7,-1.000,0
41.9790,93.12,-2.15,4.55,4.58,2.26,7,7,-1.000,0
41.9830,91.42,-1.71,4.03,5.23,1.86,7,7,-1.000,0
41.9873,89.66,-1.75,3.72,6.00,1.91,7,7,-1.000,0
41.9918,87.15,-2.51,2.89,6.86,2.70,7,7,-1.000,0
41.9955,85.23,-1.93,2.42,7.42,2.00,7,7,-1.000,0
41.9997,83.52,-1.71,1.67,7.73,1.79,7,7,-1.000,0
42.0040,81.48,-2.04,0.64,8.57,2.31,7,7,-1.000,0
42.0083,79.56,-1.92,0.36,8.87,1.92,7,7,-1.000,0
42.0124,77.77,-1.79,-0.48,9.24,1.89,7,7,-1.000,0
42.0163,75.95,-1.83,-1.44,10.12,2.11,7,7,-1.000,0
42.0207,74.21,-1.73,-2.13,10.75,1.85,7,7,-1.000,0
42.0252,72.22,-1.99,-3.45,10.87,2.18,7,7,-1.000,0
42.0291,70.09,-2.13,-4.28,11.45,2.21,7,7,-1.000,0
42.0330,68.04,-2.05,-4.95,11.54,2.03,7,7,-1.000,0
42.0373,66.26,-1.78,-6.05,12.13,1.98,7,7,-1.000,0
42.0418,64.32,-1.94,-7.04,12.56,2.03,7,7,-1.000,0
42.0457,62.47,-1.86,-8.02,12.92,1.93,7,7,-1.000,0
42.0497,60.48,-1.98,-9.55,13.55,2.30,7,7,-1.000,0
42.0539,58.80,-1.68,-10.25,14.00,1.72,7,7,-1.000,0
42.0585,57.22,-1.58,-11.31,14.14,1.68,7,7,-1.000,0
42.0622,55.20,-2.02,-12.20,14.09,2.00,7,7,-1.000,0
42.0663,53.59,-1.61,-13.20,14.47,1.71,7,7,-1.000,0
42.0706,51.73,-1.87,-14.14,14.63,1.88,7,7,-1.000,0
42.0748,50.24,-1.48,-15.05,14.89,1.55,7,7,-1.000,0
42.0789,48.87,-1.37,-16.22,15.75,1.77,7,7,-1.000,0
42.0829,47.73,-1.14,-17.05,15.85,1.22,7,7,-1.000,0
42.0873,46.65,-1.08,-17.90,15.63,1.20,7,7,-1.000,0
42.0917,45.45,-1.20,-18.87,16.03,1.38,7,7,-1.000,0
42.0957,44.38,-1.06,-19.63,16.13,1.13,7,7,-1.000,0
42.0997,43.01,-1.37,-20.52,16.22,1.42,7,7,-1.000,0
42.1068,42.08,-0.93,-21.53,16.22,1.16,7,7,-1.000,0
42.1109,40.77,-1.31,-22.22,16.35,1.31,7,7,-1.000,0
42.1147,40.14,-0.63,-22.44,16.00,0.71,7,7,-1.000,0
42.1184,39.08,-1.06,-23.84,16.39,1.55,7,7,-1.000,0
42.1227,37.95,-1.12,-24.73,16.52,1.23,7,7,-1.000,0
42.1270,37.36,-0.59,-25.74,16.67,1.03,7,7,-1.000,0
42.1308,36.60,-0.76,-26.85,17.04,1.21,7,7,-1.000,0
42.1358,35.89,-0.71,-27.51,16.75,0.86,7,7,-1.000,0
42.1402,35.21,-0.68,-28.51,16.29,1.13,7,7,-1.000,0
42.1443,34.32,-0.89,-29.72,16.51,1.30,7,7,-1.000,0
42.1482,33.68,-0.64,-30.69,16.92,1.08,7,7,-1.000,0
42.1520,32.95,-0.73,-31.82,17.10,1.17,7,7,-1.000,0
42.1560,32.78,-0.17,-32.67,17.18,0.82,7,7,-1.000,0
42.1602,32.32,-0.46,-33.58,17.28,0.89,7,7,-1.000,0
42.1643,32.36,0.04,-34.54,17.50,1.00,7,7,-1.000,0
42.1684,31.91,-0.46,-35.34,17.43,0.80,7,7,-1.000,0
42.1734,31.61,-0.30,-36.31,17.37,0.93,7,7,-1.000,0
42.1778,30.85,-0.76,-37.24,17.22,1.02,7,7,-1.000,0
42.1812,30.47,-0.38,-38.27,17.39,1.00,7,7,-1.000,0
42.1832,30.30,-0.17,-39.20,17.45,0.89,7,7,-1.000,0
42.1875,29.21,-1.09,-40.30,17.17,1.33,7,7,-1.000,0
42.1919,28.87,-0.34,-40.89,16.84,0.67,7,7,-1.000,0
42.1957,27.69,-1.18,-41.90,16.36,1.40,7,7,-1.000,0
42.1996,27.05,-0.64,-42.82,16.20,0.97,7,7,-1.000,0
42.2038,26.73,-0.32,-43.89,16.31,1.03,7,7,-1.000,0
42.2083,25.97,-0.76,-44.68,15.90,1.02,7,7,-1.000,0
42.2121,25.31,-0.66,-45.52,15.44,1.02,7,7,-1.000,0
42.2163,24.54,-0.77,-46.68,15.46,1.21,7,7,-1.000,0
42.2205,23.92,-0.62,-47.57,15.40,0.94,7,7,-1.000,0
42.2249,23.64,-0.28,-48.64,15.53,1.04,7,7,-1.000,0
42.2289,23.23,-0.41,-49.56,15.42,0.91,7,7,-1.000,0
42.2330,22.01,-1.22,-50.31,14.71,1.44,7,7,-1.000,0
42.2373,21.32,-0.69,-51.57,14.95,1.30,7,7,-1.000,0
42.2418,21.29,-0.03,-52.05,14.53,0.63,7,7,-1.000,0
42.2458,20.34,-0.95,-53.37,14.54,1.42,7,7,-1.000,0
42.2497,20.30,-0.04,-54.19,14.31,0.84,7,7,-1.000,0
42.2540,19.83,-0.47,-54.78,13.95,0.75,7,7,-1.000,0
42.2581,19.54,-0.30,-55.29,13.41,0.75,7,7,-1.000,0
42.2622,19.61,0.07,-55.75,12.94,0.67,7,7,-1.000,0
42.2664,19.34,-0.27,-56.85,12.98,1.08,7,7,-1.000,0
42.2706,19.53,0.19,-57.12,12.22,0.83,7,7,-1.000,0
42.2750,19.26,-0.28,-57.95,12.00,0.85,7,7,-1.000,0
42.2790,19.08,-0.17,-58.65,11.76,0.72,7,7,-1.000,0
42.2830,19.27,0.19,-59.51,11.45,0.97,7,7,-1.000,0
42.2873,18.81,-0.46,-60.26,11.29,0.81,7,7,-1.000,0
42.2917,19.03,0.22,-60.83,11.00,0.71,7,7,-1.000,0
42.2956,18.57,-0.46,-62.18,11.02,1.34,7,7,-1.000,0
42.2997,18.51,-0.05,-62.68,10.53,0.70,7,7,-1.000,0
42.3040,17.82,-0.69,-63.53,10.25,1.04,7,7,-1.000,0
42.3084,18.40,0.58,-64.24,10.22,0.99,7,7,-1.000,0
42.3123,17.87,-0.53,-64.95,9.79,0.91,7,7,-1.000,0
42.3163,17.60,-0.27,-65.67,9.52,0.78,7,7,-1.000,0
42.3206,17.70,0.10,-66.34,9.30,0.73,7,7,-1.000,0
42.3252,17.02,-0.68,-67.09,8.84,1.04,7,7,-1.000,0
42.3290,16.60,-0.42,-67.52,8.29,0.78,7,7,-1.000,0
42.3330,16.37,-0.23,-68.32,7.86,0.91,7,7,-1.000,0
42.3372,16.57,0.20,-68.39,7.19,0.71,7,7,-1.000,0
42.3418,16.31,-0.26,-68.84,6.52,0.82,7,7,-1.000,0
42.3456,16.14,-0.17,-69.06,5.95,0.63,7,7,-1.000,0
42.3497,15.99,-0.15,-69.43,5.33,0.73,7,7,-1.000,0
42.3539,16.27,0.28,-69.70,4.65,0.80,7,7,-1.000,0
42.3582,15.72,-0.55,-70.47,4.43,0.93,7,7,-1.000,0
42.3621,16.61,0.89,-70.74,3.96,1.06,7,7,-1.000,0
42.3663,15.89,-0.72,-71.36,3.48,1.04,7,7,-1.000,0
42.3705,16.61,0.72,-71.58,3.04,0.88,7,7,-1.000,0
42.3749,16.35,-0.26,-72.50,2.61,1.04,7,7,-1.000,0
42.3789,16.64,0.29,-72.72,2.36,0.45,7,7,-1.000,0
42.3830,16.98,0.35,-73.92,2.02,1.30,7,7,-1.000,0
42.3872,17.09,0.11,-74.81,1.90,0.91,7,7,-1.000,0
42.3916,16.70,-0.39,-76.16,1.62,1.42,7,7,-1.000,0
42.3955,17.22,0.51,-76.35,1.25,0.66,7,7,-1.000,0
42.3996,17.05,-0.17,-77.46,1.02,1.14,7,7,-1.000,0
42.4038,16.54,-0.51,-78.62,0.40,1.41,7,7,-1.000,0
42.4083,16.94,0.40,-79.57,0.20,1.05,7,7,-1.000,0
42.4123,16.44,-0.50,-80.62,-0.25,1.25,7,7,-1.000,0
42.4163,16.84,0.40,-81.27,-0.24,0.77,7,7,-1.000,0
42.4206,17.22,0.38,-81.96,-0.47,0.81,7,7,-1.000,0
42.4251,17.06,-0.17,-82.82,-0.94,1.00,7,7,-1.000,0
42.4290,17.12,0.06,-83.54,-1.53,0.93,7,7,-1.000,0
42.4329,17.94,0.82,-83.92,-1.94,0.99,7,7,-1.000,0
42.4373,17.98,0.04,-84.93,-2.16,1.03,7,7,-1.000,0
42.4418,18.36,0.38,-85.33,-2.78,0.82,7,7,-1.000,0
42.4457,19.27,0.90,-85.82,-2.55,1.03,7,7,-1.000,0
42.4497,19.72,0.46,-86.21,-2.74,0.61,7,7,-1.000,0
42.4540,20.69,0.97,-86.74,-2.92,1.10,7,7,-1.000,0
42.4584,20.92,0.23,-87.65,-3.14,0.95,7,7,-1.000,0
42.4622,20.89,-0.03,-88.81,-3.29,1.18,7,7,-1.000,0
42.4663,21.53,0.64,-89.45,-3.28,0.88,7,7,-1.000,0
42.4706,22.13,0.61,-90.43,-3.22,1.12,7,7,-1.000,0
42.4750,22.65,0.52,-91.13,-3.18,0.85,7,7,-1.000,0
42.4790,22.62,-0.03,-92.27,-2.81,1.20,7,7,-1.000,0
42.4829,23.28,0.66,-92.98,-2.69,0.95,7,7,-1.000,0
42.4873,23.43,0.15,-93.91,-2.46,0.96,7,7,-1.000,0
42.4917,23.74,0.31,-94.57,-2.07,0.82,7,7,-1.000,0
42.4955,23.95,0.21,-95.01,-1.93,0.50,7,7,-1.000,0
42.4996,23.96,0.00,-95.97,-1.69,0.99,7,7,-1.000,0
42.5038,24.44,0.49,-96.81,-1.34,1.02,7,7,-1.000,0
42.5084,24.67,0.22,-97.58,-0.86,0.93,7,7,-1.000,0
42.5123,24.16,-0.51,-98.59,-0.58,1.17,7,7,-1.000,0
42.5162,24.20,0.04,-98.96,-0.08,0.62,7,7,-1.000,0
42.5206,23.96,-0.24,-100.05,0.15,1.14,7,7,-1.000,0
42.5250,23.99,0.04,-100.90,0.33,0.87,7,7,-1.000,0
42.5288,23.77,-0.22,-101.69,0.48,0.83,7,7,-1.000,0
42.5328,23.46,-0.31,-102.54,0.79,0.95,7,7,-1.000,0
42.5371,23.52,0.06,-103.31,0.82,0.77,7,7,-1.000,0
42.5416,23.43,-0.09,-104.19,1.34,1.03,7,7,-1.000,0
42.5455,23.39,-0.04,-104.98,1.45,0.79,7,7,-1.000,0
42.5495,23.50,0.11,-105.95,1.72,1.02,7,7,-1.000,0
42.5539,23.48,-0.02,-106.66,1.62,0.72,7,7,-1.000,0
42.5584,23.37,-0.11,-107.55,1.79,0.91,7,7,-1.000,0
42.5624,23.61,0.24,-108.39,1.97,0.90,7,7,-1.000,0
42.5663,23.33,-0.27,-109.17,1.99,0.82,7,7,-1.000,0
42.5706,23.74,0.41,-109.72,1.84,0.71,7,7,-1.000,0
42.5751,23.96,0.21,-110.64,2.03,0.97,7,7,-1.000,0
42.5790,23.45,-0.50,-111.98,1.63,1.47,7,7,-1.000,0
42.5830,23.32,-0.14,-113.00,1.82,1.03,7,7,-1.000,0
42.5873,23.61,0.29,-113.87,1.96,0.94,7,7,-1.000,0
42.5918,23.25,-0.35,-114.75,1.73,0.96,7,7,-1.000,0
42.5956,23.20,-0.05,-115.76,1.78,1.02,7,7,-1.000,0
42.5998,23.16,-0.04,-116.90,1.63,1.14,7,7,-1.000,0
42.6039,23.18,0.02,-118.06,1.71,1.16,7,7,-1.000,0
42.6084,22.87,-0.31,-119.42,2.00,1.42,7,7,-1.000,0
42.6124,23.03,0.16,-120.45,2.67,1.24,7,7,-1.000,0
42.6162,22.40,-0.63,-121.69,2.80,1.38,7,7,-1.000,0
42.6206,22.49,0.09,-123.07,3.00,1.40,7,7,-1.000,0
42.6251,21.82,-0.67,-124.65,3.11,1.69,7,7,-1.000,0
42.6289,21.81,-0.01,-125.92,3.79,1.44,7,7,-1.000,0
42.6330,21.62,-0.20,-127.37,3.68,1.45,7,7,-1.000,0
42.6373,21.06,-0.55,-128.59,3.68,1.31,7,7,-1.000,0
42.6417,20.88,-0.19,-130.03,4.00,1.47,7,7,-1.000,0
42.6455,20.41,-0.46,-131.40,4.10,1.41,7,7,-1.000,0
42.6497,20.33,-0.08,-132.29,4.33,0.93,7,7,-1.000,0
42.6540,20.01,-0.33,-133.68,4.45,1.40,7,7,-1.000,0
42.6585,19.98,-0.03,-134.33,4.55,0.66,7,7,-1.000,0
42.6622,19.59,-0.39,-135.48,4.37,1.19,7,7,-1.000,0
42.6663,19.62,0.02,-136.06,4.34,0.59,7,7,-1.000,0
42.6707,19.42,-0.20,-137.00,4.08,0.98,7,7,-1.000,0
42.6750,19.75,0.34,-137.65,4.19,0.76,7,7,-1.000,0
42.6790,19.32,-0.43,-138.13,4.06,0.63,7,7,-1.000,0
42.6830,19.18,-0.14,-138.94,3.73,0.88,7,7,-1.000,0
42.6872,19.62,0.44,-139.33,3.89,0.63,7,7,-1.000,0
42.6918,19.33,-0.29,-140.12,3.68,0.85,7,7,-1.000,0
42.6956,19.02,-0.31,-140.70,3.34,0.73,7,7,-1.000,0
42.6997,19.43,0.40,-141.31,3.34,0.76,7,7,-1.000,0
42.7040,19.15,-0.28,-141.93,3.26,0.67,7,7,-1.000,0
42.7084,18.88,-0.27,-142.55,2.88,0.76,7,7,-1.000,0
42.7122,19.08,0.19,-143.21,2.98,0.70,7,7,-1.000,0
42.7163,18.94,-0.14,-143.97,3.03,0.77,7,7,-1.000,0
42.7206,19.33,0.40,-144.50,3.12,0.69,7,7,-1.000,0
42.7251,19.32,-0.02,-145.42,2.95,0.93,7,7,-1.000,0
42.7290,19.01,-0.31,-146.24,3.01,0.86,7,7,-1.000,0
42.7331,18.96,-0.05,-147.18,2.62,1.01,7,7,-1.000,0
42.7372,18.79,-0.17,-147.99,2.93,0.88,7,7,-1.000,0
42.7416,18.61,-0.18,-148.76,2.84,0.79,7,7,-1.000,0
42.7456,18.58,-0.03,-149.47,2.72,0.72,7,7,-1.000,0
42.7496,18.17,-0.41,-150.44,2.82,1.04,7,7,-1.000,0
42.7539,18.59,0.42,-151.14,2.81,0.83,7,7,-1.000,0
42.7583,17.98,-0.61,-151.82,2.85,0.89,7,7,-1.000,0
42.7622,18.27,0.29,-152.44,3.16,0.77,7,7,-1.000,0
42.7663,18.44,0.17,-153.15,3.13,0.74,7,7,-1.000,0
42.7705,18.28,-0.17,-153.69,3.28,0.58,7,7,-1.000,0
42.7749,18.29,0.01,-154.03,3.77,0.60,7,7,-1.000,0
42.7790,18.65,0.36,-154.72,3.61,0.81,7,7,-1.000,0
42.7831,18.12,-0.53,-155.71,3.24,1.15,7,7,-1.000,0
42.7874,18.00,-0.12,-156.02,3.44,0.38,7,7,-1.000,0
42.7918,17.87,-0.13,-156.93,3.06,0.98,7,7,-1.000,0
42.7957,17.58,-0.29,-157.50,2.99,0.63,7,7,-1.000,0
42.7998,17.90,0.32,-158.09,2.95,0.68,7,7,-1.000,0
42.8040,17.56,-0.34,-158.74,2.64,0.79,7,7,-1.000,0
42.8082,17.42,-0.13,-159.62,2.53,0.89,7,7,-1.000,0
42.8125,17.67,0.25,-160.08,2.63,0.54,7,7,-1.000,0
42.8165,17.28,-0.39,-160.92,2.47,0.92,7,7,-1.000,0
42.8207,17.55,0.27,-161.57,2.12,0.79,7,7,-1.000,0
42.8250,17.63,0.08,-162.18,2.09,0.62,7,7,-1.000,0
42.8290,17.20,-0.43,-162.70,1.95,0.68,7,7,-1.000,0
42.8331,17.83,0.63,-163.50,1.73,1.06,7,7,-1.000,0
42.8373,17.80,-0.03,-164.26,1.74,0.76,7,7,-1.000,0
42.8418,17.60,-0.20,-165.16,1.49,0.96,7,7,-1.000,0
42.8457,17.65,0.05,-166.15,1.39,1.00,7,7,-1.000,0
42.8497,17.60,-0.05,-166.74,1.25,0.61,7,7,-1.000,0
42.8540,17.44,-0.16,-167.52,1.32,0.80,7,7,-1.000,0
42.8583,17.16,-0.28,-168.23,1.12,0.78,7,7,-1.000,0
42.8622,17.06,-0.09,-169.20,0.94,0.99,7,7,-1.000,0
42.8663,16.57,-0.49,-169.92,0.93,0.86,7,7,-1.000,0
42.8707,16.23,-0.35,-170.58,0.84,0.75,7,7,-1.000,0
42.8748,16.20,-0.03,-171.25,0.56,0.72,7,7,-1.000,0
42.8789,15.81,-0.38,-171.95,0.22,0.87,7,7,-1.000,0
42.8831,15.78,-0.03,-172.64,-0.06,0.74,7,7,-1.000,0
42.8873,15.65,-0.12,-173.09,-0.12,0.47,7,7,-1.000,0
42.8919,14.67,-0.98,-174.32,-0.20,1.58,7,7,-1.000,0
42.8957,15.45,0.78,-174.69,-0.54,0.93,7,7,-1.000,0
42.8997,15.21,-0.24,-175.39,-0.60,0.74,7,7,-1.000,0
42.9041,15.29,0.08,-175.89,-0.27,0.61,7,7,-1.000,0
42.9083,15.43,0.14,-176.67,-0.61,0.86,7,7,-1.000,0
42.9122,15.88,0.45,-177.37,-0.93,0.89,7,7,-1.000,0
42.9164,15.97,0.09,-177.70,-0.42,0.62,7,7,-1.000,0
42.9210,15.80,-0.17,-178.54,-1.07,1.08,7,7,-1.000,0
42.9256,15.66,-0.14,-179.33,-1.67,0.99,7,7,-1.000,0
42.9296,15.22,-0.44,179.69,-2.29,1.26,7,7,-1.000,0
42.9333,15.74,0.52,179.15,-2.59,0.79,7,7,-1.000,0
42.9374,15.41,-0.33,178.04,-2.89,1.21,7,7,-1.000,0
42.9419,16.01,0.60,177.63,-3.10,0.74,7,7,-1.000,0
42.9458,16.09,0.08,177.23,-2.78,0.51,7,7,-1.000,0
42.9498,16.22,0.13,176.61,-3.25,0.79,7,7,-1.000,0
42.9541,16.29,0.07,175.86,-3.93,1.01,7,7,-1.000,0
42.9584,16.39,0.10,175.14,-4.32,0.82,7,7,-1.000,0
42.9623,16.58,0.19,174.28,-4.31,0.86,7,7,-1.000,0
42.9664,16.77,0.19,173.49,-4.21,0.80,7,7,-1.000,0
42.9706,16.84,0.07,172.87,-4.29,0.63,7,7,-1.000,0
42.9750,16.53,-0.31,171.64,-4.65,1.34,7,7,-1.000,0
42.9790,17.22,0.69,171.20,-4.34,0.84,7,7,-1.000,0
42.9830,17.06,-0.16,170.23,-4.94,1.17,7,7,-1.000,0
42.9874,16.87,-0.19,169.58,-4.80,0.71,7,7,-1.000,0
42.9917,16.61,-0.26,168.80,-4.68,0.85,7,7,-1.000,0
42.9958,16.32,-0.29,167.48,-5.65,1.68,7,7,-1.000,0
42.9998,16.66,0.34,166.88,-5.44,0.69,7,7,-1.000,0
43.0041,17.01,0.35,166.23,-5.45,0.72,7,7,-1.000,0
43.0084,16.78,-0.22,165.65,-5.52,0.64,7,7,-1.000,0
43.0123,16.73,-0.05,164.89,-5.95,0.88,7,7,-1.000,0
43.0164,17.56,0.83,164.42,-6.32,0.98,7,7,-1.000,0
43.0206,17.38,-0.18,163.67,-7.03,1.06,7,7,-1.000,0
43.0251,17.14,-0.25,163.03,-7.17,0.73,7,7,-1.000,0
43.0291,17.19,0.05,162.66,-7.53,0.52,7,7,-1.000,0
43.0331,17.38,0.19,162.25,-7.89,0.56,7,7,-1.000,0
43.0373,16.99,-0.39,161.00,-7.97,1.36,7,7,-1.000,0
43.0418,17.46,0.46,161.20,-8.64,0.85,7,7,-1.000,0
43.0457,17.53,0.07,160.45,-8.98,0.83,7,7,-1.000,0
43.0498,17.00,-0.53,159.65,-9.19,1.04,7,7,-1.000,0
43.0540,17.27,0.27,159.23,-9.49,0.55,7,7,-1.000,0
43.0586,17.90,0.63,159.03,-9.61,0.64,7,7,-1.000,0
43.0624,17.49,-0.41,158.16,-9.95,1.08,7,7,-1.000,0
43.0666,17.03,-0.46,157.28,-9.95,1.06,7,7,-1.000,0
43.0708,17.90,0.87,157.39,-10.09,0.91,7,7,-1.000,0
43.0753,17.41,-0.49,156.31,-10.20,1.27,7,7,-1.000,0
43.0792,17.85,0.44,156.07,-10.57,0.59,7,7,-1.000,0
43.0832,18.01,0.16,155.64,-10.62,0.43,7,7,-1.000,0
43.0875,17.45,-0.56,154.72,-11.30,1.36,7,7,-1.000,0
43.0918,17.99,0.54,154.57,-11.81,0.74,7,7,-1.000,0
43.0959,17.93,-0.06,153.77,-12.02,0.84,7,7,-1.000,0
43.0999,18.32,0.39,153.57,-12.49,0.62,7,7,-1.000,0
43.1058,17.83,-0.49,152.65,-12.92,1.21,7,7,-1.000,0
43.1105,18.02,0.18,152.72,-13.38,0.50,7,7,-1.000,0
43.1145,17.55,-0.47,151.76,-13.89,1.27,7,7,-1.000,0
43.1184,18.08,0.54,151.75,-14.86,1.11,7,7,-1.000,0
43.1228,16.26,-1.82,149.90,-14.60,2.92,7,7,-1.000,0
43.1274,17.71,1.45,151.27,-16.07,2.69,7,7,-1.000,0
43.1313,15.68,-2.04,148.97,-15.55,3.50,7,7,-1.000,0
43.1353,17.35,1.68,150.71,-17.06,3.13,7,7,-1.000,0
43.1392,17.05,-0.31,150.29,-17.78,0.93,7,7,-1.000,0
43.1436,16.76,-0.28,150.34,-18.10,0.42,7,7,-1.000,0
43.1475,16.71,-0.05,150.05,-18.65,0.63,7,7,-1.000,0
43.1518,16.34,-0.37,149.67,-19.32,0.91,7,7,-1.000,0
43.1566,16.51,0.17,149.83,-20.02,0.75,7,7,-1.000,0
43.1607,15.93,-0.59,149.14,-20.55,1.17,7,7,-1.000,0
43.1642,16.13,0.21,149.46,-21.29,0.86,7,7,-1.000,0
43.1684,15.41,-0.72,149.26,-21.68,0.90,7,7,-1.000,0
43.1727,15.69,0.28,149.21,-22.49,0.85,7,7,-1.000,0
43.1768,15.56,-0.13,148.92,-23.14,0.74,7,7,-1.000,0
43.1807,15.00,-0.56,148.83,-23.90,0.97,7,7,-1.000,0
43.1833,15.06,0.06,148.70,-24.73,0.84,7,7,-1.000,0
43.1874,14.17,-0.89,148.63,-25.30,1.08,7,7,-1.000,0
43.1919,14.19,0.02,148.67,-26.50,1.20,7,7,-1.000,0
43.1958,13.36,-0.83,148.88,-26.75,0.80,7,7,-1.000,0
43.1998,13.22,-0.13,148.91,-27.29,0.56,7,7,-1.000,0
43.2040,12.87,-0.35,148.87,-27.98,0.78,7,7,-1.000,0
43.2082,12.23,-0.64,148.90,-28.74,0.98,7,7,-1.000,0
43.2122,11.60,-0.62,149.05,-29.50,0.95,7,7,-1.000,0
43.2163,11.28,-0.33,149.31,-30.12,0.69,7,7,-1.000,0
43.2206,10.65,-0.63,149.72,-30.63,0.75,7,7,-1.000,0
43.2252,9.82,-0.82,149.64,-31.62,1.31,7,7,-1.000,0
43.2292,9.65,-0.17,150.12,-32.03,0.59,7,7,-1.000,0
43.2330,9.41,-0.24,150.25,-32.59,0.59,7,7,-1.000,0
43.2373,9.02,-0.38,150.18,-32.89,0.52,7,7,-1.000,0
43.2418,8.73,-0.29,150.31,-33.47,0.62,7,7,-1.000,0
43.2456,8.10,-0.63,150.74,-33.60,0.55,7,7,-1.000,0
43.2497,7.80,-0.30,150.76,-34.58,1.02,7,7,-1.000,0
43.2540,7.46,-0.34,150.80,-35.18,0.68,7,7,-1.000,0
43.2584,6.84,-0.63,151.29,-35.89,0.88,7,7,-1.000,0
43.2622,6.29,-0.54,151.25,-36.87,1.13,7,7,-1.000,0
43.2662,5.77,-0.52,151.70,-37.40,0.69,7,7,-1.000,0
43.2706,4.77,-1.00,152.01,-37.88,0.98,7,7,-1.000,0
43.2751,4.74,-0.03,152.32,-38.98,1.13,7,7,-1.000,0
43.2789,3.61,-1.13,152.67,-39.63,1.15,7,7,-1.000,0
43.2829,3.27,-0.34,153.47,-40.53,1.10,7,7,-1.000,0
43.2871,2.35,-0.92,153.82,-41.10,0.93,7,7,-1.000,0
43.2916,1.36,-0.99,154.73,-41.57,0.92,7,7,-1.000,0
43.2957,0.59,-0.76,155.38,-42.40,1.02,7,7,-1.000,0
43.2997,-0.53,-1.13,155.97,-42.70,0.90,7,7,-1.000,0
43.3040,-1.48,-0.95,157.09,-43.57,1.21,7,7,-1.000,0
43.3083,-2.75,-1.27,158.18,-44.02,1.04,7,7,-1.000,0
43.3124,-4.34,-1.59,159.57,-44.70,1.35,7,7,-1.000,0
43.3163,-5.62,-1.28,160.20,-45.28,1.11,7,7,-1.000,0
43.3205,-7.04,-1.43,161.96,-45.48,1.26,7,7,-1.000,0
43.3250,-8.86,-1.82,163.53,-46.22,1.49,7,7,-1.000,0
43.3290,-10.53,-1.68,165.42,-47.34,1.74,7,7,-1.000,0
43.3330,-12.32,-1.78,167.31,-47.58,1.36,7,7,-1.000,0
43.3373,-12.39,-0.07,168.53,-46.89,1.36,7,7,-1.000,0
43.3415,-13.59,-1.19,170.43,-47.07,1.32,7,7,-1.000,0
43.3456,-15.81,-2.22,172.25,-47.46,1.57,7,7,-1.000,0
43.3497,-17.05,-1.24,173.17,-48.60,1.41,7,7,-1.000,0
43.3541,-19.07,-2.01,175.14,-49.17,1.51,7,7,-1.000,0
43.3583,-21.36,-2.30,177.31,-49.70,1.64,7,7,-1.000,0
43.3622,-23.85,-2.49,178.82,-51.02,2.11,7,7,-1.000,0
43.3664,-26.41,-2.56,-178.60,-51.35,1.74,7,7,-1.000,0
43.3706,-28.61,-2.20,-176.90,-51.93,1.48,7,7,-1.000,0
43.3747,-30.43,-1.82,-174.92,-52.00,1.25,7,7,-1.000,0
43.3792,-33.63,-3.19,-172.70,-52.45,2.03,7,7,-1.000,0
43.3831,-35.79,-2.17,-170.06,-52.09,1.66,7,7,-1.000,0
43.3875,-38.37,-2.58,-167.31,-52.17,1.74,7,7,-1.000,0
43.3917,-41.03,-2.66,-165.41,-52.27,1.64,7,7,-1.000,0
43.3957,-43.35,-2.32,-162.80,-51.74,1.72,7,7,-1.000,0
43.3997,-46.06,-2.71,-160.06,-51.35,1.83,7,7,-1.000,0
43.4039,-48.42,-2.36,-157.73,-51.14,1.57,7,7,-1.000,0
43.4083,-50.65,-2.23,-155.48,-50.73,1.55,7,7,-1.000,0
43.4123,-52.93,-2.28,-152.90,-50.16,1.76,7,7,-1.000,0
43.4163,-53.87,-0.94,-151.44,-49.15,1.39,7,7,-1.000,0
43.4205,-55.69,-1.82,-148.72,-48.37,1.97,7,7,-1.000,0
43.4250,-56.69,-1.00,-147.54,-47.66,1.07,7,7,-1.000,0
43.4290,-59.29,-2.60,-145.57,-47.40,1.77,7,7,-1.000,0
43.4330,-60.63,-1.34,-144.12,-47.40,1.02,7,7,-1.000,0
43.4371,-61.81,-1.18,-143.02,-46.78,1.05,7,7,-1.000,0
43.4416,-62.97,-1.16,-141.82,-46.12,1.10,7,7,-1.000,0
43.4457,-63.25,-0.27,-140.68,-46.06,0.97,7,7,-1.000,0
43.4498,-63.70,-0.46,-139.45,-45.38,1.17,7,7,-1.000,0
43.4539,-64.30,-0.60,-138.35,-45.10,0.85,7,7,-1.000,0
43.4583,-65.10,-0.79,-137.27,-44.74,0.84,7,7,-1.000,0
43.4622,-66.34,-1.25,-136.41,-44.42,0.94,7,7,-1.000,0
43.4662,-66.82,-0.47,-135.65,-43.81,0.82,7,7,-1.000,0
43.4704,-67.62,-0.81,-135.03,-43.76,0.59,7,7,-1.000,0
43.4748,-69.32,-1.70,-134.59,-42.43,1.96,7,7,-1.000,0
43.4788,-68.91,0.41,-133.96,-43.10,1.17,7,7,-1.000,0
43.4828,-69.54,-0.63,-133.50,-42.95,0.48,7,7,-1.000,0
43.4872,-70.07,-0.53,-132.97,-41.83,1.20,7,7,-1.000,0
43.4917,-69.99,0.07,-132.23,-41.48,0.86,7,7,-1.000,0
43.4956,-70.51,-0.52,-131.97,-41.01,0.61,7,7,-1.000,0
43.4996,-71.20,-0.68,-131.31,-40.00,1.16,7,7,-1.000,0
43.5038,-71.23,-0.03,-130.73,-39.54,0.73,7,7,-1.000,0
43.5082,-72.22,-1.00,-130.09,-38.10,1.64,7,7,-1.000,0
43.5121,-72.29,-0.07,-129.51,-37.34,0.94,7,7,-1.000,0
43.5162,-72.86,-0.56,-128.77,-36.64,0.92,7,7,-1.000,0
43.5205,-73.46,-0.61,-128.21,-36.06,0.78,7,7,-1.000,0
43.5250,-74.03,-0.56,-127.55,-35.41,0.86,7,7,-1.000,0
43.5290,-74.42,-0.39,-126.75,-34.62,1.04,7,7,-1.000,0
43.5330,-74.54,-0.12,-125.90,-34.08,0.95,7,7,-1.000,0
43.5372,-75.21,-0.67,-125.20,-33.42,0.92,7,7,-1.000,0
43.5417,-75.65,-0.45,-124.32,-32.80,0.96,7,7,-1.000,0
43.5457,-75.87,-0.22,-123.39,-32.06,1.12,7,7,-1.000,0
43.5497,-76.66,-0.79,-122.76,-31.80,0.75,7,7,-1.000,0
43.5540,-77.13,-0.48,-122.01,-31.26,0.84,7,7,-1.000,0
43.5582,-77.49,-0.35,-121.33,-30.90,0.69,7,7,-1.000,0
43.5621,-77.70,-0.21,-120.64,-30.54,0.70,7,7,-1.000,0
43.5663,-77.93,-0.23,-119.91,-30.13,0.76,7,7,-1.000,0
43.5706,-78.07,-0.14,-119.14,-29.63,0.87,7,7,-1.000,0
43.5752,-78.31,-0.23,-118.51,-29.62,0.55,7,7,-1.000,0
43.5790,-78.48,-0.18,-117.86,-29.09,0.79,7,7,-1.000,0
43.5829,-78.03,0.45,-117.34,-28.98,0.84,7,7,-1.000,0
43.5873,-77.98,0.05,-116.88,-28.56,0.64,7,7,-1.000,0
43.5917,-78.02,-0.04,-116.26,-28.10,0.77,7,7,-1.000,0
43.5956,-78.06,-0.04,-115.85,-27.69,0.56,7,7,-1.000,0
43.5997,-78.08,-0.02,-115.46,-27.05,0.74,7,7,-1.000,0
43.6039,-78.09,-0.01,-114.87,-26.21,1.02,7,7,-1.000,0
43.6082,-78.24,-0.15,-114.51,-25.43,0.85,7,7,-1.000,0
43.6121,-78.31,-0.07,-114.09,-24.46,1.05,7,7,-1.000,0
43.6162,-78.45,-0.14,-113.70,-23.76,0.78,7,7,-1.000,0
43.6206,-78.59,-0.14,-113.29,-22.70,1.13,7,7,-1.000,0
43.6251,-79.11,-0.52,-113.04,-22.04,0.82,7,7,-1.000,0
43.6290,-78.85,0.25,-112.88,-22.13,0.36,7,7,-1.000,0
43.6331,-79.16,-0.30,-112.21,-21.06,1.24,7,7,-1.000,0
43.6373,-79.22,-0.06,-112.16,-20.75,0.31,7,7,-1.000,0
43.6414,-79.44,-0.22,-112.01,-20.03,0.76,7,7,-1.000,0
43.6455,-79.78,-0.34,-111.46,-19.60,0.69,7,7,-1.000,0
43.6497,-80.00,-0.22,-111.01,-19.03,0.71,7,7,-1.000,0
43.6539,-80.07,-0.07,-110.73,-18.21,0.87,7,7,-1.000,0
43.6583,-79.94,0.13,-110.37,-17.61,0.73,7,7,-1.000,0
43.6622,-79.94,-0.00,-110.27,-16.61,1.01,7,7,-1.000,0
43.6662,-79.83,0.11,-110.02,-15.99,0.68,7,7,-1.000,0
43.6706,-79.88,-0.05,-109.96,-15.71,0.29,7,7,-1.000,0
43.6750,-79.76,0.12,-109.69,-15.28,0.54,7,7,-1.000,0
43.6789,-79.69,0.07,-109.48,-14.71,0.62,7,7,-1.000,0
43.6830,-79.36,0.32,-109.20,-14.34,0.61,7,7,-1.000,0
43.6873,-79.02,0.34,-109.17,-13.93,0.54,7,7,-1.000,0
43.6913,-78.70,0.32,-108.63,-13.54,0.79,7,7,-1.000,0
43.6953,-78.36,0.34,-108.37,-13.19,0.59,7,7,-1.000,0
43.6996,-78.03,0.33,-107.89,-12.73,0.79,7,7,-1.000,0
43.7047,-77.57,0.46,-107.33,-12.71,0.80,7,7,-1.000,0
43.7087,-77.12,0.44,-106.77,-12.18,0.95,7,7,-1.000,0
43.7123,-76.23,0.89,-106.03,-12.13,1.28,7,7,-1.000,0
43.7163,-76.00,0.23,-105.63,-11.78,0.61,7,7,-1.000,0
43.7206,-75.59,0.41,-105.25,-12.04,0.67,7,7,-1.000,0
43.7251,-77.47,-1.88,-106.16,-11.95,2.26,7,7,-1.000,0
43.7290,-77.14,0.33,-106.01,-12.17,0.45,7,7,-1.000,0
43.7331,-77.11,0.03,-105.69,-11.33,0.90,7,7,-1.000,0
43.7373,-77.16,-0.05,-105.71,-11.23,0.12,7,7,-1.000,0
43.7417,-76.93,0.22,-105.63,-10.94,0.39,7,7,-1.000,0
43.7454,-74.91,2.03,-106.67,-8.68,3.09,7,7,-1.000,0
43.7497,-74.50,0.40,-106.74,-8.50,0.44,7,7,-1.000,0
43.7540,-74.50,0.00,-106.58,-7.84,0.67,7,7,-1.000,0
43.7583,-73.64,0.86,-106.59,-7.64,0.88,7,7,-1.000,0
43.7622,-73.49,0.15,-106.71,-7.43,0.28,7,7,-1.000,0
43.7662,-73.21,0.28,-106.78,-7.28,0.32,7,7,-1.000,0
43.7707,-72.86,0.35,-106.97,-7.24,0.38,7,7,-1.000,0
43.7750,-72.83,0.03,-107.29,-7.44,0.38,7,7,-1.000,0
43.7790,-72.85,-0.02,-107.28,-7.24,0.20,7,7,-1.000,0
43.7830,-72.26,0.59,-106.85,-6.89,0.85,7,7,-1.000,0
43.7874,-71.86,0.40,-106.70,-6.74,0.47,7,7,-1.000,0
43.7917,-71.75,0.11,-106.42,-6.05,0.76,7,7,-1.000,0
43.7956,-71.53,0.22,-106.45,-6.24,0.29,7,7,-1.000,0
43.7996,-70.49,1.05,-106.22,-6.36,1.10,7,7,-1.000,0
43.8039,-70.39,0.09,-105.77,-5.72,0.79,7,7,-1.000,0
43.8080,-69.87,0.52,-105.69,-5.60,0.55,7,7,-1.000,0
43.8124,-70.07,-0.20,-105.95,-5.56,0.35,7,7,-1.000,0
43.8166,-69.70,0.37,-105.61,-5.12,0.69,7,7,-1.000,0
43.8206,-69.38,0.33,-105.05,-4.50,0.91,7,7,-1.000,0
43.8248,-69.36,0.02,-104.96,-3.97,0.54,7,7,-1.000,0
43.8294,-69.54,-0.18,-105.21,-4.03,0.32,7,7,-1.000,0
43.8333,-69.62,-0.08,-105.10,-3.07,0.96,7,7,-1.000,0
43.8375,-69.21,0.41,-105.06,-2.61,0.62,7,7,-1.000,0
43.8418,-69.19,0.02,-104.85,-1.92,0.72,7,7,-1.000,0
43.8457,-69.19,0.01,-104.88,-1.39,0.53,7,7,-1.000,0
43.8497,-69.22,-0.03,-105.41,-1.10,0.60,7,7,-1.000,0
43.8540,-68.83,0.39,-105.13,-0.36,0.89,7,7,-1.000,0
43.8585,-68.57,0.26,-105.17,0.05,0.48,7,7,-1.000,0
43.8622,-68.08,0.49,-105.02,0.71,0.83,7,7,-1.000,0
43.8664,-67.62,0.46,-104.94,1.02,0.56,7,7,-1.000,0
43.8707,-67.51,0.11,-104.96,1.48,0.48,7,7,-1.000,0
43.8750,-67.31,0.20,-105.16,1.76,0.40,7,7,-1.000,0
43.8790,-66.83,0.48,-105.22,1.98,0.53,7,7,-1.000,0
43.8831,-66.42,0.42,-105.08,2.58,0.74,7,7,-1.000,0
43.8874,-66.04,0.38,-105.16,2.69,0.41,7,7,-1.000,0
43.8918,-65.29,0.75,-104.64,3.29,1.08,7,7,-1.000,0
43.8958,-64.80,0.49,-104.55,3.54,0.55,7,7,-1.000,0
43.8998,-64.39,0.40,-104.36,4.02,0.64,7,7,-1.000,0
43.9040,-63.55,0.84,-103.97,4.29,0.94,7,7,-1.000,0
43.9084,-63.08,0.48,-103.54,4.63,0.71,7,7,-1.000,0
43.9123,-62.58,0.50,-103.71,4.52,0.55,7,7,-1.000,0
43.9163,-61.47,1.10,-102.75,5.01,1.49,7,7,-1.000,0
43.9207,-60.63,0.84,-101.90,5.38,1.20,7,7,-1.000,0
43.9253,-59.94,0.69,-101.18,5.71,1.01,7,7,-1.000,0
43.9291,-59.46,0.48,-100.77,6.08,0.70,7,7,-1.000,0
43.9331,-59.05,0.41,-100.19,6.70,0.91,7,7,-1.000,0
43.9374,-58.74,0.32,-99.81,7.10,0.61,7,7,-1.000,0
43.9423,-58.26,0.48,-99.44,7.52,0.70,7,7,-1.000,0
43.9461,-57.92,0.34,-99.51,8.38,0.93,7,7,-1.000,0
43.9499,-57.78,0.14,-99.50,8.91,0.54,7,7,-1.000,0
43.9541,-57.62,0.15,-99.38,9.65,0.77,7,7,-1.000,0
43.9584,-56.63,0.99,-99.99,10.53,1.53,7,7,-1.000,0
43.9623,-55.82,0.81,-100.23,11.58,1.38,7,7,-1.000,0
43.9663,-55.73,0.09,-99.95,12.12,0.60,7,7,-1.000,0
43.9706,-55.05,0.68,-99.67,13.25,1.32,7,7,-1.000,0
43.9751,-54.76,0.29,-99.77,13.79,0.63,7,7,-1.000,0
43.9790,-53.88,0.88,-99.57,14.65,1.21,7,7,-1.000,0
43.9829,-53.30,0.57,-99.39,15.56,1.07,7,7,-1.000,0
43.9873,-52.73,0.57,-98.85,16.41,1.08,7,7,-1.000,0
43.9918,-52.11,0.62,-98.65,17.08,0.89,7,7,-1.000,0
43.9957,-52.57,-0.45,-99.02,17.83,0.90,7,7,-1.000,0
43.9997,-51.81,0.75,-98.58,18.49,0.99,7,7,-1.000,0
44.0040,-50.89,0.92,-97.67,19.12,1.24,7,7,-1.000,0
44.0085,-49.24,1.66,-96.13,19.65,1.93,7,7,-1.000,0
44.0123,-49.44,-0.21,-97.60,19.97,1.45,7,7,-1.000,0
44.0163,-46.88,2.56,-95.10,20.36,2.92,7,7,-1.000,0
44.0207,-45.28,1.60,-93.80,20.59,1.69,7,7,-1.000,0
44.0251,-44.51,0.78,-93.11,21.08,0.96,7,7,-1.000,0
44.0291,-42.23,2.28,-91.31,20.64,2.39,7,7,-1.000,0
44.0331,-41.60,0.63,-91.13,20.43,0.63,7,7,-1.000,0
44.0374,-39.30,2.31,-88.71,20.06,2.73,7,7,-1.000,0
44.0419,-38.19,1.11,-87.14,20.04,1.58,7,7,-1.000,0
44.0459,-37.15,1.03,-85.88,19.57,1.41,7,7,-1.000,0
44.0499,-36.99,0.16,-85.56,19.38,0.37,7,7,-1.000,0
44.0542,-36.41,0.58,-84.90,18.89,0.87,7,7,-1.000,0
44.0586,-35.84,0.57,-84.03,18.63,0.92,7,7,-1.000,0
44.0625,-35.15,0.69,-82.80,18.63,1.20,7,7,-1.000,0
44.0665,-34.92,0.23,-82.37,18.52,0.43,7,7,-1.000,0
44.0709,-34.47,0.45,-81.99,18.25,0.56,7,7,-1.000,0
44.0749,-33.14,1.33,-80.41,18.87,1.82,7,7,-1.000,0
44.0790,-32.38,0.76,-79.99,18.88,0.74,7,7,-1.000,0
44.0832,-31.37,1.00,-79.02,19.31,1.22,7,7,-1.000,0
44.0874,-31.08,0.29,-78.88,19.39,0.29,7,7,-1.000,0
44.0918,-31.01,0.07,-79.42,19.56,0.60,7,7,-1.000,0
44.0958,-29.96,1.05,-79.95,19.84,1.36,7,7,-1.000,0
44.0998,-29.85,0.11,-81.22,20.06,1.33,7,7,-1.000,0
44.1056,-28.96,0.89,-80.51,20.63,1.09,7,7,-1.000,0
44.1106,-28.31,0.65,-79.27,21.13,1.27,7,7,-1.000,0
44.1144,-26.67,1.64,-79.15,21.79,1.73,7,7,-1.000,0
44.1185,-25.26,1.41,-80.22,22.29,2.12,7,7,-1.000,0
44.1230,-25.05,0.21,-80.22,22.57,0.35,7,7,-1.000,0
44.1271,-24.52,0.53,-80.51,22.92,0.78,7,7,-1.000,0
44.1312,-22.98,1.54,-81.22,22.84,1.93,7,7,-1.000,0
44.1350,-22.48,0.50,-79.15,23.16,1.96,7,7,-1.000,0
44.1393,-22.34,0.15,-79.64,23.19,0.57,7,7,-1.000,0
44.1436,-21.75,0.59,-79.49,23.13,0.55,7,7,-1.000,0
44.1476,-21.56,0.19,-78.91,22.96,0.56,7,7,-1.000,0
44.1520,-21.07,0.49,-78.82,22.60,0.59,7,7,-1.000,0
44.1566,-20.82,0.25,-78.53,22.38,0.37,7,7,-1.000,0
44.1606,-20.36,0.46,-77.38,22.13,1.09,7,7,-1.000,0
44.1649,-19.75,0.61,-76.77,22.00,0.69,7,7,-1.000,0
44.1681,-18.76,0.99,-75.83,21.92,1.08,7,7,-1.000,0
44.1721,-17.17,1.59,-73.62,22.16,2.19,7,7,-1.000,0
44.1762,-16.17,1.00,-72.34,22.26,1.30,7,7,-1.000,0
44.1791,-15.92,0.26,-72.82,21.84,0.76,7,7,-1.000,0
44.1834,-14.97,0.95,-72.70,21.91,0.92,7,7,-1.000,0
44.1877,-14.00,0.96,-71.93,21.84,0.99,7,7,-1.000,0
44.1918,-13.26,0.74,-71.04,21.72,0.93,7,7,-1.000,0
44.1957,-12.76,0.50,-71.56,21.68,0.84,7,7,-1.000,0
44.1998,-12.14,0.62,-71.82,21.90,0.79,7,7,-1.000,0
44.2041,-12.59,-0.45,-73.94,22.06,2.01,7,7,-1.000,0
44.2085,-12.18,0.41,-74.11,22.28,0.54,7,7,-1.000,0
44.2123,-11.29,0.90,-73.76,22.41,0.84,7,7,-1.000,0
44.2164,-10.50,0.79,-73.81,22.62,0.83,7,7,-1.000,0
44.2208,-10.02,0.48,-74.00,22.76,0.60,7,7,-1.000,0
44.2251,-9.57,0.45,-72.93,23.07,1.03,7,7,-1.000,0
44.2291,-8.34,1.22,-73.67,23.22,1.66,7,7,-1.000,0
44.2332,-7.70,0.65,-72.59,23.72,1.13,7,7,-1.000,0
44.2375,-6.79,0.90,-72.86,24.11,1.11,7,7,-1.000,0
44.2418,-5.74,1.05,-72.68,24.52,1.07,7,7,-1.000,0
44.2457,-4.61,1.14,-72.31,25.30,1.30,7,7,-1.000,0
44.2499,-3.38,1.22,-71.82,26.02,1.32,7,7,-1.000,0
44.2541,-2.09,1.29,-71.79,26.63,1.41,7,7,-1.000,0
44.2585,-0.44,1.66,-71.49,27.25,1.66,7,7,-1.000,0
44.2625,0.57,1.01,-71.69,28.05,1.37,7,7,-1.000,0
44.2664,2.39,1.83,-71.05,28.49,1.68,7,7,-1.000,0
44.2707,3.88,1.49,-70.88,29.16,1.56,7,7,-1.000,0
44.2752,5.06,1.18,-70.91,29.84,1.38,7,7,-1.000,0
44.2792,6.06,1.01,-72.20,30.34,2.06,7,7,-1.000,0
44.2832,7.89,1.83,-70.14,30.73,1.98,7,7,-1.000,0
44.2874,8.90,1.01,-70.04,31.29,1.11,7,7,-1.000,0
44.2917,9.83,0.92,-69.99,31.56,0.93,7,7,-1.000,0
44.2956,10.99,1.16,-69.10,31.81,1.06,7,7,-1.000,0
44.2998,12.09,1.10,-68.98,31.97,1.06,7,7,-1.000,0
44.3040,13.07,0.98,-68.74,31.89,0.88,7,7,-1.000,0
44.3085,14.12,1.05,-67.75,32.02,1.00,7,7,-1.000,0
44.3123,15.37,1.25,-66.99,31.79,1.09,7,7,-1.000,0
44.3163,16.53,1.17,-66.98,31.96,1.17,7,7,-1.000,0
44.3206,17.84,1.31,-66.53,31.87,1.14,7,7,-1.000,0
44.3251,19.27,1.43,-65.78,31.90,1.22,7,7,-1.000,0
44.3289,20.22,0.95,-65.84,31.83,0.98,7,7,-1.000,0
44.3330,21.62,1.40,-65.48,31.83,1.25,7,7,-1.000,0
44.3373,23.15,1.53,-65.28,32.03,1.45,7,7,-1.000,0
44.3418,24.78,1.63,-64.49,32.31,1.41,7,7,-1.000,0
44.3457,26.33,1.55,-64.05,32.83,1.46,7,7,-1.000,0
44.3498,28.04,1.70,-63.43,33.33,1.54,7,7,-1.000,0
44.3541,29.73,1.69,-62.74,33.66,1.47,7,7,-1.000,0
44.3582,31.18,1.45,-62.72,34.61,1.73,7,7,-1.000,0
44.3623,33.00,1.82,-62.21,35.45,1.79,7,7,-1.000,0
44.3662,34.75,1.75,-61.59,35.90,1.55,7,7,-1.000,0
44.3707,36.90,2.15,-60.92,36.73,2.02,7,7,-1.000,0
44.3751,38.06,1.16,-60.89,37.54,1.40,7,7,-1.000,0
44.3790,39.53,1.47,-60.74,38.17,1.52,7,7,-1.000,0
44.3830,40.40,0.87,-60.82,38.71,1.07,7,7,-1.000,0
44.3877,42.48,2.08,-60.73,39.57,2.20,7,7,-1.000,0
44.3921,46.20,3.71,-58.13,39.33,2.89,7,7,-1.000,0
44.3959,47.94,1.74,-57.80,39.87,1.64,7,7,-1.000,0
44.3998,49.08,1.14,-58.07,40.69,1.57,7,7,-1.000,0
44.4041,51.37,2.29,-57.18,40.89,1.85,7,7,-1.000,0
44.4083,53.63,2.26,-56.70,41.37,2.03,7,7,-1.000,0
44.4123,55.58,1.95,-56.51,42.12,1.98,7,7,-1.000,0
44.4163,57.72,2.14,-56.02,42.88,1.99,7,7,-1.000,0
44.4206,59.86,2.14,-55.62,43.67,2.04,7,7,-1.000,0
44.4250,62.25,2.39,-54.71,44.34,1.99,7,7,-1.000,0
44.4288,64.89,2.64,-53.53,45.08,2.13,7,7,-1.000,0
44.4330,67.39,2.50,-52.77,45.71,2.13,7,7,-1.000,0
44.4373,70.09,2.69,-51.56,46.04,2.04,7,7,-1.000,0
44.4417,72.10,2.02,-50.93,47.05,1.90,7,7,-1.000,0
44.4456,74.59,2.49,-49.91,47.73,1.99,7,7,-1.000,0
44.4497,76.80,2.21,-48.93,48.16,1.68,7,7,-1.000,0
44.4540,78.78,1.98,-48.45,48.88,1.80,7,7,-1.000,0
44.4583,80.51,1.73,-47.89,49.61,1.53,7,7,-1.000,0
44.4621,82.21,1.70,-47.03,50.06,1.27,7,7,-1.000,0
44.4662,83.45,1.24,-47.17,50.38,1.38,7,7,-1.000,0
44.4706,84.87,1.42,-46.88,50.88,1.31,7,7,-1.000,0
44.4748,86.53,1.67,-46.22,51.31,1.30,7,7,-1.000,0
44.4789,88.56,2.02,-45.23,51.51,1.41,7,7,-1.000,0
44.4829,90.44,1.89,-44.67,51.73,1.50,7,7,-1.000,0
44.4874,92.37,1.92,-44.00,52.01,1.48,7,7,-1.000,0
44.4917,94.15,1.78,-43.09,52.19,1.21,7,7,-1.000,0
44.4955,96.25,2.10,-42.33,52.55,1.61,7,7,-1.000,0
44.4997,97.96,1.71,-41.80,52.85,1.36,7,7,-1.000,0
44.5040,100.40,2.45,-40.64,52.69,1.69,7,7,-1.000,0
44.5082,102.45,2.05,-39.76,52.87,1.46,7,7,-1.000,0
44.5122,104.60,2.14,-38.93,53.00,1.57,7,7,-1.000,0
44.5162,106.55,1.95,-37.70,53.17,1.23,7,7,-1.000,0
44.5206,108.78,2.23,-36.69,53.34,1.55,7,7,-1.000,0
44.5251,110.41,1.63,-36.42,54.60,1.89,7,7,-1.000,0
44.5289,112.60,2.19,-35.35,53.86,1.64,7,7,-1.000,0
44.5330,113.96,1.36,-35.12,54.81,1.52,7,7,-1.000,0
44.5373,116.10,2.14,-34.05,54.25,1.52,7,7,-1.000,0
44.5417,118.54,2.44,-32.95,54.12,1.69,7,7,-1.000,0
44.5455,120.43,1.89,-32.24,54.09,1.37,7,7,-1.000,0
44.5497,121.82,1.38,-31.81,54.19,1.07,7,7,-1.000,0
44.5539,123.81,1.99,-30.95,54.21,1.39,7,7,-1.000,0
44.5584,125.34,1.54,-30.64,54.28,1.30,7,7,-1.000,0
44.5622,126.75,1.41,-30.22,54.28,1.10,7,7,-1.000,0
44.5662,128.25,1.51,-29.56,54.31,1.04,7,7,-1.000,0
44.5706,129.58,1.32,-29.27,54.39,1.10,7,7,-1.000,0
44.5751,130.77,1.19,-28.88,54.68,0.95,7,7,-1.000,0
44.5790,131.81,1.05,-28.68,54.44,0.92,7,7,-1.000,0
44.5830,133.08,1.27,-28.58,54.26,1.20,7,7,-1.000,0
44.5873,134.11,1.03,-28.25,54.50,0.82,7,7,-1.000,0
44.5920,135.89,1.78,-27.39,54.44,1.19,7,7,-1.000,0
44.5957,136.49,0.60,-27.65,54.87,0.93,7,7,-1.000,0
44.5996,138.18,1.69,-26.95,54.74,1.20,7,7,-1.000,0
44.6040,139.31,1.13,-27.00,54.84,1.17,7,7,-1.000,0
44.6084,140.04,0.73,-26.79,55.37,0.78,7,7,-1.000,0
44.6123,141.51,1.47,-26.47,55.42,1.22,7,7,-1.000,0
44.6163,142.72,1.20,-25.93,55.34,0.82,7,7,-1.000,0
44.6206,144.17,1.45,-25.48,55.41,1.11,7,7,-1.000,0
44.6251,145.54,1.37,-25.21,55.25,1.18,7,7,-1.000,0
44.6290,146.64,1.10,-25.02,55.61,1.01,7,7,-1.000,0
44.6330,148.84,2.21,-23.62,54.71,1.60,7,7,-1.000,0
44.6373,149.94,1.10,-23.72,55.27,1.31,7,7,-1.000,0
44.6417,151.70,1.76,-23.18,55.33,1.35,7,7,-1.000,0
44.6456,153.42,1.71,-22.72,54.95,1.41,7,7,-1.000,0
44.6498,154.92,1.51,-22.34,54.90,1.21,7,7,-1.000,0
44.6541,156.56,1.63,-21.85,55.02,1.27,7,7,-1.000,0
44.6584,158.05,1.50,-21.36,54.85,1.15,7,7,-1.000,0
44.6625,159.03,0.98,-21.27,55.31,1.01,7,7,-1.000,0
44.6665,160.39,1.35,-20.75,55.21,0.98,7,7,-1.000,0
44.6707,161.44,1.06,-20.93,55.19,1.21,7,7,-1.000,0
44.6753,162.86,1.42,-20.48,55.24,1.08,7,7,-1.000,0
44.6791,163.59,0.73,-20.73,55.67,1.03,7,7,-1.000,0
44.6832,164.55,0.96,-20.70,55.44,0.97,7,7,-1.000,0
44.6874,165.43,0.87,-20.82,55.51,0.97,7,7,-1.000,0
44.6918,166.69,1.27,-20.84,55.59,1.29,7,7,-1.000,0
44.6958,168.03,1.34,-20.62,55.60,1.16,7,7,-1.000,0
44.6999,168.64,0.61,-21.03,56.31,1.21,7,7,-1.000,0
44.7041,170.63,1.99,-20.70,55.96,1.76,7,7,-1.000,0
44.7085,172.00,1.37,-20.50,56.48,1.32,7,7,-1.000,0
44.7124,173.71,1.71,-20.13,56.08,1.48,7,7,-1.000,0
44.7165,175.25,1.53,-19.43,55.87,1.05,7,7,-1.000,0
44.7208,177.20,1.96,-18.92,55.69,1.57,7,7,-1.000,0
44.7253,178.88,1.68,-18.49,55.82,1.35,7,7,-1.000,0
44.7291,-179.18,1.94,-17.90,55.81,1.49,7,7,-1.000,0
44.7332,-177.31,1.87,-17.12,55.69,1.30,7,7,-1.000,0
44.7372,-175.72,1.59,-16.44,55.78,1.10,7,7,-1.000,0
44.7417,-173.92,1.80,-15.47,55.69,1.14,7,7,-1.000,0
44.7455,-172.33,1.59,-14.88,55.61,1.15,7,7,-1.000,0
44.7498,-170.66,1.67,-14.29,55.57,1.24,7,7,-1.000,0
44.7541,-169.10,1.57,-13.55,55.76,1.06,7,7,-1.000,0
44.7583,-167.41,1.68,-12.80,55.64,1.15,7,7,-1.000,0
44.7624,-165.97,1.44,-12.53,55.90,1.26,7,7,-1.000,0
44.7664,-164.42,1.55,-12.01,56.15,1.18,7,7,-1.000,0
44.7707,-163.00,1.43,-11.60,56.43,1.14,7,7,-1.000,0
44.7751,-161.13,1.86,-10.96,57.00,1.49,7,7,-1.000,0
44.7791,-159.64,1.50,-10.86,57.54,1.51,7,7,-1.000,0
44.7832,-158.28,1.36,-10.39,58.03,1.10,7,7,-1.000,0
44.7874,-157.07,1.21,-10.57,58.79,1.57,7,7,-1.000,0
44.7918,-155.30,1.78,-9.96,59.09,1.33,7,7,-1.000,0
44.7956,-153.90,1.40,-9.79,59.68,1.38,7,7,-1.000,0
44.7998,-152.51,1.40,-9.33,60.15,1.13,7,7,-1.000,0
44.8041,-151.16,1.35,-8.93,60.47,1.07,7,7,-1.000,0
44.8082,-149.64,1.51,-8.77,60.68,1.39,7,7,-1.000,0
44.8125,-148.25,1.39,-8.52,60.85,1.20,7,7,-1.000,0
44.8168,-146.95,1.30,-8.45,61.41,1.36,7,7,-1.000,0
44.8207,-145.52,1.43,-8.10,62.10,1.32,7,7,-1.000,0
44.8249,-144.53,1.00,-7.68,62.16,0.65,7,7,-1.000,0
44.8290,-143.50,1.02,-8.10,62.97,1.62,7,7,-1.000,0
44.8333,-142.49,1.01,-8.02,63.38,1.03,7,7,-1.000,0
44.8374,-141.50,0.99,-8.16,63.96,1.27,7,7,-1.000,0
44.8419,-140.94,0.57,-8.53,64.89,1.29,7,7,-1.000,0
44.8457,-140.26,0.67,-8.63,65.23,0.84,7,7,-1.000,0
44.8498,-139.33,0.93,-8.56,65.95,1.14,7,7,-1.000,0
44.8542,-138.83,0.50,-8.94,66.89,1.27,7,7,-1.000,0
44.8582,-138.16,0.66,-8.79,67.52,0.82,7,7,-1.000,0
44.8623,-137.63,0.53,-9.30,68.52,1.44,7,7,-1.000,0
44.8664,-137.20,0.43,-9.68,69.35,1.15,7,7,-1.000,0
44.8707,-136.61,0.59,-9.49,69.89,0.68,7,7,-1.000,0
44.8747,-136.12,0.49,-9.71,70.72,1.09,7,7,-1.000,0
44.8791,-135.59,0.53,-9.67,71.23,0.70,7,7,-1.000,0
44.8833,-135.21,0.38,-10.12,72.34,1.38,7,7,-1.000,0
44.8875,-134.56,0.65,-9.92,72.98,0.80,7,7,-1.000,0
44.8920,-133.96,0.60,-10.35,74.26,1.63,7,7,-1.000,0
44.8957,-133.51,0.45,-10.64,75.34,1.31,7,7,-1.000,0
44.8997,-133.33,0.18,-11.23,76.12,1.09,7,7,-1.000,0
44.9041,-132.25,1.08,-10.64,76.79,0.86,7,7,-1.000,0
44.9085,-131.48,0.78,-10.49,77.64,1.06,7,7,-1.000,0
44.9124,-130.67,0.80,-10.64,78.88,1.57,7,7,-1.000,0
44.9164,-129.75,0.93,-10.40,79.72,1.09,7,7,-1.000,0
44.9208,-129.14,0.61,-10.46,80.45,0.98,7,7,-1.000,0
44.9252,-127.97,1.17,-10.12,81.27,1.17,7,7,-1.000,0
44.9291,-127.58,0.39,-10.69,81.85,1.12,7,7,-1.000,0
44.9331,-126.25,1.34,-10.12,82.76,1.19,7,7,-1.000,0
44.9374,-124.37,1.88,-9.17,83.30,1.08,7,7,-1.000,0
44.9419,-122.89,1.48,-8.45,84.25,1.22,7,7,-1.000,0
44.9457,-120.54,2.35,-7.10,85.09,1.32,7,7,-1.000,0
44.9498,-115.60,4.94,-2.80,86.33,1.44,7,7,-1.000,0
44.9541,-108.80,6.81,3.13,86.94,1.13,7,7,-1.000,0
44.9589,-100.22,8.57,10.92,87.46,1.02,7,7,-1.000,0
44.9632,-72.34,27.89,37.82,88.35,1.65,7,7,-1.000,0
44.9665,-45.19,27.15,64.18,88.45,1.08,7,7,-1.000,0
44.9707,-15.98,29.21,92.89,88.06,1.08,7,7,-1.000,0
44.9751,3.89,19.87,111.96,87.48,1.23,7,7,-1.000,0
44.9790,15.37,11.48,122.74,86.76,1.14,7,7,-1.000,0
44.9830,25.76,10.39,132.42,85.75,1.40,7,7,-1.000,0
44.9872,32.97,7.22,138.77,84.81,1.39,7,7,-1.000,0
44.9917,38.21,5.23,143.20,84.22,1.10,7,7,-1.000,0
44.9956,43.10,4.89,147.53,83.40,1.12,7,7,-1.000,0
44.9995,46.16,3.06,149.60,82.88,1.15,7,7,-1.000,0
45.0040,51.80,5.64,154.34,82.07,1.39,7,7,-1.000,0
45.0085,53.75,1.95,155.51,81.41,1.05,7,7,-1.000,0
45.0123,56.82,3.07,157.72,80.82,1.12,7,7,-1.000,0
45.0164,58.26,1.44,158.25,80.36,1.03,7,7,-1.000,0
45.0207,60.81,2.55,159.63,79.72,1.37,7,7,-1.000,0
45.0252,61.97,1.16,159.58,78.87,1.47,7,7,-1.000,0
45.0292,63.84,1.87,160.14,78.19,1.49,7,7,-1.000,0
45.0331,63.90,0.06,159.19,77.43,1.27,7,7,-1.000,0
45.0374,64.14,0.25,158.25,76.67,1.40,7,7,-1.000,0
45.0419,64.22,0.07,157.36,76.33,1.02,7,7,-1.000,0
45.0458,64.13,-0.09,156.21,75.54,1.33,7,7,-1.000,0
45.0498,64.29,0.16,155.32,75.16,1.12,7,7,-1.000,0
45.0541,64.10,-0.19,154.26,74.21,1.29,7,7,-1.000,0
45.0586,63.84,-0.26,153.12,73.67,1.04,7,7,-1.000,0
45.0624,63.84,-0.00,152.37,72.89,1.08,7,7,-1.000,0
45.0665,64.00,0.16,151.76,72.42,0.90,7,7,-1.000,0
45.0707,63.99,-0.01,150.98,71.49,1.21,7,7,-1.000,0
45.0753,64.25,0.26,150.72,70.74,0.91,7,7,-1.000,0
45.0792,64.55,0.30,150.47,70.13,0.82,7,7,-1.000,0
45.0833,65.35,0.80,150.67,69.40,0.95,7,7,-1.000,0
45.0874,66.30,0.95,150.99,68.70,0.97,7,7,-1.000,0
45.0919,67.32,1.02,151.32,67.76,1.19,7,7,-1.000,0
45.0956,68.02,0.70,151.40,67.31,0.77,7,7,-1.000,0
45.0997,69.04,1.03,152.07,66.95,0.60,7,7,-1.000,0
45.1057,70.89,1.85,153.03,66.07,1.36,7,7,-1.000,0
45.1104,71.85,0.96,153.24,65.43,1.01,7,7,-1.000,0
45.1144,73.40,1.55,154.19,65.09,0.86,7,7,-1.000,0
45.1184,75.41,2.01,154.57,63.67,2.20,7,7,-1.000,0
45.1228,76.94,1.53,154.91,63.03,1.39,7,7,-1.000,0
45.1271,77.67,0.72,155.01,62.02,1.20,7,7,-1.000,0
45.1311,78.39,0.72,154.67,61.08,1.39,7,7,-1.000,0
45.1347,79.55,1.16,154.72,60.48,1.27,7,7,-1.000,0
45.1394,80.73,1.18,154.84,59.96,1.20,7,7,-1.000,0
45.1433,81.35,0.62,154.46,59.37,1.13,7,7,-1.000,0
45.1474,82.52,1.16,154.34,58.80,1.40,7,7,-1.000,0
45.1512,83.47,0.95,154.12,58.12,1.32,7,7,-1.000,0
45.1560,83.98,0.51,153.52,57.47,1.26,7,7,-1.000,0
45.1602,84.92,0.93,153.40,57.15,1.08,7,7,-1.000,0
45.1643,86.12,1.20,153.30,56.48,1.46,7,7,-1.000,0
45.1686,86.15,0.04,152.27,55.74,1.29,7,7,-1.000,0
45.1722,86.94,0.79,152.09,55.35,1.02,7,7,-1.000,0
45.1766,87.64,0.70,151.79,54.78,1.11,7,7,-1.000,0
45.1800,88.56,0.91,151.47,54.02,1.41,7,7,-1.000,0
45.1832,90.29,1.74,151.68,53.49,1.66,7,7,-1.000,0
45.1876,90.73,0.44,151.02,52.85,1.23,7,7,-1.000,0
45.1916,91.61,0.87,150.60,52.19,1.40,7,7,-1.000,0
45.1956,92.45,0.84,150.28,51.46,1.33,7,7,-1.000,0
45.2000,92.78,0.34,149.43,50.96,1.24,7,7,-1.000,0
45.2040,93.53,0.75,148.61,49.69,1.95,7,7,-1.000,0
45.2080,94.32,0.79,148.29,49.06,1.22,7,7,-1.000,0
45.2122,94.76,0.44,147.77,48.27,1.20,7,7,-1.000,0
45.2163,95.56,0.80,147.29,47.41,1.47,7,7,-1.000,0
45.2207,96.35,0.79,146.81,46.56,1.46,7,7,-1.000,0
45.2248,95.86,-0.48,146.03,46.15,0.68,7,7,-1.000,0
45.2288,97.51,1.65,146.44,45.26,1.65,7,7,-1.000,0
45.2329,98.41,0.90,146.26,44.32,1.40,7,7,-1.000,0
45.2372,99.27,0.86,146.33,43.93,0.90,7,7,-1.000,0
45.2417,100.23,0.95,146.41,43.20,1.16,7,7,-1.000,0
45.2456,100.64,0.41,146.27,42.58,0.81,7,7,-1.000,0
45.2496,101.52,0.88,146.37,42.16,0.91,7,7,-1.000,0
45.2539,103.29,1.77,146.92,41.06,1.83,7,7,-1.000,0
45.2584,104.30,1.02,147.00,40.47,1.13,7,7,-1.000,0
45.2623,105.24,0.93,147.02,40.09,1.00,7,7,-1.000,0
45.2663,106.56,1.32,146.80,39.66,1.53,7,7,-1.000,0
45.2706,107.88,1.32,147.00,39.24,1.27,7,7,-1.000,0
45.2750,108.47,0.58,147.12,38.83,0.66,7,7,-1.000,0
45.2790,109.53,1.06,146.82,38.27,1.38,7,7,-1.000,0
45.2830,110.70,1.18,146.57,37.62,1.50,7,7,-1.000,0
45.2872,111.08,0.38,145.79,37.11,1.17,7,7,-1.000,0
45.2917,112.48,1.40,145.68,36.54,1.57,7,7,-1.000,0
45.2957,113.11,0.63,145.91,35.86,0.86,7,7,-1.000,0
45.2996,114.25,1.15,143.46,35.16,3.33,7,7,-1.000,0
45.3039,115.21,0.96,143.47,34.24,1.33,7,7,-1.000,0
45.3083,115.74,0.52,143.53,33.57,0.83,7,7,-1.000,0
45.3122,116.47,0.73,143.05,32.83,1.30,7,7,-1.000,0
45.3162,117.03,0.56,142.58,32.07,1.18,7,7,-1.000,0
45.3206,118.29,1.26,142.84,31.40,1.33,7,7,-1.000,0
45.3249,119.39,1.10,142.94,30.72,1.25,7,7,-1.000,0
45.3290,119.92,0.53,142.79,30.07,0.90,7,7,-1.000,0
45.3330,120.34,0.42,142.92,29.43,0.74,7,7,-1.000,0
45.3373,120.94,0.61,143.00,28.81,0.85,7,7,-1.000,0
45.3416,121.73,0.79,141.97,27.89,1.82,7,7,-1.000,0
45.3455,122.76,1.02,140.71,27.07,2.12,7,7,-1.000,0
45.3496,124.91,2.15,139.81,25.48,3.12,7,7,-1.000,0
45.3538,124.58,-0.33,140.29,25.51,0.69,7,7,-1.000,0
45.3582,125.22,0.64,139.73,24.77,1.26,7,7,-1.000,0
45.3622,125.82,0.60,139.94,24.28,0.74,7,7,-1.000,0
45.3663,126.31,0.49,139.18,23.60,1.25,7,7,-1.000,0
45.3705,127.50,1.18,139.24,22.66,1.49,7,7,-1.000,0
45.3747,127.88,0.38,138.46,21.93,1.23,7,7,-1.000,0
45.3791,128.37,0.49,137.87,21.16,1.18,7,7,-1.000,0
45.3830,127.98,-0.39,137.54,21.34,0.45,7,7,-1.000,0
45.3873,128.64,0.66,137.22,20.78,1.00,7,7,-1.000,0
45.3914,129.17,0.52,136.73,19.88,1.22,7,7,-1.000,0
45.3954,130.00,0.84,136.22,19.09,1.37,7,7,-1.000,0
45.3996,130.64,0.64,135.16,18.35,1.58,7,7,-1.000,0
45.4041,131.04,0.39,135.05,17.69,0.80,7,7,-1.000,0
45.4082,131.77,0.73,135.09,17.00,1.00,7,7,-1.000,0
45.4121,132.27,0.50,134.87,16.29,0.93,7,7,-1.000,0
45.4162,133.24,0.97,135.13,15.48,1.24,7,7,-1.000,0
45.4204,134.26,1.02,135.56,14.64,1.31,7,7,-1.000,0
45.4248,134.95,0.68,135.45,13.95,0.99,7,7,-1.000,0
45.4291,135.44,0.50,135.43,13.19,0.91,7,7,-1.000,0
45.4330,135.98,0.54,135.50,12.45,0.91,7,7,-1.000,0
45.4371,136.29,0.31,135.30,11.78,0.78,7,7,-1.000,0
45.4415,137.21,0.92,134.98,10.84,1.39,7,7,-1.000,0
45.4455,137.54,0.33,135.60,10.31,0.84,7,7,-1.000,0
45.4495,137.97,0.43,135.22,9.48,1.03,7,7,-1.000,0
45.4540,138.22,0.25,135.34,8.47,1.04,7,7,-1.000,0
45.4580,138.75,0.53,134.97,7.58,1.12,7,7,-1.000,0
45.4621,139.05,0.30,135.25,6.60,1.05,7,7,-1.000,0
45.4662,139.86,0.81,135.40,5.37,1.47,7,7,-1.000,0
45.4704,140.20,0.33,135.66,4.35,1.10,7,7,-1.000,0
45.4749,140.72,0.52,135.67,3.31,1.15,7,7,-1.000,0
45.4788,140.91,0.19,136.09,2.77,0.71,7,7,-1.000,0
45.4829,140.82,-0.08,135.62,1.46,1.39,7,7,-1.000,0
45.4873,141.77,0.94,135.97,0.01,1.77,7,7,-1.000,0
45.4917,141.87,0.10,136.52,-0.55,0.79,7,7,-1.000,0
45.4957,142.60,0.73,136.26,-2.43,2.03,7,7,-1.000,0
45.4998,143.00,0.40,136.25,-3.28,0.94,7,7,-1.000,0
45.5039,143.31,0.31,136.85,-4.11,1.08,7,7,-1.000,0
45.5083,143.66,0.35,136.95,-5.47,1.41,7,7,-1.000,0
45.5123,144.15,0.50,137.09,-6.66,1.31,7,7,-1.000,0
45.5163,144.64,0.49,136.98,-7.85,1.28,7,7,-1.000,0
45.5205,144.81,0.17,137.53,-8.91,1.22,7,7,-1.000,0
45.5250,145.12,0.31,137.98,-9.93,1.18,7,7,-1.000,0
45.5288,146.18,1.07,137.18,-11.47,1.96,7,7,-1.000,0
45.5331,146.14,-0.04,137.98,-12.14,1.04,7,7,-1.000,0
45.5373,146.18,0.04,138.77,-12.84,1.06,7,7,-1.000,0
45.5417,147.26,1.08,138.38,-14.63,2.08,7,7,-1.000,0
45.5458,147.33,0.07,139.02,-15.24,0.89,7,7,-1.000,0
45.5498,147.75,0.43,139.38,-16.61,1.51,7,7,-1.000,0
45.5541,147.66,-0.09,140.21,-17.45,1.16,7,7,-1.000,0
45.5584,148.83,1.17,137.90,-18.69,2.55,7,7,-1.000,0
45.5624,149.03,0.20,139.13,-19.76,1.69,7,7,-1.000,0
45.5664,149.39,0.36,138.91,-20.73,1.03,7,7,-1.000,0
45.5707,149.43,0.04,138.89,-21.77,1.04,7,7,-1.000,0
45.5749,150.08,0.65,138.87,-22.47,0.95,7,7,-1.000,0
45.5790,150.39,0.32,139.54,-23.55,1.38,7,7,-1.000,0
45.5832,151.25,0.86,139.36,-24.54,1.28,7,7,-1.000,0
45.5875,151.15,-0.10,139.92,-24.94,0.66,7,7,-1.000,0
45.5918,150.64,-0.51,143.45,-26.00,3.51,7,7,-1.000,0
45.5956,152.22,1.58,140.52,-27.52,3.04,7,7,-1.000,0
45.5998,151.99,-0.23,141.27,-28.52,1.21,7,7,-1.000,0
45.6041,152.15,0.17,141.69,-29.11,0.78,7,7,-1.000,0
45.6084,151.59,-0.56,142.96,-29.78,1.30,7,7,-1.000,0
45.6125,152.69,1.10,142.10,-30.94,1.53,7,7,-1.000,0
45.6164,152.74,0.05,142.48,-32.22,1.34,7,7,-1.000,0
45.6207,152.45,-0.29,143.01,-33.18,1.05,7,7,-1.000,0
45.6249,152.96,0.51,142.98,-34.00,0.96,7,7,-1.000,0
45.6291,153.05,0.09,143.61,-35.31,1.48,7,7,-1.000,0
45.6332,152.03,-1.03,145.37,-36.50,1.86,7,7,-1.000,0
45.6375,153.12,1.10,144.59,-37.71,1.49,7,7,-1.000,0
45.6418,152.49,-0.63,145.71,-38.91,1.49,7,7,-1.000,0
45.6457,152.34,-0.15,146.34,-40.30,1.49,7,7,-1.000,0
45.6497,152.73,0.39,146.54,-41.62,1.44,7,7,-1.000,0
45.6540,152.77,0.03,147.03,-42.86,1.34,7,7,-1.000,0
45.6583,153.01,0.25,147.48,-44.27,1.55,7,7,-1.000,0
45.6625,152.78,-0.23,149.86,-45.61,2.60,7,7,-1.000,0
45.6665,153.00,0.22,149.92,-46.88,1.30,7,7,-1.000,0
45.6707,152.68,-0.31,149.91,-48.11,1.27,7,7,-1.000,0
45.6752,153.08,0.39,151.23,-49.40,2.08,7,7,-1.000,0
45.6793,152.55,-0.53,151.97,-50.26,0.98,7,7,-1.000,0
45.6832,151.82,-0.73,152.58,-51.68,1.49,7,7,-1.000,0
45.6875,151.60,-0.22,153.26,-52.28,0.79,7,7,-1.000,0
45.6919,151.12,-0.48,154.33,-53.23,1.20,7,7,-1.000,0
45.6958,150.63,-0.49,155.13,-53.99,0.91,7,7,-1.000,0
45.6998,150.12,-0.51,155.98,-54.69,0.88,7,7,-1.000,0
45.7042,149.02,-1.10,157.24,-55.80,1.32,7,7,-1.000,0
45.7085,148.16,-0.87,158.62,-56.55,1.11,7,7,-1.000,0
45.7123,147.60,-0.56,159.36,-57.41,0.94,7,7,-1.000,0
45.7165,146.80,-0.79,160.39,-57.88,0.73,7,7,-1.000,0
45.7208,145.78,-1.03,161.67,-58.78,1.12,7,7,-1.000,0
45.7254,144.62,-1.16,163.09,-59.99,1.41,7,7,-1.000,0
45.7292,143.49,-1.12,164.63,-60.48,0.93,7,7,-1.000,0
45.7332,141.24,-2.25,166.68,-61.54,1.52,7,7,-1.000,0
45.7374,140.11,-1.13,168.20,-62.44,1.17,7,7,-1.000,0
45.7419,139.07,-1.04,169.81,-63.12,1.08,7,7,-1.000,0
45.7457,137.77,-1.30,171.42,-64.24,1.34,7,7,-1.000,0
45.7497,136.41,-1.36,172.98,-64.96,0.98,7,7,-1.000,0
45.7542,134.56,-1.86,175.33,-65.56,1.19,7,7,-1.000,0
45.7585,133.35,-1.20,176.56,-66.09,0.73,7,7,-1.000,0
45.7623,131.84,-1.51,178.32,-66.77,0.98,7,7,-1.000,0
45.7665,129.90,-1.94,-178.82,-67.68,1.59,7,7,-1.000,0
45.7708,127.39,-2.51,-176.05,-68.40,1.26,7,7,-1.000,0
45.7752,125.21,-2.18,-172.91,-69.12,1.54,7,7,-1.000,0
45.7793,123.84,-1.37,-171.58,-69.23,0.50,7,7,-1.000,0
45.7833,121.36,-2.48,-168.04,-69.66,1.56,7,7,-1.000,0
45.7875,118.04,-3.31,-164.04,-70.17,1.53,7,7,-1.000,0
45.7920,114.87,-3.17,-160.54,-70.76,1.31,7,7,-1.000,0
45.7959,112.07,-2.81,-156.68,-70.84,1.52,7,7,-1.000,0
45.7999,108.98,-3.08,-152.70,-70.60,1.50,7,7,-1.000,0
45.8043,104.89,-4.09,-148.52,-71.17,1.49,7,7,-1.000,0
45.8084,100.87,-4.02,-143.88,-70.88,1.58,7,7,-1.000,0
45.8127,98.97,-1.90,-141.50,-71.03,0.87,7,7,-1.000,0
45.8168,95.31,-3.66,-135.88,-70.24,2.60,7,7,-1.000,0
45.8209,91.59,-3.72,-132.29,-70.29,1.26,7,7,-1.000,0
45.8251,89.26,-2.33,-129.68,-70.23,0.89,7,7,-1.000,0
45.8295,86.87,-2.39,-126.61,-69.98,1.18,7,7,-1.000,0
45.8334,83.37,-3.50,-122.42,-69.70,1.54,7,7,-1.000,0
45.8376,81.99,-1.38,-120.09,-69.11,1.28,7,7,-1.000,0
45.8419,80.72,-1.26,-117.39,-69.07,1.59,7,7,-1.000,0
45.8458,77.83,-2.90,-114.41,-68.52,1.21,7,7,-1.000,0
45.8500,75.87,-1.96,-112.62,-68.42,0.72,7,7,-1.000,0
45.8542,75.61,-0.27,-111.43,-67.99,1.04,7,7,-1.000,0
45.8586,76.21,0.60,-110.73,-67.65,1.33,7,7,-1.000,0
45.8624,74.41,-1.80,-108.45,-67.42,0.95,7,7,-1.000,0
45.8666,73.24,-1.16,-107.43,-66.96,0.64,7,7,-1.000,0
45.8707,73.07,-0.17,-106.69,-66.51,0.74,7,7,-1.000,0
45.8752,70.97,-2.10,-104.44,-65.78,1.16,7,7,-1.000,0
45.8790,70.15,-0.82,-103.38,-65.46,0.57,7,7,-1.000,0
45.8830,69.69,-0.46,-102.54,-64.79,0.82,7,7,-1.000,0
45.8873,68.90,-0.79,-101.50,-64.15,0.79,7,7,-1.000,0
45.8916,67.24,-1.66,-99.37,-63.19,1.37,7,7,-1.000,0
45.8955,68.90,1.66,-99.90,-62.81,1.26,7,7,-1.000,0
45.8996,67.59,-1.31,-99.06,-61.98,1.08,7,7,-1.000,0
45.9039,67.24,-0.35,-97.76,-61.36,1.17,7,7,-1.000,0
45.9084,67.33,0.10,-97.00,-60.57,1.16,7,7,-1.000,0
45.9124,66.76,-0.58,-95.45,-59.54,1.50,7,7,-1.000,0
45.9164,65.14,-1.62,-93.21,-58.55,1.55,7,7,-1.000,0
45.9207,64.94,-0.20,-92.42,-57.94,0.88,7,7,-1.000,0
45.9251,64.02,-0.92,-91.01,-56.83,1.37,7,7,-1.000,0
45.9291,63.13,-0.89,-89.31,-55.97,1.38,7,7,-1.000,0
45.9330,63.06,-0.08,-88.47,-55.47,0.93,7,7,-1.000,0
45.9373,61.79,-1.27,-86.38,-54.44,1.64,7,7,-1.000,0
45.9419,61.06,-0.73,-85.06,-53.88,1.02,7,7,-1.000,0
45.9457,61.09,0.04,-83.91,-53.17,1.37,7,7,-1.000,0
45.9497,59.66,-1.44,-82.12,-52.89,1.12,7,7,-1.000,0
45.9540,60.12,0.46,-81.12,-52.45,1.46,7,7,-1.000,0
45.9582,59.62,-0.50,-79.99,-52.03,0.90,7,7,-1.000,0
45.9623,59.05,-0.57,-78.46,-51.57,1.23,7,7,-1.000,0
45.9663,58.61,-0.44,-77.83,-51.43,0.42,7,7,-1.000,0
45.9706,58.47,-0.13,-76.57,-50.81,1.32,7,7,-1.000,0
45.9754,58.59,0.12,-75.71,-50.57,0.98,7,7,-1.000,0
45.9792,58.13,-0.45,-74.92,-50.19,0.65,7,7,-1.000,0
45.9833,57.86,-0.28,-74.33,-49.36,0.93,7,7,-1.000,0
45.9875,58.17,0.31,-73.52,-49.28,1.07,7,7,-1.000,0
45.9918,57.84,-0.33,-72.54,-48.25,1.29,7,7,-1.000,0
45.9956,58.00,0.16,-71.64,-47.50,1.27,7,7,-1.000,0
45.9997,58.67,0.66,-70.93,-47.17,1.32,7,7,-1.000,0
46.0041,58.99,0.32,-69.88,-46.20,1.62,7,7,-1.000,0
46.0086,59.22,0.24,-69.19,-45.44,1.16,7,7,-1.000,0
46.0124,59.52,0.30,-68.22,-44.42,1.58,7,7,-1.000,0
46.0164,60.33,0.81,-66.90,-43.75,2.08,7,7,-1.000,0
46.0207,60.17,-0.16,-65.77,-42.49,1.63,7,7,-1.000,0
46.0250,60.10,-0.06,-64.60,-41.07,1.81,7,7,-1.000,0
46.0290,60.48,0.38,-63.27,-40.11,1.87,7,7,-1.000,0
46.0331,60.31,-0.17,-62.14,-38.56,1.86,7,7,-1.000,0
46.0373,60.42,0.11,-61.12,-37.22,1.73,7,7,-1.000,0
46.0419,60.47,0.06,-60.24,-36.06,1.47,7,7,-1.000,0
46.0457,60.66,0.18,-59.16,-34.86,1.70,7,7,-1.000,0
46.0497,61.16,0.50,-58.42,-33.90,1.46,7,7,-1.000,0
46.0540,61.07,-0.09,-57.56,-33.12,1.14,7,7,-1.000,0
46.0585,61.58,0.51,-56.72,-32.57,1.31,7,7,-1.000,0
46.0624,61.77,0.19,-56.31,-31.76,0.97,7,7,-1.000,0
46.0664,62.11,0.34,-55.64,-31.19,1.06,7,7,-1.000,0
46.0707,62.20,0.09,-55.26,-30.66,0.69,7,7,-1.000,0
46.0748,62.50,0.31,-54.82,-30.23,0.78,7,7,-1.000,0
46.0790,62.70,0.20,-54.29,-29.72,0.82,7,7,-1.000,0
46.0831,63.31,0.60,-53.66,-29.43,1.11,7,7,-1.000,0
46.0874,63.50,0.19,-53.00,-29.03,0.87,7,7,-1.000,0
46.0917,63.89,0.39,-52.72,-28.70,0.67,7,7,-1.000,0
46.0956,64.40,0.51,-52.00,-28.17,1.18,7,7,-1.000,0
46.0998,65.16,0.76,-51.23,-27.87,1.34,7,7,-1.000,0
46.1055,65.77,0.61,-50.42,-27.47,1.29,7,7,-1.000,0
46.1109,66.26,0.49,-49.50,-26.70,1.45,7,7,-1.000,0
46.1147,66.81,0.55,-48.67,-26.89,1.20,7,7,-1.000,0
46.1188,67.52,0.71,-47.55,-26.27,1.70,7,7,-1.000,0
46.1230,68.01,0.48,-46.24,-25.63,1.71,7,7,-1.000,0
46.1275,68.48,0.47,-45.08,-25.00,1.56,7,7,-1.000,0
46.1312,68.50,0.02,-44.04,-25.20,1.06,7,7,-1.000,0
46.1353,69.15,0.65,-42.18,-22.79,3.28,7,7,-1.000,0
46.1394,69.25,0.10,-41.22,-22.20,1.16,7,7,-1.000,0
46.1436,69.83,0.58,-40.19,-22.13,1.36,7,7,-1.000,0
46.1475,70.00,0.17,-39.11,-20.95,1.65,7,7,-1.000,0
46.1519,70.29,0.30,-38.46,-20.85,0.81,7,7,-1.000,0
46.1562,70.83,0.54,-37.48,-20.67,1.29,7,7,-1.000,0
46.1609,71.02,0.19,-36.85,-19.92,1.04,7,7,-1.000,0
46.1648,71.27,0.25,-36.38,-19.35,0.83,7,7,-1.000,0
46.1687,71.75,0.48,-36.04,-18.94,0.78,7,7,-1.000,0
46.1726,72.25,0.50,-35.43,-18.66,0.95,7,7,-1.000,0
46.1768,72.64,0.40,-34.92,-18.00,0.99,7,7,-1.000,0
46.1791,73.32,0.68,-33.93,-17.45,1.46,7,7,-1.000,0
46.1835,73.94,0.61,-33.44,-16.96,1.02,7,7,-1.000,0
46.1874,74.71,0.78,-32.37,-16.17,1.68,7,7,-1.000,0
46.1918,75.19,0.47,-32.16,-16.07,0.58,7,7,-1.000,0
46.1957,75.46,0.27,-32.20,-15.11,0.99,7,7,-1.000,0
46.1997,76.44,0.98,-31.79,-15.11,1.16,7,7,-1.000,0
46.2040,77.56,1.12,-30.46,-14.42,2.06,7,7,-1.000,0
46.2084,78.34,0.78,-29.08,-14.18,1.76,7,7,-1.000,0
46.2122,79.06,0.72,-28.20,-14.05,1.28,7,7,-1.000,0
46.2163,80.26,1.20,-27.30,-14.08,1.67,7,7,-1.000,0
46.2206,81.13,0.87,-26.05,-13.81,1.71,7,7,-1.000,0
46.2251,81.93,0.79,-24.97,-13.43,1.54,7,7,-1.000,0
46.2292,82.76,0.83,-24.00,-13.45,1.41,7,7,-1.000,0
46.2331,83.37,0.61,-23.21,-13.26,1.12,7,7,-1.000,0
46.2372,84.11,0.74,-22.31,-13.19,1.29,7,7,-1.000,0
46.2418,84.60,0.49,-21.64,-12.90,0.97,7,7,-1.000,0
46.2456,85.43,0.83,-21.18,-12.53,1.09,7,7,-1.000,0
46.2497,86.08,0.66,-20.25,-12.78,1.28,7,7,-1.000,0
46.2539,86.71,0.62,-19.73,-12.62,0.91,7,7,-1.000,0
46.2585,87.53,0.82,-19.05,-12.49,1.18,7,7,-1.000,0
46.2623,88.25,0.72,-18.39,-12.48,1.08,7,7,-1.000,0
46.2663,88.98,0.74,-17.87,-12.88,1.06,7,7,-1.000,0
46.2706,89.53,0.55,-17.04,-12.39,1.20,7,7,-1.000,0
46.2751,90.18,0.65,-16.34,-12.28,1.06,7,7,-1.000,0
46.2791,90.83,0.65,-15.48,-12.45,1.19,7,7,-1.000,0
46.2832,91.40,0.57,-14.60,-12.45,1.15,7,7,-1.000,0
46.2876,91.68,0.28,-13.78,-12.43,0.92,7,7,-1.000,0
46.2919,92.34,0.66,-12.62,-13.07,1.59,7,7,-1.000,0
46.2958,92.76,0.42,-11.53,-13.23,1.26,7,7,-1.000,0
46.2998,93.18,0.42,-10.58,-13.65,1.20,7,7,-1.000,0
46.3042,93.38,0.20,-9.31,-14.19,1.45,7,7,-1.000,0
46.3086,93.65,0.27,-8.03,-14.87,1.52,7,7,-1.000,0
46.3125,93.58,-0.07,-6.35,-15.64,1.83,7,7,-1.000,0
46.3165,93.51,-0.07,-5.32,-15.89,1.05,7,7,-1.000,0
46.3208,93.58,0.08,-4.11,-16.30,1.29,7,7,-1.000,0
46.3253,93.45,-0.14,-2.80,-17.30,1.63,7,7,-1.000,0
46.3292,93.39,-0.06,-1.61,-17.05,1.20,7,7,-1.000,0
46.3333,93.14,-0.25,-0.41,-17.31,1.18,7,7,-1.000,0
46.3375,93.16,0.02,1.11,-17.66,1.56,7,7,-1.000,0
46.3420,93.14,-0.02,1.94,-17.92,0.87,7,7,-1.000,0
46.3458,92.99,-0.15,3.19,-18.00,1.21,7,7,-1.000,0
46.3498,92.87,-0.12,4.41,-18.26,1.22,7,7,-1.000,0
46.3542,93.10,0.23,5.45,-18.22,1.13,7,7,-1.000,0
46.3584,93.03,-0.07,6.70,-18.68,1.31,7,7,-1.000,0
46.3623,93.44,0.41,7.47,-18.49,1.01,7,7,-1.000,0
46.3665,93.41,-0.03,8.89,-18.62,1.42,7,7,-1.000,0
46.3708,94.11,0.70,9.36,-18.88,1.00,7,7,-1.000,0
46.3753,94.54,0.43,9.41,-19.14,0.52,7,7,-1.000,0
46.3792,94.71,0.17,9.92,-19.42,0.65,7,7,-1.000,0
46.3833,95.30,0.59,10.24,-20.10,1.02,7,7,-1.000,0
46.3875,95.19,-0.11,11.58,-21.59,1.97,7,7,-1.000,0
46.3919,96.19,1.00,10.92,-21.93,1.04,7,7,-1.000,0
46.3958,96.64,0.45,10.89,-22.08,0.47,7,7,-1.000,0
46.3999,97.15,0.50,11.08,-23.18,1.25,7,7,-1.000,0
46.4046,97.66,0.51,11.01,-24.14,1.09,7,7,-1.000,0
46.4086,97.77,0.11,11.23,-24.90,0.81,7,7,-1.000,0
46.4125,98.15,0.38,10.97,-26.02,1.17,7,7,-1.000,0
46.4165,98.44,0.28,11.54,-27.37,1.54,7,7,-1.000,0
46.4209,99.10,0.66,11.33,-28.24,1.05,7,7,-1.000,0
46.4252,99.10,0.00,11.30,-29.43,1.20,7,7,-1.000,0
46.4292,99.71,0.61,11.58,-30.49,1.32,7,7,-1.000,0
46.4332,99.59,-0.12,11.95,-31.17,0.76,7,7,-1.000,0
46.4374,99.45,-0.15,12.43,-32.65,1.53,7,7,-1.000,0
46.4418,98.87,-0.58,13.38,-33.22,0.99,7,7,-1.000,0
46.4457,98.44,-0.43,14.02,-34.06,0.99,7,7,-1.000,0
46.4498,97.86,-0.58,15.18,-35.18,1.48,7,7,-1.000,0
46.4541,97.69,-0.17,15.74,-35.75,0.75,7,7,-1.000,0
46.4586,97.06,-0.63,16.68,-36.10,0.84,7,7,-1.000,0
46.4625,96.48,-0.58,17.62,-36.80,1.03,7,7,-1.000,0
46.4665,95.98,-0.49,18.64,-37.61,1.16,7,7,-1.000,0
46.4708,95.86,-0.13,19.16,-38.19,0.73,7,7,-1.000,0
46.4748,95.83,-0.02,18.98,-38.39,0.28,7,7,-1.000,0
46.4792,95.62,-0.21,19.86,-39.58,1.42,7,7,-1.000,0
46.4832,95.73,0.11,20.07,-40.78,1.24,7,7,-1.000,0
46.4876,95.68,-0.06,19.79,-41.64,0.92,7,7,-1.000,0
46.4920,95.81,0.14,19.53,-43.26,1.63,7,7,-1.000,0
46.4958,97.02,1.20,19.10,-44.00,1.22,7,7,-1.000,0
46.4999,97.05,0.04,18.61,-45.19,1.27,7,7,-1.000,0
46.5044,97.66,0.61,19.32,-46.85,2.06,7,7,-1.000,0
46.5084,98.52,0.86,18.09,-47.60,1.12,7,7,-1.000,0
46.5126,99.03,0.51,17.28,-48.88,1.40,7,7,-1.000,0
46.5166,99.62,0.58,17.83,-50.38,1.84,7,7,-1.000,0
46.5210,99.50,-0.12,17.51,-52.08,1.74,7,7,-1.000,0
46.5253,99.63,0.13,18.22,-52.93,1.19,7,7,-1.000,0
46.5294,99.80,0.17,18.38,-53.59,0.73,7,7,-1.000,0
46.5334,99.91,0.11,18.42,-54.28,0.70,7,7,-1.000,0
46.5375,99.77,-0.14,19.01,-54.99,0.86,7,7,-1.000,0
46.5420,100.11,0.34,18.99,-55.69,0.77,7,7,-1.000,0
46.5459,99.51,-0.60,19.70,-56.28,0.71,7,7,-1.000,0
46.5500,99.65,0.14,19.84,-56.83,0.61,7,7,-1.000,0
46.5542,99.29,-0.36,20.35,-57.58,0.81,7,7,-1.000,0
46.5587,98.55,-0.73,20.81,-58.55,1.06,7,7,-1.000,0
46.5627,99.13,0.57,20.58,-59.13,0.70,7,7,-1.000,0
46.5666,98.69,-0.44,21.20,-59.91,0.84,7,7,-1.000,0
46.5709,100.19,1.50,19.66,-60.98,1.32,7,7,-1.000,0
46.5754,99.90,-0.29,19.77,-61.81,0.86,7,7,-1.000,0
46.5793,100.46,0.55,19.49,-62.34,0.63,7,7,-1.000,0
46.5833,100.97,0.52,18.71,-63.53,1.25,7,7,-1.000,0
46.5876,102.35,1.37,17.62,-63.98,0.77,7,7,-1.000,0
46.5920,103.39,1.04,16.13,-65.45,1.63,7,7,-1.000,0
46.5958,104.36,0.97,15.61,-65.80,0.64,7,7,-1.000,0
46.5999,105.78,1.42,13.92,-66.25,0.83,7,7,-1.000,0
46.6043,106.31,0.53,13.55,-67.23,1.01,7,7,-1.000,0
46.6086,109.19,2.88,9.74,-67.43,1.61,7,7,-1.000,0
46.6125,111.30,2.11,7.47,-68.42,1.30,7,7,-1.000,0
46.6166,113.00,1.70,6.34,-69.91,1.67,7,7,-1.000,0
46.6209,116.66,3.66,2.48,-70.80,1.57,7,7,-1.000,0
46.6254,116.87,0.21,2.58,-71.34,0.62,7,7,-1.000,0
46.6294,120.10,3.24,-0.98,-71.95,1.29,7,7,-1.000,0
46.6333,122.28,2.17,-2.86,-72.81,1.10,7,7,-1.000,0
46.6377,123.51,1.23,-4.23,-73.47,0.77,7,7,-1.000,0
46.6419,124.17,0.66,-4.84,-73.94,0.50,7,7,-1.000,0
46.6458,126.94,2.77,-7.47,-74.70,1.07,7,7,-1.000,0
46.6498,127.12,0.18,-7.38,-75.54,0.88,7,7,-1.000,0
46.6542,129.83,2.71,-10.46,-76.06,0.96,7,7,-1.000,0
46.6586,131.05,1.22,-11.32,-76.59,0.69,7,7,-1.000,0
46.6626,135.15,4.10,-15.62,-77.08,1.10,7,7,-1.000,0
46.6665,133.23,-1.92,-14.03,-76.88,0.56,7,7,-1.000,0
46.6709,140.00,6.77,-20.60,-77.96,1.83,7,7,-1.000,0
46.6752,142.63,2.63,-23.33,-78.20,0.61,7,7,-1.000,0
46.6794,143.63,1.00,-24.32,-78.50,0.37,7,7,-1.000,0
46.6833,145.93,2.30,-28.10,-77.34,1.99,7,7,-1.000,0
46.6875,147.59,1.66,-30.17,-77.13,0.62,7,7,-1.000,0
46.6919,147.35,-0.25,-31.45,-75.98,1.91,7,7,-1.000,0
46.6960,155.47,8.13,-37.39,-77.91,3.32,7,7,-1.000,0
46.6999,161.84,6.37,-43.69,-78.09,1.34,7,7,-1.000,0
46.7041,164.65,2.81,-46.31,-77.91,0.63,7,7,-1.000,0
46.7087,169.68,5.03,-51.59,-77.43,1.23,7,7,-1.000,0
46.7125,174.88,5.20,-56.70,-77.14,1.18,7,7,-1.000,0
46.7165,178.07,3.19,-59.99,-76.99,0.75,7,7,-1.000,0
46.7209,-179.04,2.89,-62.70,-77.10,0.67,7,7,-1.000,0
46.7252,-174.54,4.49,-67.64,-75.83,1.74,7,7,-1.000,0
46.7292,-173.18,1.36,-69.43,-75.61,0.62,7,7,-1.000,0
46.7333,-171.11,2.08,-71.57,-75.07,0.77,7,7,-1.000,0
46.7375,-167.47,3.64,-75.48,-74.44,1.21,7,7,-1.000,0
46.7420,-163.76,3.71,-78.55,-74.43,1.12,7,7,-1.000,0
46.7458,-159.73,4.03,-82.69,-73.38,1.55,7,7,-1.000,0
46.7498,-156.69,3.04,-85.67,-72.99,0.97,7,7,-1.000,0
46.7542,-155.27,1.42,-87.50,-72.40,0.87,7,7,-1.000,0
46.7586,-154.00,1.27,-88.94,-72.13,0.52,7,7,-1.000,0
46.7625,-151.80,2.20,-91.35,-71.38,1.07,7,7,-1.000,0
46.7665,-148.42,3.38,-94.49,-70.11,1.69,7,7,-1.000,0
46.7708,-147.76,0.65,-95.56,-70.07,0.51,7,7,-1.000,0
46.7753,-146.55,1.21,-96.86,-69.06,1.10,7,7,-1.000,0
46.7792,-144.83,1.72,-98.63,-68.71,0.73,7,7,-1.000,0
46.7833,-142.95,1.88,-100.30,-67.85,1.12,7,7,-1.000,0
46.7875,-142.03,0.92,-101.16,-67.45,0.53,7,7,-1.000,0
46.7919,-140.68,1.35,-102.53,-66.81,0.83,7,7,-1.000,0
46.7958,-139.51,1.17,-103.43,-66.20,0.79,7,7,-1.000,0
46.7999,-138.50,1.01,-104.49,-65.69,0.67,7,7,-1.000,0
46.8042,-138.60,-0.10,-104.70,-65.35,0.45,7,7,-1.000,0
46.8083,-136.99,1.61,-105.97,-64.56,1.06,7,7,-1.000,0
46.8124,-136.56,0.43,-106.58,-64.24,0.43,7,7,-1.000,0
46.8167,-136.75,-0.18,-106.77,-64.11,0.39,7,7,-1.000,0
46.8210,-135.76,0.98,-107.70,-63.50,0.75,7,7,-1.000,0
46.8250,-136.34,-0.58,-107.72,-63.63,0.62,7,7,-1.000,0
46.8294,-135.12,1.21,-108.92,-63.10,0.76,7,7,-1.000,0
46.8333,-134.80,0.33,-109.25,-63.06,0.16,7,7,-1.000,0
46.8375,-134.30,0.49,-109.91,-62.72,0.46,7,7,-1.000,0
46.8415,-134.20,0.11,-110.54,-62.54,0.58,7,7,-1.000,0
46.8456,-133.38,0.82,-111.24,-62.11,0.57,7,7,-1.000,0
46.8497,-132.73,0.66,-111.97,-59.86,2.27,7,7,-1.000,0
46.8541,-132.42,0.30,-112.30,-59.25,0.63,7,7,-1.000,0
46.8585,-132.49,-0.07,-112.54,-58.83,0.52,7,7,-1.000,0
46.8623,-132.67,-0.18,-112.83,-58.14,0.83,7,7,-1.000,0
46.8664,-132.33,0.35,-113.06,-57.44,0.73,7,7,-1.000,0
46.8707,-128.83,3.50,-114.25,-55.89,3.02,7,7,-1.000,0
46.8748,-133.08,-4.25,-113.29,-54.82,3.67,7,7,-1.000,0
46.8790,-132.81,0.27,-113.58,-54.01,0.83,7,7,-1.000,0
46.8832,-134.16,-1.35,-113.77,-52.90,1.86,7,7,-1.000,0
46.8874,-131.68,2.48,-114.59,-51.85,2.17,7,7,-1.000,0
46.8918,-134.07,-2.39,-114.50,-50.47,2.69,7,7,-1.000,0
46.8957,-134.26,-0.19,-114.83,-49.29,1.28,7,7,-1.000,0
46.8996,-133.16,1.10,-115.40,-48.37,1.20,7,7,-1.000,0
46.9040,-132.88,0.29,-115.64,-47.40,0.99,7,7,-1.000,0
46.9084,-133.94,-1.06,-116.13,-46.46,1.74,7,7,-1.000,0
46.9122,-134.20,-0.27,-116.33,-45.54,1.02,7,7,-1.000,0
46.9163,-134.18,0.02,-116.53,-44.52,1.03,7,7,-1.000,0
46.9208,-135.38,-1.20,-117.00,-43.73,1.75,7,7,-1.000,0
46.9252,-134.61,0.77,-117.20,-42.70,1.21,7,7,-1.000,0
46.9291,-132.85,1.76,-117.46,-41.74,1.86,7,7,-1.000,0
46.9332,-132.61,0.24,-117.83,-40.76,1.02,7,7,-1.000,0
46.9375,-130.91,1.70,-118.06,-40.17,1.68,7,7,-1.000,0
46.9419,-133.86,-2.96,-118.54,-39.80,3.31,7,7,-1.000,0
46.9458,-133.01,0.85,-118.69,-38.88,1.19,7,7,-1.000,0
46.9498,-132.08,0.93,-118.95,-38.31,0.98,7,7,-1.000,0
46.9543,-131.29,0.80,-118.95,-37.34,1.25,7,7,-1.000,0
46.9585,-132.65,-1.36,-119.36,-36.48,1.85,7,7,-1.000,0
46.9624,-133.33,-0.68,-119.44,-35.65,1.10,7,7,-1.000,0
46.9666,-134.05,-0.73,-119.75,-35.03,1.13,7,7,-1.000,0
46.9708,-134.71,-0.66,-119.88,-34.19,1.12,7,7,-1.000,0
46.9755,-134.84,-0.13,-119.92,-33.10,1.10,7,7,-1.000,0
46.9794,-135.83,-0.99,-120.16,-32.04,1.55,7,7,-1.000,0
46.9833,-136.53,-0.70,-120.23,-31.12,1.18,7,7,-1.000,0
46.9875,-136.97,-0.44,-120.33,-30.28,0.97,7,7,-1.000,0
46.9924,-137.23,-0.26,-120.38,-29.18,1.14,7,7,-1.000,0
46.9962,-137.59,-0.35,-120.57,-28.03,1.24,7,7,-1.000,0
47.0002,-138.27,-0.68,-120.89,-27.20,1.21,7,7,-1.000,0
47.0044,-138.38,-0.11,-120.80,-26.29,0.91,7,7,-1.000,0
47.0089,-138.54,-0.16,-120.76,-25.54,0.77,7,7,-1.000,0
47.0126,-139.18,-0.64,-120.87,-24.62,1.16,7,7,-1.000,0
47.0167,-139.80,-0.63,-120.92,-23.66,1.15,7,7,-1.000,0
47.0208,-140.23,-0.42,-121.15,-22.86,0.98,7,7,-1.000,0
47.0254,-140.86,-0.64,-121.16,-22.07,1.02,7,7,-1.000,0
47.0291,-141.11,-0.24,-121.15,-21.46,0.65,7,7,-1.000,0
47.0331,-141.61,-0.50,-121.41,-20.39,1.25,7,7,-1.000,0
47.0374,-141.99,-0.38,-121.45,-20.17,0.45,7,7,-1.000,0
47.0419,-141.89,0.11,-121.79,-19.13,1.10,7,7,-1.000,0
47.0457,-142.34,-0.45,-122.02,-18.52,0.83,7,7,-1.000,0
47.0497,-142.74,-0.41,-122.29,-17.81,0.90,7,7,-1.000,0
47.0541,-143.19,-0.45,-122.45,-17.15,0.84,7,7,-1.000,0
47.0587,-143.42,-0.23,-122.72,-16.29,0.96,7,7,-1.000,0
47.0624,-142.83,0.59,-122.42,-15.39,1.15,7,7,-1.000,0
47.0664,-143.32,-0.49,-122.92,-14.80,0.98,7,7,-1.000,0
47.0707,-143.34,-0.02,-122.35,-13.54,1.38,7,7,-1.000,0
47.0753,-143.85,-0.51,-122.52,-12.54,1.16,7,7,-1.000,0
47.0790,-143.83,0.02,-122.37,-11.43,1.12,7,7,-1.000,0
47.0832,-143.65,0.18,-121.92,-10.53,1.04,7,7,-1.000,0
47.0875,-143.92,-0.27,-122.47,-9.48,1.24,7,7,-1.000,0
47.0919,-144.56,-0.64,-123.09,-8.60,1.30,7,7,-1.000,0
47.0958,-145.03,-0.47,-123.16,-7.77,0.95,7,7,-1.000,0
47.0998,-145.40,-0.37,-123.70,-7.14,0.94,7,7,-1.000,0
47.1050,-145.59,-0.19,-123.41,-6.57,0.66,7,7,-1.000,0
47.1104,-145.90,-0.31,-123.21,-5.98,0.68,7,7,-1.000,0
47.1149,-146.17,-0.27,-123.11,-5.13,0.90,7,7,-1.000,0
47.1186,-146.28,-0.12,-123.37,-4.49,0.70,7,7,-1.000,0
47.1230,-146.87,-0.59,-123.05,-2.86,1.76,7,7,-1.000,0
47.1268,-147.37,-0.50,-123.03,-2.13,0.88,7,7,-1.000,0
47.1317,-147.47,-0.10,-123.36,-0.37,1.80,7,7,-1.000,0
47.1354,-147.57,-0.10,-123.07,0.49,0.92,7,7,-1.000,0
47.1398,-148.11,-0.53,-122.74,0.59,0.63,7,7,-1.000,0
47.1438,-148.45,-0.35,-123.16,1.65,1.19,7,7,-1.000,0
47.1480,-149.07,-0.62,-123.09,2.48,1.03,7,7,-1.000,0
47.1517,-149.35,-0.28,-123.26,3.72,1.29,7,7,-1.000,0
47.1561,-149.76,-0.41,-123.74,4.85,1.28,7,7,-1.000,0
47.1603,-149.85,-0.09,-124.69,5.80,1.34,7,7,-1.000,0
47.1649,-150.13,-0.28,-124.27,6.86,1.19,7,7,-1.000,0
47.1686,-150.38,-0.25,-125.56,8.57,2.13,7,7,-1.000,0
47.1725,-150.89,-0.52,-124.71,9.77,1.60,7,7,-1.000,0
47.1766,-151.33,-0.44,-124.91,10.47,0.82,7,7,-1.000,0
47.1804,-151.80,-0.47,-124.93,11.45,1.08,7,7,-1.000,0
47.1835,-152.40,-0.60,-124.89,12.36,1.10,7,7,-1.000,0
47.1877,-153.14,-0.75,-125.45,14.20,2.01,7,7,-1.000,0
47.1917,-153.06,0.08,-125.72,14.94,0.80,7,7,-1.000,0
47.1957,-153.97,-0.91,-125.90,16.14,1.48,7,7,-1.000,0
47.1997,-154.25,-0.28,-125.46,17.18,1.19,7,7,-1.000,0
47.2042,-154.74,-0.49,-125.90,18.06,1.04,7,7,-1.000,0
47.2085,-155.23,-0.49,-125.88,18.91,0.99,7,7,-1.000,0
47.2125,-155.89,-0.66,-126.10,20.28,1.50,7,7,-1.000,0
47.2166,-156.53,-0.63,-126.32,21.20,1.10,7,7,-1.000,0
47.2208,-157.30,-0.77,-126.64,22.20,1.23,7,7,-1.000,0
47.2252,-157.31,-0.01,-126.87,23.33,1.15,7,7,-1.000,0
47.2290,-158.35,-1.05,-127.35,24.61,1.60,7,7,-1.000,0
47.2332,-158.57,-0.22,-127.73,25.23,0.71,7,7,-1.000,0
47.2375,-159.68,-1.11,-127.84,26.67,1.79,7,7,-1.000,0
47.2419,-159.82,-0.14,-128.05,27.04,0.42,7,7,-1.000,0
47.2458,-159.37,0.45,-127.95,27.72,0.80,7,7,-1.000,0
47.2497,-159.87,-0.50,-128.01,28.91,1.28,7,7,-1.000,0
47.2541,-160.35,-0.48,-128.53,29.51,0.79,7,7,-1.000,0
47.2586,-160.71,-0.36,-128.64,30.16,0.73,7,7,-1.000,0
47.2625,-161.15,-0.44,-128.67,31.30,1.21,7,7,-1.000,0
47.2665,-161.94,-0.79,-129.27,32.74,1.60,7,7,-1.000,0
47.2708,-162.54,-0.60,-129.65,33.64,1.04,7,7,-1.000,0
47.2752,-162.99,-0.46,-130.20,33.78,0.50,7,7,-1.000,0
47.2790,-163.12,-0.12,-130.03,34.74,1.00,7,7,-1.000,0
47.2832,-164.69,-1.58,-131.09,36.22,1.96,7,7,-1.000,0
47.2874,-164.38,0.31,-130.48,37.10,1.01,7,7,-1.000,0
47.2916,-165.39,-1.01,-131.10,37.89,1.12,7,7,-1.000,0
47.2956,-166.51,-1.12,-132.33,38.48,1.19,7,7,-1.000,0
47.2997,-166.61,-0.10,-132.64,38.57,0.28,7,7,-1.000,0
47.3041,-167.05,-0.44,-132.22,39.92,1.55,7,7,-1.000,0
47.3085,-168.32,-1.27,-132.74,41.34,1.74,7,7,-1.000,0
47.3125,-168.04,0.28,-132.56,42.26,0.94,7,7,-1.000,0
47.3165,-168.61,-0.57,-133.02,42.35,0.44,7,7,-1.000,0
47.3208,-171.09,-2.48,-134.70,44.06,2.49,7,7,-1.000,0
47.3248,-171.48,-0.39,-135.94,43.54,1.13,7,7,-1.000,0
47.3289,-172.70,-1.21,-135.89,45.14,2.03,7,7,-1.000,0
47.3331,-174.20,-1.50,-137.38,45.34,1.16,7,7,-1.000,0
47.3376,-175.27,-1.06,-137.66,46.76,1.67,7,7,-1.000,0
47.3418,-176.15,-0.89,-138.46,46.99,0.67,7,7,-1.000,0
47.3455,-178.29,-2.13,-140.04,48.17,1.86,7,7,-1.000,0
47.3497,-179.17,-0.88,-140.87,49.07,1.09,7,7,-1.000,0
47.3542,179.47,-1.36,-141.86,49.62,1.05,7,7,-1.000,0
47.3585,178.99,-0.47,-142.75,49.36,0.66,7,7,-1.000,0
47.3622,177.04,-1.95,-144.34,50.03,1.43,7,7,-1.000,0
47.3663,175.86,-1.18,-145.09,50.84,1.11,7,7,-1.000,0
47.3705,174.43,-1.43,-146.25,51.11,0.94,7,7,-1.000,0
47.3752,173.18,-1.25,-146.48,52.51,1.77,7,7,-1.000,0
47.3790,172.51,-0.68,-147.18,53.46,1.05,7,7,-1.000,0
47.3831,171.13,-1.38,-148.41,53.90,0.93,7,7,-1.000,0
47.3874,169.90,-1.23,-149.32,54.49,0.93,7,7,-1.000,0
47.3919,167.97,-1.94,-151.18,54.70,1.18,7,7,-1.000,0
47.3958,166.31,-1.65,-152.66,54.79,0.97,7,7,-1.000,0
47.3997,164.81,-1.50,-153.87,54.88,0.87,7,7,-1.000,0
47.4041,162.60,-2.21,-155.78,54.93,1.28,7,7,-1.000,0
47.4090,160.92,-1.68,-157.31,54.85,0.98,7,7,-1.000,0
47.4126,160.45,-0.47,-157.42,55.00,0.41,7,7,-1.000,0
47.4165,158.86,-1.59,-158.81,54.86,0.93,7,7,-1.000,0
47.4208,156.63,-2.23,-160.91,54.57,1.35,7,7,-1.000,0
47.4253,155.48,-1.15,-161.87,54.64,0.67,7,7,-1.000,0
47.4292,153.70,-1.78,-163.35,54.40,1.06,7,7,-1.000,0
47.4332,151.16,-2.54,-165.80,53.96,1.60,7,7,-1.000,0
47.4376,149.70,-1.47,-166.96,53.77,0.89,7,7,-1.000,0
47.4418,148.70,-0.99,-167.68,53.54,0.63,7,7,-1.000,0
47.4458,146.99,-1.72,-169.43,52.81,1.31,7,7,-1.000,0
47.4498,146.20,-0.78,-170.24,52.04,0.93,7,7,-1.000,0
47.4541,144.62,-1.58,-172.14,51.04,1.55,7,7,-1.000,0
47.4586,143.07,-1.56,-173.42,50.74,1.03,7,7,-1.000,0
47.4625,141.46,-1.60,-174.53,50.67,1.03,7,7,-1.000,0
47.4665,140.82,-0.64,-175.11,50.27,0.58,7,7,-1.000,0
47.4708,139.55,-1.27,-176.95,48.76,1.93,7,7,-1.000,0
47.4753,138.41,-1.14,-176.64,49.58,1.62,7,7,-1.000,0
47.4791,136.68,-1.74,-177.91,49.13,1.22,7,7,-1.000,0
47.4832,135.70,-0.98,-178.41,49.17,0.69,7,7,-1.000,0
47.4874,133.73,-1.96,-179.66,48.45,1.50,7,7,-1.000,0
47.4918,133.05,-0.69,-179.95,48.14,0.59,7,7,-1.000,0
47.4958,132.25,-0.79,179.50,47.45,0.88,7,7,-1.000,0
47.4998,131.54,-0.71,179.23,46.97,0.72,7,7,-1.000,0
47.5042,130.40,-1.15,178.32,46.16,1.13,7,7,-1.000,0
47.5084,129.98,-0.41,177.96,45.02,1.18,7,7,-1.000,0
47.5122,129.61,-0.37,177.73,44.16,0.90,7,7,-1.000,0
47.5165,129.15,-0.46,177.57,43.11,1.12,7,7,-1.000,0
47.5207,128.89,-0.26,177.34,41.88,1.24,7,7,-1.000,0
47.5251,127.96,-0.93,177.01,41.16,1.04,7,7,-1.000,0
47.5291,127.53,-0.43,176.80,40.02,1.19,7,7,-1.000,0
47.5332,127.60,0.06,176.43,38.08,1.98,7,7,-1.000,0
47.5374,127.17,-0.43,176.95,37.50,1.03,7,7,-1.000,0
47.5417,126.59,-0.58,176.62,36.39,1.21,7,7,-1.000,0
47.5458,127.71,1.12,176.63,34.11,2.53,7,7,-1.000,0
47.5498,126.62,-1.09,176.80,33.78,1.24,7,7,-1.000,0
47.5540,126.25,-0.37,176.77,33.02,0.84,7,7,-1.000,0
47.5584,126.62,0.37,176.59,31.53,1.57,7,7,-1.000,0
47.5624,125.98,-0.64,176.54,30.93,0.87,7,7,-1.000,0
47.5665,125.75,-0.24,176.47,30.14,0.81,7,7,-1.000,0
47.5707,125.30,-0.45,175.52,28.10,2.20,7,7,-1.000,0
47.5751,124.83,-0.47,175.34,27.37,0.84,7,7,-1.000,0
47.5791,124.71,-0.12,174.95,25.75,1.66,7,7,-1.000,0
47.5833,124.44,-0.27,175.20,25.31,0.62,7,7,-1.000,0
47.5875,124.40,-0.04,174.95,23.91,1.42,7,7,-1.000,0
47.5920,123.79,-0.61,175.30,23.94,0.81,7,7,-1.000,0
47.5958,122.82,-0.98,174.36,22.71,1.62,7,7,-1.000,0
47.5998,124.23,1.42,175.57,21.77,1.75,7,7,-1.000,0
47.6041,123.52,-0.71,175.74,20.79,1.26,7,7,-1.000,0
47.6085,123.77,0.25,175.88,19.84,0.98,7,7,-1.000,0
47.6125,123.60,-0.17,176.10,18.75,1.14,7,7,-1.000,0
47.6166,123.81,0.21,176.47,17.98,0.85,7,7,-1.000,0
47.6207,123.92,0.11,176.55,16.56,1.43,7,7,-1.000,0
47.6250,124.15,0.23,177.20,15.59,1.15,7,7,-1.000,0
47.6291,124.19,0.03,177.76,14.48,1.25,7,7,-1.000,0
47.6332,124.48,0.30,177.78,12.99,1.52,7,7,-1.000,0
47.6374,124.88,0.40,178.46,12.08,1.16,7,7,-1.000,0
47.6418,125.25,0.38,179.10,11.00,1.27,7,7,-1.000,0
47.6457,125.24,-0.02,178.98,9.52,1.48,7,7,-1.000,0
47.6497,125.58,0.34,179.41,8.53,1.12,7,7,-1.000,0
47.6540,125.55,-0.03,-179.55,7.63,1.38,7,7,-1.000,0
47.6584,126.10,0.55,-179.59,6.32,1.42,7,7,-1.000,0
47.6624,126.17,0.07,-179.84,5.22,1.14,7,7,-1.000,0
47.6665,126.33,0.16,-179.16,4.42,1.05,7,7,-1.000,0
47.6707,126.58,0.25,-179.52,3.21,1.29,7,7,-1.000,0
47.6751,126.34,-0.24,-178.78,2.23,1.26,7,7,-1.000,0
47.6790,126.22,-0.11,-179.20,1.69,0.69,7,7,-1.000,0
47.6831,126.22,-0.00,-179.92,0.61,1.30,7,7,-1.000,0
47.6873,125.81,-0.41,-179.88,-0.40,1.10,7,7,-1.000,0
47.6917,125.56,-0.25,179.95,-0.98,0.65,7,7,-1.000,0
47.6956,125.65,0.09,179.70,-1.38,0.49,7,7,-1.000,0
47.6997,125.12,-0.53,179.42,-2.86,1.60,7,7,-1.000,0
47.7040,125.25,0.13,178.71,-4.24,1.56,7,7,-1.000,0
47.7084,125.25,-0.00,179.18,-4.58,0.58,7,7,-1.000,0
47.7124,125.40,0.15,178.98,-5.42,0.88,7,7,-1.000,0
47.7165,125.32,-0.08,178.96,-5.99,0.57,7,7,-1.000,0
47.7206,125.59,0.27,179.23,-6.79,0.90,7,7,-1.000,0
47.7250,125.97,0.38,179.00,-8.07,1.34,7,7,-1.000,0
47.7293,126.00,0.03,179.27,-8.74,0.73,7,7,-1.000,0
47.7332,126.57,0.58,179.41,-9.36,0.88,7,7,-1.000,0
47.7373,126.66,0.08,179.48,-10.38,1.03,7,7,-1.000,0
47.7417,127.13,0.47,179.75,-11.34,1.13,7,7,-1.000,0
47.7458,127.55,0.42,179.66,-12.41,1.14,7,7,-1.000,0
47.7497,127.71,0.16,179.79,-13.27,0.89,7,7,-1.000,0
47.7541,127.98,0.27,179.62,-14.42,1.18,7,7,-1.000,0
47.7584,128.21,0.23,179.36,-15.48,1.10,7,7,-1.000,0
47.7626,128.56,0.35,179.61,-16.15,0.83,7,7,-1.000,0
47.7664,129.01,0.45,179.13,-17.09,1.09,7,7,-1.000,0
47.7706,128.86,-0.14,179.21,-18.01,0.93,7,7,-1.000,0
47.7747,129.65,0.78,178.66,-18.86,1.17,7,7,-1.000,0
47.7792,129.30,-0.34,178.77,-19.38,0.61,7,7,-1.000,0
47.7832,129.86,0.55,178.16,-20.46,1.28,7,7,-1.000,0
47.7875,129.72,-0.13,178.57,-20.73,0.46,7,7,-1.000,0
47.7916,129.94,0.22,178.24,-21.56,0.89,7,7,-1.000,0
47.7955,130.12,0.18,178.18,-22.50,0.95,7,7,-1.000,0
47.7996,129.79,-0.33,178.19,-23.15,0.73,7,7,-1.000,0
47.8040,130.42,0.63,177.99,-23.95,0.99,7,7,-1.000,0
47.8082,130.43,0.01,178.58,-24.47,0.79,7,7,-1.000,0
47.8124,130.33,-0.10,178.11,-25.96,1.57,7,7,-1.000,0
47.8167,130.17,-0.16,179.05,-26.22,0.92,7,7,-1.000,0
47.8207,130.77,0.60,179.41,-26.85,1.03,7,7,-1.000,0
47.8249,130.61,-0.16,179.83,-27.92,1.14,7,7,-1.000,0
47.8294,130.58,-0.03,-179.31,-28.43,0.99,7,7,-1.000,0
47.8334,130.38,-0.20,-178.93,-29.81,1.43,7,7,-1.000,0
47.8377,130.48,0.11,-178.32,-30.46,0.92,7,7,-1.000,0
47.8418,130.48,-0.01,-177.77,-31.94,1.58,7,7,-1.000,0
47.8457,130.58,0.10,-177.15,-32.81,1.11,7,7,-1.000,0
47.8496,130.47,-0.11,-176.33,-34.03,1.44,7,7,-1.000,0
47.8540,130.52,0.05,-175.63,-35.13,1.32,7,7,-1.000,0
47.8583,130.50,-0.02,-174.89,-36.38,1.45,7,7,-1.000,0
47.8622,130.56,0.06,-174.27,-37.80,1.56,7,7,-1.000,0
47.8663,130.38,-0.18,-173.21,-39.07,1.59,7,7,-1.000,0
47.8705,130.60,0.22,-172.69,-40.47,1.56,7,7,-1.000,0
47.8750,130.22,-0.38,-171.63,-41.60,1.41,7,7,-1.000,0
47.8789,129.62,-0.60,-170.28,-42.94,1.70,7,7,-1.000,0
47.8830,129.77,0.15,-169.69,-44.54,1.75,7,7,-1.000,0
47.8873,129.52,-0.25,-168.02,-46.07,2.13,7,7,-1.000,0
47.8918,130.15,0.63,-167.87,-47.66,1.76,7,7,-1.000,0
47.8957,129.65,-0.50,-166.78,-48.96,1.52,7,7,-1.000,0
47.8998,129.97,0.32,-166.01,-50.08,1.53,7,7,-1.000,0
47.9040,129.88,-0.09,-165.62,-51.41,1.37,7,7,-1.000,0
47.9083,129.92,0.04,-164.76,-52.38,1.32,7,7,-1.000,0
47.9123,129.67,-0.25,-164.17,-53.84,1.52,7,7,-1.000,0
47.9163,129.69,0.02,-163.59,-54.80,1.12,7,7,-1.000,0
47.9207,129.02,-0.67,-162.65,-56.26,1.55,7,7,-1.000,0
47.9250,129.08,0.06,-162.52,-57.43,1.19,7,7,-1.000,0
47.9290,128.76,-0.32,-161.29,-58.56,1.49,7,7,-1.000,0
47.9330,128.29,-0.47,-160.69,-59.51,1.00,7,7,-1.000,0
47.9372,127.99,-0.30,-159.98,-60.18,0.83,7,7,-1.000,0
47.9418,126.65,-1.34,-158.45,-61.28,1.33,7,7,-1.000,0
47.9456,126.51,-0.14,-158.28,-62.35,1.07,7,7,-1.000,0
47.9496,125.52,-0.99,-156.86,-63.02,0.97,7,7,-1.000,0
47.9540,123.88,-1.64,-155.35,-63.90,1.15,7,7,-1.000,0
47.9585,124.10,0.22,-155.20,-64.65,0.84,7,7,-1.000,0
47.9623,121.47,-2.63,-152.43,-65.34,1.36,7,7,-1.000,0
47.9663,121.95,0.48,-152.83,-66.26,0.94,7,7,-1.000,0
47.9706,120.41,-1.54,-151.25,-66.58,0.72,7,7,-1.000,0
47.9750,119.24,-1.17,-149.81,-67.41,1.01,7,7,-1.000,0
47.9790,118.20,-1.05,-148.86,-67.95,0.67,7,7,-1.000,0
47.9829,116.72,-1.48,-147.24,-68.60,0.89,7,7,-1.000,0
47.9874,114.50,-2.22,-144.81,-69.33,1.13,7,7,-1.000,0
47.9917,113.75,-0.75,-143.92,-69.78,0.56,7,7,-1.000,0
47.9956,112.60,-1.15,-142.36,-70.34,0.83,7,7,-1.000,0
47.9995,109.94,-2.66,-139.66,-70.99,1.11,7,7,-1.000,0
48.0039,110.00,0.07,-139.20,-71.51,0.73,7,7,-1.000,0
48.0084,107.08,-2.92,-136.00,-71.98,1.11,7,7,-1.000,0
48.0123,105.66,-1.42,-134.42,-72.63,0.82,7,7,-1.000,0
48.0165,103.88,-1.78,-132.30,-73.16,0.85,7,7,-1.000,0
48.0207,100.96,-2.93,-129.00,-73.69,1.11,7,7,-1.000,0
48.0252,99.44,-1.52,-127.26,-74.32,0.81,7,7,-1.000,0
48.0290,97.37,-2.07,-124.55,-74.65,0.97,7,7,-1.000,0
48.0331,93.33,-4.04,-120.70,-75.45,1.31,7,7,-1.000,0
48.0374,91.80,-1.53,-118.19,-75.38,1.10,7,7,-1.000,0
48.0418,86.77,-5.03,-113.65,-76.26,1.55,7,7,-1.000,0
48.0457,84.44,-2.32,-110.56,-76.48,1.02,7,7,-1.000,0
48.0497,79.35,-5.10,-105.56,-76.75,1.21,7,7,-1.000,0
48.0541,76.38,-2.96,-101.91,-76.75,1.02,7,7,-1.000,0
48.0586,71.69,-4.69,-97.15,-76.89,1.09,7,7,-1.000,0
48.0626,70.11,-1.59,-94.93,-77.17,0.82,7,7,-1.000,0
48.0665,65.45,-4.66,-90.09,-77.27,1.08,7,7,-1.000,0
48.0709,60.48,-4.97,-85.26,-77.00,1.14,7,7,-1.000,0
48.0753,57.22,-3.26,-81.86,-76.94,0.77,7,7,-1.000,0
48.0792,52.80,-4.42,-77.23,-76.77,1.07,7,7,-1.000,0
48.0832,48.26,-4.54,-72.46,-76.02,1.35,7,7,-1.000,0
48.0875,45.97,-2.30,-69.76,-76.20,0.75,7,7,-1.000,0
48.0919,41.89,-4.08,-65.69,-75.57,1.19,7,7,-1.000,0
48.0958,39.13,-2.76,-62.59,-75.16,0.91,7,7,-1.000,0
48.0998,34.99,-4.14,-58.40,-74.35,1.37,7,7,-1.000,0
48.1055,32.69,-2.29,-55.92,-74.29,0.68,7,7,-1.000,0
48.1104,30.62,-2.07,-53.62,-73.21,1.27,7,7,-1.000,0
48.1148,27.93,-2.69,-50.52,-72.85,1.01,7,7,-1.000,0
48.1187,26.38,-1.55,-48.57,-72.65,0.69,7,7,-1.000,0
48.1232,23.71,-2.67,-45.89,-71.49,1.43,7,7,-1.000,0
48.1271,21.96,-1.75,-44.00,-70.55,1.13,7,7,-1.000,0
48.1310,20.04,-1.92,-42.12,-70.37,0.67,7,7,-1.000,0
48.1360,18.64,-1.40,-40.25,-69.43,1.19,7,7,-1.000,0
48.1406,17.01,-1.63,-38.34,-68.72,1.00,7,7,-1.000,0
48.1447,15.80,-1.21,-37.31,-67.69,1.12,7,7,-1.000,0
48.1484,14.21,-1.59,-35.45,-67.07,0.96,7,7,-1.000,0
48.1521,13.66,-0.55,-34.70,-66.41,0.74,7,7,-1.000,0
48.1562,11.78,-1.88,-32.69,-65.71,1.07,7,7,-1.000,0
48.1602,10.57,-1.20,-31.30,-64.90,1.00,7,7,-1.000,0
48.1644,10.02,-0.55,-30.45,-64.43,0.63,7,7,-1.000,0
48.1693,9.10,-0.93,-29.22,-63.55,1.05,7,7,-1.000,0
48.1734,8.18,-0.92,-28.11,-62.83,0.88,7,7,-1.000,0
48.1775,7.43,-0.75,-26.83,-62.50,0.78,7,7,-1.000,0
48.1799,7.25,-0.18,-26.47,-61.33,1.19,7,7,-1.000,0
48.1835,6.09,-1.16,-25.03,-61.14,0.73,7,7,-1.000,0
48.1877,6.21,0.12,-25.13,-60.15,0.99,7,7,-1.000,0
48.1917,5.45,-0.76,-23.99,-59.71,0.76,7,7,-1.000,0
48.1958,5.19,-0.26,-23.57,-58.57,1.16,7,7,-1.000,0
48.1997,4.86,-0.32,-23.07,-58.19,0.47,7,7,-1.000,0
48.2040,5.23,0.36,-23.00,-57.03,1.24,7,7,-1.000,0
48.2084,4.72,-0.51,-22.67,-57.07,0.30,7,7,-1.000,0
48.2122,4.29,-0.42,-21.97,-56.66,0.59,7,7,-1.000,0
48.2164,5.08,0.79,-22.50,-55.62,1.14,7,7,-1.000,0
48.2208,4.34,-0.73,-21.72,-55.20,0.62,7,7,-1.000,0
48.2252,4.81,0.47,-22.16,-54.23,1.01,7,7,-1.000,0
48.2291,5.07,0.26,-22.34,-53.58,0.66,7,7,-1.000,0
48.2332,5.14,0.07,-21.96,-53.12,0.64,7,7,-1.000,0
48.2374,5.21,0.07,-21.93,-52.42,0.71,7,7,-1.000,0
48.2419,5.45,0.24,-21.98,-51.50,0.94,7,7,-1.000,0
48.2457,5.50,0.04,-21.47,-50.97,0.76,7,7,-1.000,0
48.2497,5.41,-0.08,-21.60,-50.18,0.82,7,7,-1.000,0
48.2540,5.94,0.53,-21.56,-49.48,0.90,7,7,-1.000,0
48.2584,5.78,-0.16,-21.07,-48.95,0.65,7,7,-1.000,0
48.2624,5.74,-0.04,-21.11,-48.41,0.54,7,7,-1.000,0
48.2665,5.72,-0.02,-20.70,-47.44,1.05,7,7,-1.000,0
48.2707,5.61,-0.11,-20.19,-46.84,0.74,7,7,-1.000,0
48.2752,5.60,-0.01,-20.10,-46.38,0.47,7,7,-1.000,0
48.2789,5.65,0.05,-19.57,-45.84,0.79,7,7,-1.000,0
48.2832,5.61,-0.04,-19.33,-45.00,0.87,7,7,-1.000,0
48.2874,5.33,-0.28,-19.08,-44.44,0.59,7,7,-1.000,0
48.2919,5.24,-0.09,-19.01,-44.10,0.35,7,7,-1.000,0
48.2957,5.33,0.09,-18.44,-43.66,0.78,7,7,-1.000,0
48.2998,5.17,-0.16,-18.33,-43.17,0.50,7,7,-1.000,0
48.3041,5.10,-0.07,-18.58,-42.48,0.76,7,7,-1.000,0
48.3084,5.15,0.05,-18.22,-42.24,0.46,7,7,-1.000,0
48.3122,5.19,0.04,-17.98,-41.92,0.41,7,7,-1.000,0
48.3165,5.28,0.09,-18.17,-41.13,0.81,7,7,-1.000,0
48.3207,5.54,0.26,-18.14,-41.13,0.28,7,7,-1.000,0
48.3252,5.72,0.17,-17.97,-40.95,0.36,7,7,-1.000,0
48.3290,5.99,0.27,-18.31,-40.29,0.71,7,7,-1.000,0
48.3331,6.26,0.26,-18.57,-39.77,0.57,7,7,-1.000,0
48.3374,6.44,0.18,-18.46,-39.66,0.29,7,7,-1.000,0
48.3420,6.67,0.23,-18.72,-39.12,0.58,7,7,-1.000,0
48.3459,6.94,0.27,-18.96,-38.73,0.44,7,7,-1.000,0
48.3498,7.28,0.34,-19.17,-38.14,0.65,7,7,-1.000,0
48.3541,7.66,0.38,-19.28,-37.70,0.55,7,7,-1.000,0
48.3587,7.95,0.29,-19.51,-37.03,0.71,7,7,-1.000,0
48.3626,8.14,0.19,-19.35,-36.58,0.55,7,7,-1.000,0
48.3665,8.55,0.41,-19.35,-35.94,0.76,7,7,-1.000,0
48.3707,9.03,0.48,-19.70,-35.16,0.87,7,7,-1.000,0
48.3748,9.31,0.28,-19.54,-34.71,0.61,7,7,-1.000,0
48.3789,9.55,0.24,-19.55,-33.60,1.13,7,7,-1.000,0
48.3831,9.87,0.32,-19.32,-32.93,0.82,7,7,-1.000,0
48.3874,10.39,0.52,-19.36,-32.14,0.94,7,7,-1.000,0
48.3917,10.91,0.52,-19.20,-31.09,1.22,7,7,-1.000,0
48.3956,11.37,0.46,-19.05,-30.25,1.00,7,7,-1.000,0
48.3998,11.81,0.44,-19.06,-29.26,1.08,7,7,-1.000,0
48.4043,12.00,0.19,-18.62,-28.93,0.65,7,7,-1.000,0
48.4086,12.55,0.55,-18.37,-28.00,1.16,7,7,-1.000,0
48.4125,12.81,0.26,-18.47,-27.21,0.82,7,7,-1.000,0
48.4168,13.22,0.41,-18.08,-26.73,0.83,7,7,-1.000,0
48.4209,13.54,0.33,-17.88,-25.91,0.94,7,7,-1.000,0
48.4253,13.85,0.31,-17.57,-25.89,0.52,7,7,-1.000,0
48.4293,14.31,0.46,-17.52,-24.89,1.11,7,7,-1.000,0
48.4333,14.72,0.41,-17.34,-24.28,0.80,7,7,-1.000,0
48.4375,15.09,0.37,-17.15,-24.17,0.50,7,7,-1.000,0
48.4420,15.42,0.32,-16.86,-24.07,0.53,7,7,-1.000,0
48.4459,15.91,0.49,-16.92,-23.43,0.79,7,7,-1.000,0
48.4498,16.15,0.25,-16.39,-23.36,0.68,7,7,-1.000,0
48.4542,16.64,0.49,-16.31,-23.21,0.55,7,7,-1.000,0
48.4587,17.11,0.47,-16.00,-22.17,1.23,7,7,-1.000,0
48.4626,17.50,0.39,-15.59,-21.54,0.91,7,7,-1.000,0
48.4666,18.02,0.52,-15.75,-20.74,0.94,7,7,-1.000,0
48.4708,18.52,0.50,-15.07,-20.79,0.97,7,7,-1.000,0
48.4752,18.54,0.03,-15.10,-20.02,0.77,7,7,-1.000,0
48.4791,19.18,0.64,-15.55,-19.21,1.03,7,7,-1.000,0
48.4831,19.64,0.46,-14.90,-18.94,0.95,7,7,-1.000,0
48.4876,19.94,0.30,-14.64,-18.20,0.86,7,7,-1.000,0
48.4917,20.51,0.57,-14.47,-17.50,0.95,7,7,-1.000,0
48.4957,21.12,0.61,-14.30,-17.11,0.78,7,7,-1.000,0
48.4998,21.70,0.59,-13.80,-16.70,0.96,7,7,-1.000,0
48.5041,22.42,0.72,-13.80,-16.22,0.87,7,7,-1.000,0
48.5086,23.00,0.58,-13.11,-15.69,1.14,7,7,-1.000,0
48.5124,23.79,0.79,-13.00,-14.69,1.29,7,7,-1.000,0
48.5166,24.34,0.55,-12.43,-15.14,1.00,7,7,-1.000,0
48.5208,25.19,0.85,-12.19,-13.99,1.48,7,7,-1.000,0
48.5252,25.86,0.67,-11.70,-13.28,1.16,7,7,-1.000,0
48.5292,26.66,0.80,-11.21,-13.39,1.04,7,7,-1.000,0
48.5331,27.27,0.61,-10.82,-13.22,0.81,7,7,-1.000,0
48.5374,28.06,0.79,-10.44,-12.84,1.02,7,7,-1.000,0
48.5419,28.87,0.81,-10.22,-12.36,1.01,7,7,-1.000,0
48.5457,29.81,0.94,-9.61,-11.98,1.29,7,7,-1.000,0
48.5497,30.69,0.87,-9.07,-11.54,1.19,7,7,-1.000,0
48.5541,31.65,0.96,-8.88,-11.57,1.02,7,7,-1.000,0
48.5585,32.70,1.05,-8.32,-10.86,1.47,7,7,-1.000,0
48.5624,33.75,1.05,-7.76,-10.30,1.39,7,7,-1.000,0
48.5665,34.65,0.90,-7.06,-10.08,1.25,7,7,-1.000,0
48.5707,35.58,0.94,-6.94,-9.36,1.20,7,7,-1.000,0
48.5751,36.52,0.94,-6.14,-8.97,1.38,7,7,-1.000,0
48.5791,37.54,1.02,-5.44,-8.54,1.39,7,7,-1.000,0
48.5831,38.23,0.69,-4.68,-8.35,1.11,7,7,-1.000,0
48.5874,39.24,1.01,-4.40,-7.47,1.40,7,7,-1.000,0
48.5918,40.22,0.98,-3.29,-7.03,1.63,7,7,-1.000,0
48.5955,40.91,0.69,-2.99,-6.42,0.99,7,7,-1.000,0
48.5997,41.97,1.06,-1.66,-5.23,2.14,7,7,-1.000,0
48.6041,42.90,0.93,-1.04,-4.37,1.44,7,7,-1.000,0
48.6085,43.38,0.48,0.06,-4.04,1.28,7,7,-1.000,0
48.6124,43.94,0.57,1.07,-3.75,1.23,7,7,-1.000,0
48.6165,44.83,0.89,1.89,-2.98,1.46,7,7,-1.000,0
48.6207,45.06,0.23,2.55,-2.51,0.85,7,7,-1.000,0
48.6251,45.80,0.74,3.62,-1.72,1.54,7,7,-1.000,0
48.6291,46.18,0.38,4.30,-1.27,0.90,7,7,-1.000,0
48.6330,46.59,0.41,5.19,-0.66,1.16,7,7,-1.000,0
48.6373,47.25,0.67,5.87,0.05,1.19,7,7,-1.000,0
48.6418,47.48,0.22,6.62,0.64,0.98,7,7,-1.000,0
48.6457,47.80,0.32,7.65,1.04,1.14,7,7,-1.000,0
48.6497,48.29,0.50,8.22,1.86,1.11,7,7,-1.000,0
48.6540,48.72,0.42,8.41,2.83,1.07,7,7,-1.000,0
48.6586,48.97,0.25,8.97,3.64,1.01,7,7,-1.000,0
48.6624,49.00,0.04,9.57,4.03,0.71,7,7,-1.000,0
48.6664,49.37,0.37,10.31,4.96,1.23,7,7,-1.000,0
48.6707,49.63,0.26,10.96,5.66,0.97,7,7,-1.000,0
48.6752,49.97,0.34,11.59,6.51,1.09,7,7,-1.000,0
48.6791,49.91,-0.05,12.65,7.22,1.28,7,7,-1.000,0
48.6831,50.08,0.17,13.15,7.82,0.79,7,7,-1.000,0
48.6874,50.29,0.21,14.07,8.39,1.08,7,7,-1.000,0
48.6919,50.75,0.47,14.57,9.37,1.16,7,7,-1.000,0
48.6957,50.93,0.18,15.29,10.00,0.95,7,7,-1.000,0
48.6997,50.98,0.05,16.10,10.88,1.20,7,7,-1.000,0
48.7041,51.27,0.29,16.65,11.67,0.97,7,7,-1.000,0
48.7085,51.31,0.05,17.27,12.26,0.85,7,7,-1.000,0
48.7124,51.57,0.25,17.68,13.22,1.05,7,7,-1.000,0
48.7165,51.71,0.14,18.04,13.96,0.82,7,7,-1.000,0
48.7207,51.95,0.24,18.59,14.56,0.81,7,7,-1.000,0
48.7252,52.17,0.23,19.22,15.22,0.91,7,7,-1.000,0
48.7291,52.34,0.17,19.31,15.96,0.75,7,7,-1.000,0
48.7331,52.75,0.41,19.85,16.92,1.13,7,7,-1.000,0
48.7374,53.05,0.30,20.34,17.19,0.56,7,7,-1.000,0
48.7419,53.22,0.17,20.73,18.00,0.88,7,7,-1.000,0
48.7457,53.52,0.30,21.36,18.74,0.96,7,7,-1.000,0
48.7497,53.60,0.08,21.44,19.19,0.46,7,7,-1.000,0
48.7541,54.04,0.44,21.56,19.93,0.85,7,7,-1.000,0
48.7585,54.42,0.39,21.97,20.82,1.00,7,7,-1.000,0
48.7623,54.54,0.12,22.23,21.38,0.61,7,7,-1.000,0
48.7663,54.71,0.17,22.50,21.82,0.51,7,7,-1.000,0
48.7706,55.06,0.35,22.85,22.57,0.85,7,7,-1.000,0
48.7751,55.36,0.29,23.39,23.18,0.79,7,7,-1.000,0
48.7790,55.44,0.08,23.73,23.71,0.62,7,7,-1.000,0
48.7831,55.55,0.11,23.91,24.38,0.69,7,7,-1.000,0
48.7874,55.81,0.26,24.51,24.89,0.75,7,7,-1.000,0
48.7919,55.77,-0.04,24.90,25.34,0.61,7,7,-1.000,0
48.7957,55.82,0.06,25.28,25.94,0.69,7,7,-1.000,0
48.7997,55.82,-0.00,25.59,26.67,0.80,7,7,-1.000,0
48.8041,55.81,-0.01,25.90,27.36,0.76,7,7,-1.000,0
48.8082,55.89,0.08,26.25,28.06,0.77,7,7,-1.000,0
48.8125,55.79,-0.09,26.45,28.77,0.76,7,7,-1.000,0
48.8168,55.88,0.09,26.75,29.53,0.80,7,7,-1.000,0
48.8208,55.88,-0.00,27.25,30.40,1.00,7,7,-1.000,0
48.8250,55.89,0.00,27.62,31.00,0.70,7,7,-1.000,0
48.8294,56.10,0.22,28.06,31.78,0.87,7,7,-1.000,0
48.8332,56.24,0.13,28.41,32.53,0.80,7,7,-1.000,0
48.8374,56.05,-0.18,29.05,33.10,0.95,7,7,-1.000,0
48.8415,56.19,0.13,29.54,33.75,0.77,7,7,-1.000,0
48.8455,56.20,0.01,29.85,34.31,0.64,7,7,-1.000,0
48.8497,56.48,0.28,30.29,35.22,0.97,7,7,-1.000,0
48.8539,56.54,0.06,30.76,35.77,0.70,7,7,-1.000,0
48.8583,57.06,0.52,31.57,36.37,0.89,7,7,-1.000,0
48.8623,57.24,0.18,31.80,36.86,0.52,7,7,-1.000,0
48.8664,57.79,0.54,32.40,37.43,0.76,7,7,-1.000,0
48.8706,58.25,0.47,32.84,37.85,0.59,7,7,-1.000,0
48.8746,58.67,0.42,33.00,38.36,0.62,7,7,-1.000,0
48.8788,59.27,0.60,33.00,38.80,0.74,7,7,-1.000,0
48.8830,59.74,0.47,33.23,38.81,0.37,7,7,-1.000,0
48.8873,60.33,0.59,33.59,38.85,0.46,7,7,-1.000,0
48.8917,61.26,0.93,33.86,38.93,0.80,7,7,-1.000,0
48.8955,61.74,0.48,33.57,39.14,0.73,7,7,-1.000,0
48.8996,62.15,0.40,33.58,38.99,0.42,7,7,-1.000,0
48.9040,63.35,1.21,33.70,39.46,1.23,7,7,-1.000,0
48.9083,63.46,0.11,33.34,39.36,0.45,7,7,-1.000,0
48.9123,63.86,0.40,33.07,39.45,0.61,7,7,-1.000,0
48.9163,64.41,0.55,32.91,39.81,0.75,7,7,-1.000,0
48.9206,64.46,0.05,32.81,39.97,0.21,7,7,-1.000,0
48.9250,64.89,0.43,32.59,40.39,0.73,7,7,-1.000,0
48.9289,65.44,0.56,32.61,40.80,0.68,7,7,-1.000,0
48.9330,65.87,0.43,32.63,41.23,0.60,7,7,-1.000,0
48.9373,66.48,0.60,33.16,41.68,0.65,7,7,-1.000,0
48.9417,66.99,0.51,33.39,42.20,0.65,7,7,-1.000,0
48.9455,66.65,-0.34,33.45,42.41,0.44,7,7,-1.000,0
48.9496,66.61,-0.04,33.37,43.08,0.68,7,7,-1.000,0
48.9539,67.04,0.43,33.83,43.76,0.77,7,7,-1.000,0
48.9584,67.25,0.21,34.17,43.86,0.27,7,7,-1.000,0
48.9623,67.58,0.33,34.60,44.52,0.73,7,7,-1.000,0
48.9663,67.72,0.14,34.65,45.09,0.58,7,7,-1.000,0
48.9706,68.45,0.72,34.81,45.86,0.99,7,7,-1.000,0
48.9751,69.05,0.61,35.39,46.44,0.73,7,7,-1.000,0
48.9791,69.56,0.51,35.89,46.70,0.46,7,7,-1.000,0
48.9829,70.37,0.81,36.24,47.61,1.09,7,7,-1.000,0
48.9873,71.03,0.66,36.83,47.81,0.50,7,7,-1.000,0
48.9917,71.64,0.61,36.95,48.43,0.82,7,7,-1.000,0
48.9958,72.09,0.46,37.32,48.96,0.61,7,7,-1.000,0
48.9995,72.56,0.47,37.37,49.57,0.75,7,7,-1.000,0
49.0039,73.28,0.71,38.00,49.76,0.50,7,7,-1.000,0
49.0082,74.19,0.91,38.57,50.33,0.83,7,7,-1.000,0
49.0123,74.51,0.33,38.78,50.69,0.41,7,7,-1.000,0
49.0163,75.14,0.62,39.46,51.04,0.56,7,7,-1.000,0
49.0206,75.89,0.76,39.96,51.60,0.74,7,7,-1.000,0
49.0248,76.71,0.82,40.67,52.09,0.71,7,7,-1.000,0
49.0289,77.32,0.61,41.11,52.89,0.88,7,7,-1.000,0
49.0331,77.54,0.22,41.52,53.29,0.48,7,7,-1.000,0
49.0374,78.00,0.46,41.77,54.09,0.86,7,7,-1.000,0
49.0417,78.52,0.52,42.48,54.51,0.59,7,7,-1.000,0
49.0456,78.91,0.39,42.92,54.84,0.41,7,7,-1.000,0
49.0496,79.98,1.07,43.92,55.42,0.85,7,7,-1.000,0
49.0539,80.26,0.28,44.15,55.77,0.39,7,7,-1.000,0
49.0584,80.98,0.72,44.75,56.14,0.55,7,7,-1.000,0
49.0622,81.37,0.39,45.23,56.84,0.74,7,7,-1.000,0
49.0663,82.00,0.63,45.88,57.42,0.68,7,7,-1.000,0
49.0704,82.13,0.13,45.83,57.83,0.45,7,7,-1.000,0
49.0750,82.23,0.10,46.45,57.97,0.55,7,7,-1.000,0
49.0790,82.15,-0.08,46.74,58.36,0.53,7,7,-1.000,0
49.0830,84.51,2.36,47.64,58.91,1.75,7,7,-1.000,0
49.0873,84.56,0.04,48.00,59.41,0.59,7,7,-1.000,0
49.0916,85.39,0.84,48.55,59.89,0.66,7,7,-1.000,0
49.0955,85.42,0.02,48.68,60.39,0.51,7,7,-1.000,0
49.0995,87.27,1.85,49.86,60.87,1.11,7,7,-1.000,0
49.1047,86.59,-0.67,49.57,61.05,0.48,7,7,-1.000,0
49.1103,88.14,1.55,50.72,61.48,0.89,7,7,-1.000,0
49.1143,89.40,1.27,51.46,61.80,0.78,7,7,-1.000,0
49.1186,89.96,0.56,52.14,62.80,1.05,7,7,-1.000,0
49.1226,90.94,0.98,52.91,63.27,0.66,7,7,-1.000,0
49.1267,92.62,1.68,54.21,63.52,0.82,7,7,-1.000,0
49.1311,93.10,0.48,54.78,64.00,0.54,7,7,-1.000,0
49.1358,93.86,0.76,55.39,64.77,0.85,7,7,-1.000,0
49.1398,94.54,0.68,55.25,64.45,0.88,7,7,-1.000,0
49.1439,95.05,0.50,55.78,64.40,0.24,7,7,-1.000,0
49.1477,95.53,0.49,56.15,65.16,0.79,7,7,-1.000,0
49.1517,95.25,-0.28,55.53,64.84,0.50,7,7,-1.000,0
49.1560,95.97,0.72,56.13,65.59,0.81,7,7,-1.000,0
49.1599,96.64,0.67,57.16,66.19,0.78,7,7,-1.000,0
49.1642,97.50,0.87,57.94,66.86,0.75,7,7,-1.000,0
49.1688,98.16,0.65,58.69,67.21,0.46,7,7,-1.000,0
49.1737,99.24,1.08,59.83,67.55,0.55,7,7,-1.000,0
49.1777,100.33,1.09,60.93,67.97,0.60,7,7,-1.000,0
49.1812,101.70,1.37,62.47,68.42,0.73,7,7,-1.000,0
49.1833,105.48,3.77,65.71,67.96,1.50,7,7,-1.000,0
49.1876,105.01,-0.46,65.99,69.60,1.79,7,7,-1.000,0
49.1918,106.07,1.06,67.26,70.32,0.86,7,7,-1.000,0
49.1959,109.22,3.15,70.14,70.74,1.13,7,7,-1.000,0
49.1997,111.53,2.32,72.43,71.20,0.89,7,7,-1.000,0
49.2040,112.20,0.66,73.60,71.45,0.64,7,7,-1.000,0
49.2082,115.16,2.96,76.27,71.25,0.98,7,7,-1.000,0
49.2122,116.07,0.91,77.60,71.78,0.76,7,7,-1.000,0
49.2163,117.61,1.54,79.41,71.96,0.61,7,7,-1.000,0
49.2206,119.51,1.90,81.43,72.10,0.64,7,7,-1.000,0
49.2249,120.87,1.36,82.96,72.21,0.49,7,7,-1.000,0
49.2289,122.84,1.97,84.97,72.39,0.64,7,7,-1.000,0
49.2330,124.67,1.82,86.91,72.54,0.60,7,7,-1.000,0
49.2373,125.49,0.83,87.68,72.67,0.28,7,7,-1.000,0
49.2418,126.79,1.29,89.29,72.75,0.54,7,7,-1.000,0
49.2455,128.26,1.47,90.74,72.83,0.44,7,7,-1.000,0
49.2496,128.65,0.38,91.21,72.98,0.21,7,7,-1.000,0
49.2538,130.08,1.44,92.59,73.13,0.45,7,7,-1.000,0
49.2581,130.49,0.41,93.04,73.25,0.18,7,7,-1.000,0
49.2621,132.14,1.65,94.38,73.35,0.54,7,7,-1.000,0
49.2662,133.62,1.48,95.84,73.52,0.46,7,7,-1.000,0
49.2704,134.83,1.21,96.91,73.72,0.40,7,7,-1.000,0
49.2750,136.81,1.98,98.71,73.86,0.58,7,7,-1.000,0
49.2788,137.05,0.24,99.10,73.93,0.18,7,7,-1.000,0
49.2830,138.13,1.08,100.12,74.01,0.31,7,7,-1.000,0
49.2872,138.93,0.80,100.95,74.04,0.23,7,7,-1.000,0
49.2914,140.18,1.25,102.33,74.16,0.40,7,7,-1.000,0
49.2953,142.25,2.07,104.41,74.20,0.57,7,7,-1.000,0
49.2995,143.78,1.53,106.10,74.22,0.47,7,7,-1.000,0
49.3038,145.24,1.46,107.84,74.32,0.53,7,7,-1.000,0
49.3084,147.46,2.22,110.21,74.24,0.65,7,7,-1.000,0
49.3123,148.78,1.31,111.81,74.17,0.49,7,7,-1.000,0
49.3164,150.33,1.55,113.63,73.88,0.61,7,7,-1.000,0
49.3207,151.37,1.04,115.16,74.06,0.63,7,7,-1.000,0
49.3247,152.45,1.08,116.65,74.08,0.53,7,7,-1.000,0
49.3289,152.60,0.15,116.79,73.50,0.58,7,7,-1.000,0
49.3331,152.90,0.30,117.76,73.72,0.72,7,7,-1.000,0
49.3373,154.60,1.70,119.15,73.14,0.79,7,7,-1.000,0
49.3417,154.98,0.38,119.96,73.28,0.48,7,7,-1.000,0
49.3457,156.09,1.11,120.79,72.79,0.63,7,7,-1.000,0
49.3497,156.37,0.28,121.28,72.76,0.24,7,7,-1.000,0
49.3540,156.34,-0.03,121.12,72.45,0.34,7,7,-1.000,0
49.3583,156.00,-0.34,120.82,72.29,0.19,7,7,-1.000,0
49.3622,156.01,0.01,120.94,72.19,0.16,7,7,-1.000,0
49.3663,156.87,0.87,121.65,71.99,0.35,7,7,-1.000,0
49.3707,156.87,0.00,121.75,71.87,0.16,7,7,-1.000,0
49.3751,157.24,0.37,122.10,71.72,0.19,7,7,-1.000,0
49.3791,158.08,0.84,123.19,71.61,0.41,7,7,-1.000,0
49.3831,159.09,1.02,124.25,71.33,0.44,7,7,-1.000,0
49.3873,159.24,0.14,124.75,71.47,0.38,7,7,-1.000,0
49.3917,159.36,0.13,125.12,71.27,0.33,7,7,-1.000,0
49.3957,158.80,-0.56,124.89,71.21,0.35,7,7,-1.000,0
49.3995,158.89,0.08,125.37,71.19,0.40,7,7,-1.000,0
49.4039,160.16,1.27,126.95,71.11,0.57,7,7,-1.000,0
49.4082,161.28,1.12,128.19,70.94,0.44,7,7,-1.000,0
49.4122,161.48,0.20,128.96,71.09,0.61,7,7,-1.000,0
49.4164,162.38,0.90,130.20,71.06,0.49,7,7,-1.000,0
49.4205,163.27,0.89,131.10,70.86,0.36,7,7,-1.000,0
49.4250,163.86,0.59,132.11,70.95,0.50,7,7,-1.000,0
49.4289,164.17,0.32,132.44,70.70,0.28,7,7,-1.000,0
49.4331,164.06,-0.12,132.67,70.89,0.39,7,7,-1.000,0
49.4373,164.81,0.76,133.49,70.64,0.37,7,7,-1.000,0
49.4418,164.80,-0.02,133.57,70.77,0.16,7,7,-1.000,0
49.4456,164.90,0.11,133.85,70.68,0.21,7,7,-1.000,0
49.4497,164.63,-0.28,133.59,70.79,0.15,7,7,-1.000,0
49.4540,164.74,0.12,133.75,70.50,0.30,7,7,-1.000,0
49.4585,164.53,-0.22,133.70,70.76,0.31,7,7,-1.000,0
49.4624,165.00,0.47,134.22,70.70,0.18,7,7,-1.000,0
49.4664,164.81,-0.19,134.27,70.88,0.30,7,7,-1.000,0
49.4707,165.37,0.55,134.91,70.83,0.22,7,7,-1.000,0
49.4751,165.51,0.15,135.19,70.86,0.15,7,7,-1.000,0
49.4790,165.71,0.20,135.58,70.92,0.23,7,7,-1.000,0
49.4830,165.60,-0.11,135.51,70.65,0.28,7,7,-1.000,0
49.4873,165.10,-0.50,135.33,70.93,0.44,7,7,-1.000,0
49.4918,165.46,0.36,135.73,70.73,0.24,7,7,-1.000,0
49.4956,164.89,-0.57,135.40,70.91,0.34,7,7,-1.000,0
49.4996,164.93,0.04,135.55,71.02,0.16,7,7,-1.000,0
49.5040,165.46,0.53,136.14,70.95,0.21,7,7,-1.000,0
49.5085,166.24,0.78,136.91,71.00,0.26,7,7,-1.000,0
49.5123,165.06,-1.18,136.05,71.36,0.59,7,7,-1.000,0
49.5164,165.45,0.39,136.51,71.26,0.18,7,7,-1.000,0
49.5206,166.18,0.73,137.08,71.12,0.29,7,7,-1.000,0
49.5250,164.66,-1.52,136.02,71.62,0.79,7,7,-1.000,0
49.5289,164.48,-0.18,136.01,71.72,0.20,7,7,-1.000,0
49.5330,165.29,0.82,136.65,71.56,0.34,7,7,-1.000,0
49.5373,164.39,-0.91,136.09,71.92,0.55,7,7,-1.000,0
49.5418,163.96,-0.43,135.81,72.19,0.32,7,7,-1.000,0
49.5457,163.79,-0.17,135.86,72.39,0.29,7,7,-1.000,0
49.5497,163.76,-0.03,135.70,72.44,0.15,7,7,-1.000,0
49.5540,163.16,-0.60,135.30,72.72,0.38,7,7,-1.000,0
49.5582,162.94,-0.22,135.01,72.85,0.16,7,7,-1.000,0
49.5623,162.46,-0.49,134.53,73.02,0.22,7,7,-1.000,0
49.5664,161.63,-0.83,133.55,73.21,0.36,7,7,-1.000,0
49.5707,161.14,-0.49,133.01,73.35,0.22,7,7,-1.000,0
49.5751,160.41,-0.73,132.37,73.59,0.32,7,7,-1.000,0
49.5790,160.45,0.04,132.22,73.59,0.18,7,7,-1.000,0
49.5831,159.76,-0.68,131.38,73.80,0.34,7,7,-1.000,0
49.5873,159.01,-0.75,130.49,73.94,0.30,7,7,-1.000,0
49.5918,157.94,-1.07,129.53,74.28,0.45,7,7,-1.000,0
49.5957,157.17,-0.77,128.84,74.57,0.36,7,7,-1.000,0
49.5996,156.10,-1.07,127.66,74.82,0.41,7,7,-1.000,0
49.6040,155.50,-0.59,126.96,75.07,0.31,7,7,-1.000,0
49.6085,154.47,-1.04,125.81,75.26,0.36,7,7,-1.000,0
49.6123,153.64,-0.83,125.00,75.48,0.30,7,7,-1.000,0
49.6164,152.79,-0.85,124.24,75.74,0.34,7,7,-1.000,0
49.6206,151.50,-1.29,123.00,75.97,0.39,7,7,-1.000,0
49.6251,150.83,-0.67,122.37,76.16,0.25,7,7,-1.000,0
49.6290,150.50,-0.33,122.00,76.33,0.19,7,7,-1.000,0
49.6331,149.14,-1.36,120.74,76.49,0.37,7,7,-1.000,0
49.6374,148.36,-0.77,119.98,76.59,0.21,7,7,-1.000,0
49.6417,148.35,-0.01,119.90,76.79,0.21,7,7,-1.000,0
49.6455,147.74,-0.61,119.31,76.92,0.19,7,7,-1.000,0
49.6496,146.44,-1.30,118.10,77.00,0.31,7,7,-1.000,0
49.6541,145.55,-0.89,117.21,76.93,0.22,7,7,-1.000,0
49.6584,144.03,-1.52,115.84,77.20,0.45,7,7,-1.000,0
49.6624,143.23,-0.80,115.04,77.38,0.25,7,7,-1.000,0
49.6664,142.06,-1.17,113.82,77.45,0.28,7,7,-1.000,0
49.6707,141.05,-1.01,112.83,77.54,0.24,7,7,-1.000,0
49.6750,139.94,-1.11,111.61,77.59,0.27,7,7,-1.000,0
49.6789,138.99,-0.95,110.57,77.66,0.24,7,7,-1.000,0
49.6831,138.49,-0.49,109.95,77.73,0.19,7,7,-1.000,0
49.6873,138.03,-0.46,109.26,77.78,0.27,7,7,-1.000,0
49.6914,136.50,-1.53,107.71,77.86,0.34,7,7,-1.000,0
49.6955,135.10,-1.41,106.25,77.86,0.31,7,7,-1.000,0
49.6995,133.26,-1.84,104.41,77.83,0.39,7,7,-1.000,0
49.7040,132.71,-0.55,103.79,77.90,0.16,7,7,-1.000,0
49.7084,132.40,-0.31,103.35,77.75,0.22,7,7,-1.000,0
49.7123,131.55,-0.85,102.45,77.66,0.21,7,7,-1.000,0
49.7164,131.24,-0.31,102.02,77.63,0.16,7,7,-1.000,0
49.7206,127.98,-3.26,99.08,77.37,0.79,7,7,-1.000,0
49.7248,127.83,-0.15,98.78,77.29,0.17,7,7,-1.000,0
49.7289,127.09,-0.75,97.97,77.24,0.19,7,7,-1.000,0
49.7330,125.82,-1.27,96.70,77.16,0.29,7,7,-1.000,0
49.7374,126.14,0.33,96.76,77.17,0.26,7,7,-1.000,0
49.7418,125.09,-1.06,95.63,77.08,0.27,7,7,-1.000,0
49.7456,122.94,-2.14,93.55,76.87,0.53,7,7,-1.000,0
49.7497,122.47,-0.47,92.89,76.75,0.25,7,7,-1.000,0
49.7539,120.55,-1.92,90.92,76.77,0.45,7,7,-1.000,0
49.7583,118.97,-1.58,89.19,76.76,0.41,7,7,-1.000,0
49.7624,117.56,-1.41,87.57,76.78,0.40,7,7,-1.000,0
49.7664,115.65,-1.91,85.56,76.75,0.46,7,7,-1.000,0
49.7706,114.80,-0.85,84.46,76.61,0.37,7,7,-1.000,0
49.7750,113.30,-1.49,82.90,76.45,0.40,7,7,-1.000,0
49.7789,112.18,-1.12,81.58,76.43,0.35,7,7,-1.000,0
49.7831,111.40,-0.78,80.60,76.47,0.28,7,7,-1.000,0
49.7873,111.00,-0.39,79.94,76.42,0.30,7,7,-1.000,0
49.7917,109.34,-1.66,78.19,76.18,0.48,7,7,-1.000,0
49.7958,108.79,-0.55,77.40,75.83,0.45,7,7,-1.000,0
49.7997,108.70,-0.09,77.18,75.79,0.14,7,7,-1.000,0
49.8040,108.11,-0.59,76.45,75.73,0.22,7,7,-1.000,0
49.8082,107.37,-0.74,75.60,75.64,0.24,7,7,-1.000,0
49.8124,106.09,-1.27,74.37,75.41,0.39,7,7,-1.000,0
49.8167,105.80,-0.30,73.82,75.15,0.37,7,7,-1.000,0
49.8207,104.87,-0.93,72.78,75.09,0.29,7,7,-1.000,0
49.8250,104.05,-0.82,71.97,75.01,0.23,7,7,-1.000,0
49.8293,102.71,-1.34,70.64,74.73,0.44,7,7,-1.000,0
49.8332,102.31,-0.40,70.23,74.34,0.40,7,7,-1.000,0
49.8372,102.07,-0.24,69.71,74.04,0.42,7,7,-1.000,0
49.8415,100.70,-1.37,68.30,73.93,0.41,7,7,-1.000,0
49.8458,100.50,-0.20,67.92,73.79,0.24,7,7,-1.000,0
49.8498,99.90,-0.60,67.16,73.38,0.48,7,7,-1.000,0
49.8542,99.13,-0.77,66.22,73.11,0.41,7,7,-1.000,0
49.8583,98.56,-0.56,65.33,72.85,0.47,7,7,-1.000,0
49.8622,98.17,-0.40,64.75,72.56,0.37,7,7,-1.000,0
49.8664,98.15,-0.02,64.38,72.23,0.49,7,7,-1.000,0
49.8706,99.19,1.04,64.79,71.32,1.13,7,7,-1.000,0
49.8750,97.09,-2.10,62.73,71.45,0.69,7,7,-1.000,0
49.8790,97.14,0.06,62.30,71.23,0.53,7,7,-1.000,0
49.8830,96.32,-0.83,61.12,70.80,0.64,7,7,-1.000,0
49.8873,96.59,0.27,60.89,70.14,0.83,7,7,-1.000,0
49.8916,94.80,-1.78,58.92,69.81,0.75,7,7,-1.000,0
49.8956,93.84,-0.97,57.71,69.18,0.78,7,7,-1.000,0
49.8996,93.76,-0.08,57.14,67.98,1.30,7,7,-1.000,0
49.9038,91.70,-2.06,54.78,67.97,0.89,7,7,-1.000,0
49.9082,90.11,-1.59,52.99,67.15,1.07,7,7,-1.000,0
49.9122,88.24,-1.87,50.96,66.64,0.95,7,7,-1.000,0
49.9163,86.90,-1.33,49.25,65.99,0.98,7,7,-1.000,0
49.9206,86.67,-0.23,47.80,64.84,1.69,7,7,-1.000,0
49.9250,85.91,-0.76,46.50,64.32,0.87,7,7,-1.000,0
49.9293,86.08,0.17,45.80,63.16,1.44,7,7,-1.000,0
49.9331,84.71,-1.37,43.78,61.92,1.61,7,7,-1.000,0
49.9374,84.07,-0.64,42.91,60.99,1.03,7,7,-1.000,0
49.9418,83.80,-0.27,42.07,60.23,0.97,7,7,-1.000,0
49.9457,83.17,-0.63,41.13,59.42,0.96,7,7,-1.000,0
49.9498,83.07,-0.10,40.48,58.70,0.91,7,7,-1.000,0
49.9542,82.30,-0.78,39.55,57.94,0.91,7,7,-1.000,0
49.9586,81.94,-0.36,38.71,57.04,1.06,7,7,-1.000,0
49.9626,81.04,-0.90,37.84,56.16,1.02,7,7,-1.000,0
49.9665,80.20,-0.84,36.71,55.35,1.04,7,7,-1.000,0
49.9707,79.87,-0.33,36.33,54.52,0.85,7,7,-1.000,0
49.9750,79.16,-0.71,35.42,53.68,1.00,7,7,-1.000,0
49.9791,78.54,-0.62,34.75,52.46,1.29,7,7,-1.000,0
49.9832,78.15,-0.39,34.18,51.55,0.97,7,7,-1.000,0
49.9875,77.63,-0.52,33.42,50.74,0.94,7,7,-1.000,0
49.9918,77.29,-0.34,32.71,49.65,1.21,7,7,-1.000,0
49.9959,77.21,-0.08,32.10,48.87,0.95,7,7,-1.000,0
49.9998,76.44,-0.77,30.97,47.59,1.49,7,7,-1.000,0
50.0040,76.36,-0.08,30.03,46.28,1.58,7,7,-1.000,0
50.0083,76.02,-0.34,29.03,44.87,1.62,7,7,-1.000,0
50.0125,76.28,0.26,28.29,43.72,1.48,7,7,-1.000,0
50.0165,75.86,-0.42,27.27,41.78,2.10,7,7,-1.000,0
50.0207,76.30,0.43,26.30,40.59,1.76,7,7,-1.000,0
50.0253,75.99,-0.30,24.87,38.94,2.08,7,7,-1.000,0
50.0290,76.25,0.26,23.99,37.31,1.95,7,7,-1.000,0
50.0331,76.32,0.07,23.07,35.77,1.81,7,7,-1.000,0
50.0372,76.21,-0.11,21.50,34.01,2.32,7,7,-1.000,0
50.0414,76.49,0.28,20.62,32.53,1.81,7,7,-1.000,0
50.0454,76.35,-0.14,19.41,31.29,1.69,7,7,-1.000,0
50.0496,76.31,-0.04,18.02,29.66,2.13,7,7,-1.000,0
50.0545,76.93,0.62,17.13,28.60,1.68,7,7,-1.000,0
50.0588,77.08,0.15,16.18,27.23,1.71,7,7,-1.000,0
50.0624,76.91,-0.17,15.03,25.56,1.99,7,7,-1.000,0
50.0663,76.90,-0.01,14.56,24.42,1.23,7,7,-1.000,0
50.0705,77.26,0.36,14.03,23.30,1.36,7,7,-1.000,0
50.0747,77.58,0.32,12.73,21.44,2.36,7,7,-1.000,0
50.0788,77.98,0.40,12.48,20.89,0.77,7,7,-1.000,0
50.0830,77.97,-0.00,11.77,19.56,1.50,7,7,-1.000,0
50.0874,78.00,0.03,10.86,17.92,1.88,7,7,-1.000,0
50.0919,77.86,-0.15,10.58,16.48,1.47,7,7,-1.000,0
50.0956,77.72,-0.13,10.07,15.08,1.48,7,7,-1.000,0
50.0996,77.63,-0.10,9.45,13.89,1.34,7,7,-1.000,0
50.1050,77.60,-0.03,8.91,12.60,1.39,7,7,-1.000,0
50.1102,78.02,0.43,8.75,11.36,1.33,7,7,-1.000,0
50.1145,77.75,-0.28,7.49,9.94,1.88,7,7,-1.000,0
50.1187,78.01,0.26,6.61,8.54,1.69,7,7,-1.000,0
50.1228,78.25,0.24,5.75,7.25,1.59,7,7,-1.000,0
50.1270,78.62,0.37,5.06,6.05,1.45,7,7,-1.000,0
50.1313,78.85,0.23,3.80,4.64,1.92,7,7,-1.000,0
50.1362,79.30,0.45,2.79,3.24,1.80,7,7,-1.000,0
50.1394,79.84,0.54,1.75,1.82,1.86,7,7,-1.000,0
50.1443,80.63,0.79,0.57,0.66,1.84,7,7,-1.000,0
50.1482,81.40,0.77,-1.00,-0.70,2.22,7,7,-1.000,0
50.1519,82.26,0.87,-2.37,-1.80,1.95,7,7,-1.000,0
50.1563,83.29,1.02,-3.97,-2.50,1.99,7,7,-1.000,0
50.1602,83.97,0.68,-5.22,-3.91,1.98,7,7,-1.000,0
50.1647,84.71,0.74,-6.60,-5.31,2.06,7,7,-1.000,0
50.1694,85.46,0.75,-8.20,-6.59,2.13,7,7,-1.000,0
50.1727,86.39,0.93,-9.91,-8.01,2.32,7,7,-1.000,0
50.1751,87.21,0.83,-11.77,-9.27,2.30,7,7,-1.000,0
50.1791,88.05,0.84,-13.34,-10.36,1.98,7,7,-1.000,0
50.1830,88.81,0.76,-15.31,-12.03,2.58,7,7,-1.000,0
50.1872,89.77,0.96,-17.21,-12.99,2.16,7,7,-1.000,0
50.1916,90.66,0.88,-18.98,-14.50,2.34,7,7,-1.000,0
50.1955,91.48,0.82,-21.08,-15.58,2.31,7,7,-1.000,0
50.1995,92.43,0.94,-23.09,-17.00,2.43,7,7,-1.000,0
50.2038,93.40,0.98,-24.86,-18.84,2.53,7,7,-1.000,0
50.2082,94.17,0.77,-26.93,-19.70,2.14,7,7,-1.000,0
50.2121,95.19,1.02,-28.48,-21.47,2.33,7,7,-1.000,0
50.2161,96.26,1.06,-30.58,-22.72,2.33,7,7,-1.000,0
50.2204,97.26,1.01,-32.13,-24.14,2.04,7,7,-1.000,0
50.2248,98.39,1.13,-33.93,-25.68,2.28,7,7,-1.000,0
50.2288,99.21,0.82,-35.73,-26.67,1.90,7,7,-1.000,0
50.2329,100.50,1.29,-37.29,-28.47,2.34,7,7,-1.000,0
50.2371,101.81,1.31,-38.36,-30.30,2.20,7,7,-1.000,0
50.2415,102.80,0.99,-40.07,-31.31,1.79,7,7,-1.000,0
50.2455,103.85,1.05,-41.16,-32.66,1.71,7,7,-1.000,0
50.2497,104.84,0.99,-42.78,-33.75,1.74,7,7,-1.000,0
50.2537,106.59,1.75,-46.28,-34.79,3.08,7,7,-1.000,0
50.2581,107.73,1.14,-46.76,-35.99,1.52,7,7,-1.000,0
50.2623,109.00,1.27,-48.27,-36.85,1.53,7,7,-1.000,0
50.2663,110.34,1.34,-49.31,-37.93,1.53,7,7,-1.000,0
50.2707,111.54,1.20,-50.32,-38.83,1.33,7,7,-1.000,0
50.2747,112.44,0.90,-52.02,-39.19,1.38,7,7,-1.000,0
50.2787,114.06,1.61,-52.67,-40.50,1.84,7,7,-1.000,0
50.2829,115.28,1.22,-54.63,-41.06,1.59,7,7,-1.000,0
50.2871,116.54,1.26,-55.31,-42.21,1.50,7,7,-1.000,0
50.2915,117.84,1.29,-56.99,-42.90,1.43,7,7,-1.000,0
50.2955,118.61,0.78,-58.78,-43.18,1.41,7,7,-1.000,0
50.2996,120.23,1.62,-60.39,-44.05,1.54,7,7,-1.000,0
50.3040,121.63,1.41,-62.11,-44.51,1.33,7,7,-1.000,0
50.3083,122.84,1.21,-63.80,-44.83,1.24,7,7,-1.000,0
50.3123,124.44,1.60,-65.72,-44.98,1.39,7,7,-1.000,0
50.3163,125.55,1.11,-67.71,-44.85,1.45,7,7,-1.000,0
50.3205,127.47,1.92,-69.30,-45.21,1.43,7,7,-1.000,0
50.3250,129.17,1.70,-71.30,-45.25,1.44,7,7,-1.000,0
50.3291,130.43,1.25,-73.89,-44.83,1.96,7,7,-1.000,0
50.3331,132.06,1.63,-75.51,-44.80,1.25,7,7,-1.000,0
50.3373,133.19,1.13,-77.15,-44.65,1.17,7,7,-1.000,0
50.3418,134.49,1.30,-78.74,-44.66,1.15,7,7,-1.000,0
50.3456,136.17,1.68,-80.66,-44.74,1.40,7,7,-1.000,0
50.3498,137.65,1.48,-82.48,-44.71,1.31,7,7,-1.000,0
50.3541,139.12,1.48,-83.97,-44.68,1.14,7,7,-1.000,0
50.3582,140.09,0.96,-85.58,-44.60,1.16,7,7,-1.000,0
50.3623,142.02,1.93,-86.93,-44.85,1.39,7,7,-1.000,0
50.3664,143.82,1.81,-87.82,-45.09,1.36,7,7,-1.000,0
50.3705,144.36,0.53,-89.07,-44.98,0.96,7,7,-1.000,0
50.3750,145.79,1.43,-90.57,-44.87,1.13,7,7,-1.000,0
50.3789,146.49,0.70,-91.28,-44.95,0.55,7,7,-1.000,0
50.3830,147.85,1.36,-91.98,-45.06,1.00,7,7,-1.000,0
50.3873,149.00,1.15,-92.96,-45.12,0.83,7,7,-1.000,0
50.3914,150.14,1.14,-93.65,-45.27,0.83,7,7,-1.000,0
50.3954,151.86,1.72,-94.59,-45.50,1.26,7,7,-1.000,0
50.3995,152.79,0.93,-95.46,-45.54,0.68,7,7,-1.000,0
50.4040,154.09,1.30,-96.54,-45.56,0.92,7,7,-1.000,0
50.4083,155.36,1.27,-97.32,-45.66,0.91,7,7,-1.000,0
50.4122,156.19,0.83,-98.22,-45.68,0.66,7,7,-1.000,0
50.4162,157.59,1.40,-99.04,-45.50,1.01,7,7,-1.000,0
50.4209,159.58,1.99,-99.96,-45.53,1.48,7,7,-1.000,0
50.4250,160.43,0.85,-101.03,-45.19,0.83,7,7,-1.000,0
50.4290,161.36,0.92,-101.83,-44.98,0.70,7,7,-1.000,0
50.4330,162.77,1.41,-102.93,-44.40,1.16,7,7,-1.000,0
50.4372,163.21,0.44,-103.93,-44.16,0.80,7,7,-1.000,0
50.4415,163.94,0.73,-105.08,-43.76,0.92,7,7,-1.000,0
50.4454,164.69,0.75,-106.10,-43.47,0.79,7,7,-1.000,0
50.4495,165.07,0.39,-106.83,-43.49,0.54,7,7,-1.000,0
50.4539,166.00,0.92,-107.92,-43.22,0.86,7,7,-1.000,0
50.4582,166.86,0.87,-108.54,-43.41,0.66,7,7,-1.000,0
50.4621,168.15,1.28,-109.67,-43.64,0.99,7,7,-1.000,0
50.4661,169.10,0.95,-110.97,-43.30,1.01,7,7,-1.000,0
50.4704,170.03,0.93,-111.83,-43.44,0.73,7,7,-1.000,0
50.4746,171.37,1.33,-112.70,-43.29,0.98,7,7,-1.000,0
50.4787,172.81,1.45,-114.30,-42.73,1.34,7,7,-1.000,0
50.4828,174.32,1.51,-115.32,-42.76,1.11,7,7,-1.000,0
50.4874,175.17,0.84,-116.54,-42.16,1.08,7,7,-1.000,0
50.4916,177.13,1.97,-117.64,-41.56,1.60,7,7,-1.000,0
50.4955,178.10,0.96,-118.91,-41.01,1.11,7,7,-1.000,0
50.4995,179.02,0.92,-119.94,-40.16,1.18,7,7,-1.000,0
50.5039,-179.56,1.42,-121.25,-39.56,1.31,7,7,-1.000,0
50.5080,-178.35,1.21,-122.34,-38.83,1.24,7,7,-1.000,0
50.5121,-177.24,1.11,-123.43,-38.19,1.15,7,7,-1.000,0
50.5162,-176.42,0.81,-124.46,-37.47,1.10,7,7,-1.000,0
50.5206,-175.18,1.24,-125.52,-36.89,1.18,7,7,-1.000,0
50.5251,-174.49,0.70,-126.22,-36.27,0.88,7,7,-1.000,0
50.5289,-174.24,0.25,-127.34,-36.09,1.01,7,7,-1.000,0
50.5331,-173.68,0.56,-128.01,-35.96,0.58,7,7,-1.000,0
50.5374,-173.44,0.24,-129.11,-35.75,1.00,7,7,-1.000,0
50.5418,-173.02,0.43,-129.79,-35.38,0.67,7,7,-1.000,0
50.5456,-172.69,0.32,-130.34,-35.34,0.45,7,7,-1.000,0
50.5497,-171.82,0.87,-131.20,-34.82,0.95,7,7,-1.000,0
50.5540,-171.42,0.40,-131.62,-34.75,0.39,7,7,-1.000,0
50.5585,-170.74,0.67,-132.31,-34.33,0.76,7,7,-1.000,0
50.5623,-170.25,0.49,-133.18,-34.23,0.73,7,7,-1.000,0
50.5664,-169.60,0.65,-133.81,-33.76,0.76,7,7,-1.000,0
50.5707,-168.79,0.81,-134.50,-33.29,0.86,7,7,-1.000,0
50.5751,-168.30,0.50,-135.26,-32.73,0.85,7,7,-1.000,0
50.5792,-167.06,1.23,-136.41,-32.03,1.35,7,7,-1.000,0
50.5832,-166.43,0.63,-137.23,-31.34,1.00,7,7,-1.000,0
50.5874,-165.48,0.95,-138.22,-30.23,1.47,7,7,-1.000,0
50.5918,-164.56,0.92,-139.10,-29.19,1.38,7,7,-1.000,0
50.5957,-163.73,0.83,-139.86,-28.09,1.37,7,7,-1.000,0
50.5997,-163.07,0.66,-140.91,-27.36,1.20,7,7,-1.000,0
50.6041,-162.68,0.39,-141.87,-26.60,1.15,7,7,-1.000,0
50.6084,-162.04,0.64,-142.87,-25.39,1.52,7,7,-1.000,0
50.6124,-161.73,0.30,-143.98,-24.67,1.25,7,7,-1.000,0
50.6164,-161.45,0.29,-145.02,-23.90,1.23,7,7,-1.000,0
50.6208,-160.94,0.51,-146.02,-22.98,1.31,7,7,-1.000,0
50.6252,-160.68,0.26,-146.90,-22.24,1.11,7,7,-1.000,0
50.6291,-160.14,0.54,-147.77,-21.37,1.21,7,7,-1.000,0
50.6332,-159.97,0.17,-148.76,-20.94,1.03,7,7,-1.000,0
50.6374,-159.59,0.38,-149.52,-20.43,0.88,7,7,-1.000,0
50.6418,-159.37,0.22,-150.60,-19.98,1.12,7,7,-1.000,0
50.6456,-159.11,0.25,-151.54,-19.59,0.97,7,7,-1.000,0
50.6497,-158.94,0.18,-152.64,-19.44,1.06,7,7,-1.000,0
50.6541,-158.28,0.65,-152.58,-18.59,1.09,7,7,-1.000,0
50.6585,-158.84,-0.55,-153.69,-18.21,1.45,7,7,-1.000,0
50.6624,-158.72,0.12,-154.80,-17.48,1.30,7,7,-1.000,0
50.6664,-158.17,0.55,-155.54,-16.98,0.92,7,7,-1.000,0
50.6707,-157.97,0.21,-156.41,-16.39,1.03,7,7,-1.000,0
50.6752,-157.76,0.20,-157.61,-15.67,1.37,7,7,-1.000,0
50.6791,-156.98,0.79,-158.56,-15.05,1.23,7,7,-1.000,0
50.6831,-157.67,-0.69,-158.58,-13.59,1.62,7,7,-1.000,0
50.6874,-157.47,0.20,-159.15,-12.79,0.98,7,7,-1.000,0
50.6918,-157.26,0.20,-159.54,-11.89,0.98,7,7,-1.000,0
50.6957,-156.62,0.64,-161.89,-10.54,2.68,7,7,-1.000,0
50.6997,-156.07,0.55,-162.38,-10.13,0.79,7,7,-1.000,0
50.7040,-155.70,0.37,-162.65,-8.82,1.38,7,7,-1.000,0
50.7084,-155.63,0.07,-163.32,-8.00,1.05,7,7,-1.000,0
50.7124,-155.83,-0.19,-164.38,-6.15,2.15,7,7,-1.000,0
50.7164,-155.29,0.54,-164.57,-5.67,0.74,7,7,-1.000,0
50.7207,-154.86,0.43,-165.86,-5.38,1.35,7,7,-1.000,0
50.7251,-155.33,-0.47,-165.81,-3.84,1.61,7,7,-1.000,0
50.7290,-155.53,-0.20,-166.28,-3.69,0.54,7,7,-1.000,0
50.7331,-154.86,0.67,-166.73,-3.00,1.04,7,7,-1.000,0
50.7373,-155.16,-0.30,-168.71,-1.32,2.62,7,7,-1.000,0
50.7418,-154.11,1.05,-169.93,-0.85,1.67,7,7,-1.000,0
50.7456,-153.99,0.12,-170.88,0.35,1.54,7,7,-1.000,0
50.7496,-154.09,-0.10,-171.11,0.18,0.30,7,7,-1.000,0
50.7540,-153.68,0.41,-171.60,1.42,1.40,7,7,-1.000,0
50.7586,-153.95,-0.27,-173.43,1.16,1.86,7,7,-1.000,0
50.7625,-153.82,0.13,-174.59,1.54,1.24,7,7,-1.000,0
50.7665,-154.13,-0.31,-174.63,2.64,1.14,7,7,-1.000,0
50.7708,-154.39,-0.26,-175.13,2.92,0.62,7,7,-1.000,0
50.7752,-154.20,0.20,-176.78,3.52,1.78,7,7,-1.000,0
50.7791,-154.32,-0.13,-177.16,3.94,0.57,7,7,-1.000,0
50.7831,-154.32,0.01,-177.44,4.27,0.43,7,7,-1.000,0
50.7874,-154.53,-0.21,-178.32,4.71,0.99,7,7,-1.000,0
50.7917,-154.26,0.27,-178.75,5.66,1.09,7,7,-1.000,0
50.7955,-154.74,-0.48,179.58,5.51,1.69,7,7,-1.000,0
50.7997,-154.76,-0.02,-179.44,6.80,1.61,7,7,-1.000,0
50.8040,-154.79,-0.03,178.50,6.92,2.06,7,7,-1.000,0
50.8081,-154.86,-0.07,178.49,7.82,0.90,7,7,-1.000,0
50.8124,-154.96,-0.10,179.58,8.35,1.23,7,7,-1.000,0
50.8167,-154.61,0.35,178.94,8.85,0.91,7,7,-1.000,0
50.8207,-154.80,-0.19,177.58,9.31,1.42,7,7,-1.000,0
50.8249,-154.68,0.12,175.80,9.86,1.89,7,7,-1.000,0
50.8288,-154.70,-0.02,175.01,10.86,1.27,7,7,-1.000,0
50.8330,-155.24,-0.55,175.36,11.29,0.82,7,7,-1.000,0
50.8373,-154.78,0.47,174.08,11.68,1.49,7,7,-1.000,0
50.8417,-155.01,-0.23,173.03,12.43,1.27,7,7,-1.000,0
50.8456,-154.53,0.48,172.19,12.74,1.10,7,7,-1.000,0
50.8496,-154.49,0.04,171.11,12.91,1.10,7,7,-1.000,0
50.8539,-154.33,0.16,170.52,13.54,0.90,7,7,-1.000,0
50.8584,-154.29,0.04,169.96,13.67,0.59,7,7,-1.000,0
50.8622,-154.17,0.12,169.26,14.41,1.05,7,7,-1.000,0
50.8664,-154.24,-0.07,168.45,14.73,0.86,7,7,-1.000,0
50.8707,-154.43,-0.19,168.24,15.09,0.43,7,7,-1.000,0
50.8748,-154.58,-0.15,167.83,15.38,0.49,7,7,-1.000,0
50.8789,-154.25,0.33,167.91,15.85,0.57,7,7,-1.000,0
50.8831,-154.13,0.12,167.60,16.21,0.52,7,7,-1.000,0
50.8873,-153.92,0.21,167.58,16.61,0.46,7,7,-1.000,0
50.8917,-154.17,-0.25,166.95,17.41,1.01,7,7,-1.000,0
50.8956,-154.28,-0.11,166.69,17.79,0.45,7,7,-1.000,0
50.8997,-154.53,-0.25,166.15,17.65,0.54,7,7,-1.000,0
50.9040,-154.61,-0.08,165.75,18.41,0.85,7,7,-1.000,0
50.9084,-154.71,-0.10,165.28,18.61,0.50,7,7,-1.000,0
50.9123,-154.69,0.01,164.94,19.05,0.55,7,7,-1.000,0
50.9163,-154.82,-0.13,164.27,19.56,0.82,7,7,-1.000,0
50.9207,-154.70,0.13,163.94,19.86,0.49,7,7,-1.000,0
50.9251,-154.73,-0.03,163.59,20.26,0.53,7,7,-1.000,0
50.9291,-154.80,-0.07,162.97,20.89,0.87,7,7,-1.000,0
50.9330,-154.64,0.16,162.68,21.33,0.58,7,7,-1.000,0
50.9372,-154.48,0.16,162.44,21.86,0.63,7,7,-1.000,0
50.9417,-154.45,0.03,162.16,22.17,0.43,7,7,-1.000,0
50.9456,-154.32,0.13,161.97,22.47,0.41,7,7,-1.000,0
50.9496,-154.31,0.01,161.72,22.86,0.46,7,7,-1.000,0
50.9539,-154.23,0.08,161.47,23.08,0.36,7,7,-1.000,0
50.9584,-154.25,-0.02,160.90,23.19,0.58,7,7,-1.000,0
50.9622,-154.22,0.03,160.86,23.27,0.10,7,7,-1.000,0
50.9663,-154.11,0.11,161.08,23.45,0.27,7,7,-1.000,0
50.9706,-153.98,0.13,160.95,23.65,0.30,7,7,-1.000,0
50.9750,-153.86,0.12,160.72,23.91,0.39,7,7,-1.000,0
50.9790,-153.80,0.06,160.71,24.04,0.15,7,7,-1.000,0
50.9831,-153.68,0.12,160.60,24.16,0.23,7,7,-1.000,0
50.9873,-153.70,-0.02,160.42,24.05,0.20,7,7,-1.000,0
50.9918,-153.56,0.15,160.33,23.91,0.24,7,7,-1.000,0
50.9956,-153.51,0.05,160.31,23.94,0.07,7,7,-1.000,0
50.9996,-153.33,0.18,160.30,23.76,0.26,7,7,-1.000,0
51.0039,-153.10,0.23,160.32,23.66,0.24,7,7,-1.000,0
51.0083,-152.94,0.16,160.31,23.42,0.29,7,7,-1.000,0
51.0122,-152.74,0.20,160.43,23.32,0.21,7,7,-1.000,0
51.0163,-152.56,0.18,160.53,23.04,0.32,7,7,-1.000,0
51.0205,-152.38,0.18,160.65,22.95,0.20,7,7,-1.000,0
51.0251,-152.28,0.09,160.62,22.86,0.15,7,7,-1.000,0
51.0290,-152.20,0.08,160.64,22.81,0.09,7,7,-1.000,0
51.0330,-152.04,0.16,160.77,22.69,0.20,7,7,-1.000,0
51.0373,-151.93,0.12,160.79,22.61,0.14,7,7,-1.000,0
51.0419,-151.75,0.17,160.83,22.48,0.20,7,7,-1.000,0
51.0456,-151.53,0.23,160.85,22.40,0.24,7,7,-1.000,0
51.0497,-151.45,0.08,160.96,22.48,0.14,7,7,-1.000,0
51.0540,-151.34,0.11,160.94,22.19,0.32,7,7,-1.000,0
51.0586,-151.16,0.18,160.93,22.12,0.20,7,7,-1.000,0
51.0623,-150.99,0.17,160.90,22.03,0.20,7,7,-1.000,0
51.0664,-150.93,0.06,160.77,21.93,0.19,7,7,-1.000,0
51.0707,-150.83,0.10,160.74,21.84,0.14,7,7,-1.000,0
51.0755,-150.85,-0.02,160.61,21.76,0.15,7,7,-1.000,0
51.0798,-150.83,0.02,160.56,21.72,0.07,7,7,-1.000,0
51.0832,-150.85,-0.02,160.53,21.60,0.12,7,7,-1.000,0
51.0874,-150.83,0.03,160.48,21.41,0.20,7,7,-1.000,0
51.0919,-150.68,0.14,160.55,21.26,0.21,7,7,-1.000,0
51.0957,-150.76,-0.08,160.49,21.17,0.12,7,7,-1.000,0
51.0997,-150.75,0.01,160.63,21.00,0.22,7,7,-1.000,0
51.1052,-150.60,0.15,160.83,20.67,0.38,7,7,-1.000,0
51.1102,-150.37,0.23,161.08,20.17,0.57,7,7,-1.000,0
51.1147,-150.15,0.23,161.42,19.91,0.43,7,7,-1.000,0
51.1185,-149.87,0.28,161.64,19.55,0.46,7,7,-1.000,0
51.1228,-149.53,0.34,161.77,19.06,0.59,7,7,-1.000,0
51.1268,-149.89,-0.36,162.08,18.32,0.92,7,7,-1.000,0
51.1311,-149.44,0.44,162.52,17.45,1.01,7,7,-1.000,0
51.1357,-149.23,0.22,162.63,17.16,0.36,7,7,-1.000,0
51.1400,-149.06,0.17,163.01,16.64,0.64,7,7,-1.000,0
51.1443,-148.96,0.09,163.38,15.84,0.87,7,7,-1.000,0
51.1483,-148.47,0.49,163.50,15.04,0.93,7,7,-1.000,0
51.1520,-148.51,-0.04,163.68,14.66,0.43,7,7,-1.000,0
51.1561,-148.95,-0.43,163.67,13.93,0.85,7,7,-1.000,0
51.1602,-148.82,0.12,163.82,13.24,0.71,7,7,-1.000,0
51.1642,-148.47,0.36,164.26,12.71,0.73,7,7,-1.000,0
51.1685,-147.74,0.72,165.01,12.35,0.99,7,7,-1.000,0
51.1735,-147.96,-0.21,164.95,10.96,1.40,7,7,-1.000,0
51.1765,-148.02,-0.06,165.30,9.75,1.27,7,7,-1.000,0
51.1794,-147.78,0.24,165.61,9.14,0.71,7,7,-1.000,0
51.1834,-147.91,-0.14,165.69,8.16,0.99,7,7,-1.000,0
51.1873,-147.15,0.77,165.82,7.30,1.15,7,7,-1.000,0
51.1919,-147.69,-0.54,166.21,6.52,1.05,7,7,-1.000,0
51.1956,-147.65,0.04,166.70,6.06,0.67,7,7,-1.000,0
51.1997,-147.45,0.19,167.08,4.81,1.32,7,7,-1.000,0
51.2040,-147.36,0.10,167.48,4.26,0.68,7,7,-1.000,0
51.2082,-147.06,0.29,168.25,3.34,1.23,7,7,-1.000,0
51.2123,-147.48,-0.42,167.94,2.15,1.29,7,7,-1.000,0
51.2164,-147.52,-0.04,168.61,1.56,0.90,7,7,-1.000,0
51.2207,-147.53,-0.01,168.88,0.33,1.26,7,7,-1.000,0
51.2251,-147.27,0.25,169.28,-1.03,1.44,7,7,-1.000,0
51.2290,-146.57,0.70,169.18,-2.27,1.42,7,7,-1.000,0
51.2331,-146.51,0.06,169.82,-3.07,1.03,7,7,-1.000,0
51.2373,-146.45,0.06,170.13,-4.24,1.21,7,7,-1.000,0
51.2416,-146.02,0.43,170.01,-5.99,1.80,7,7,-1.000,0
51.2455,-145.42,0.60,170.60,-6.93,1.30,7,7,-1.000,0
51.2495,-145.29,0.13,171.20,-7.95,1.20,7,7,-1.000,0
51.2539,-145.23,0.06,171.28,-9.50,1.55,7,7,-1.000,0
51.2582,-143.72,1.51,170.81,-10.92,2.07,7,7,-1.000,0
51.2622,-143.76,-0.04,170.89,-11.70,0.79,7,7,-1.000,0
51.2663,-143.94,-0.18,171.18,-13.05,1.38,7,7,-1.000,0
51.2706,-143.46,0.47,171.62,-14.39,1.52,7,7,-1.000,0
51.2752,-143.15,0.32,171.75,-15.52,1.19,7,7,-1.000,0
51.2789,-142.96,0.19,172.17,-16.56,1.16,7,7,-1.000,0
51.2830,-143.11,-0.15,172.26,-17.71,1.16,7,7,-1.000,0
51.2873,-143.15,-0.04,172.41,-18.89,1.19,7,7,-1.000,0
51.2914,-143.31,-0.16,172.59,-20.26,1.39,7,7,-1.000,0
51.2954,-143.35,-0.04,172.51,-21.27,1.01,7,7,-1.000,0
51.2996,-143.26,0.09,172.62,-22.34,1.08,7,7,-1.000,0
51.3039,-142.92,0.33,172.86,-23.16,0.96,7,7,-1.000,0
51.3083,-143.44,-0.52,172.38,-24.86,1.90,7,7,-1.000,0
51.3122,-143.21,0.24,172.56,-26.09,1.28,7,7,-1.000,0
51.3163,-143.20,0.01,173.26,-27.26,1.37,7,7,-1.000,0
51.3207,-143.12,0.08,173.57,-28.43,1.22,7,7,-1.000,0
51.3247,-142.99,0.13,173.63,-29.16,0.75,7,7,-1.000,0
51.3288,-143.29,-0.31,174.13,-30.22,1.15,7,7,-1.000,0
51.3329,-143.12,0.18,173.99,-31.07,0.86,7,7,-1.000,0
51.3372,-142.97,0.15,175.01,-32.75,2.01,7,7,-1.000,0
51.3417,-142.75,0.22,174.59,-33.82,1.12,7,7,-1.000,0
51.3455,-142.90,-0.16,174.56,-35.01,1.21,7,7,-1.000,0
51.3496,-142.45,0.45,174.66,-36.09,1.19,7,7,-1.000,0
51.3540,-142.45,0.00,174.81,-37.16,1.08,7,7,-1.000,0
51.3583,-142.09,0.37,174.73,-38.54,1.42,7,7,-1.000,0
51.3621,-141.96,0.13,175.10,-39.54,1.10,7,7,-1.000,0
51.3662,-141.59,0.37,174.97,-40.88,1.37,7,7,-1.000,0
51.3706,-141.36,0.22,175.22,-42.22,1.41,7,7,-1.000,0
51.3750,-141.02,0.34,175.17,-43.24,1.07,7,7,-1.000,0
51.3789,-140.56,0.46,175.11,-44.52,1.35,7,7,-1.000,0
51.3830,-140.39,0.17,175.38,-45.73,1.27,7,7,-1.000,0
51.3873,-139.63,0.76,175.11,-47.39,1.77,7,7,-1.000,0
51.3917,-139.54,0.09,175.60,-48.26,1.03,7,7,-1.000,0
51.3956,-139.25,0.30,175.68,-49.58,1.36,7,7,-1.000,0
51.3996,-138.65,0.60,175.50,-51.32,1.81,7,7,-1.000,0
51.4039,-138.28,0.37,175.34,-52.18,0.89,7,7,-1.000,0
51.4084,-137.97,0.31,175.47,-53.20,1.10,7,7,-1.000,0
51.4123,-137.17,0.80,175.07,-54.57,1.47,7,7,-1.000,0
51.4163,-136.68,0.49,175.00,-55.86,1.36,7,7,-1.000,0
51.4206,-136.07,0.62,174.85,-56.81,1.08,7,7,-1.000,0
51.4253,-135.61,0.46,174.67,-57.94,1.18,7,7,-1.000,0
51.4292,-135.13,0.48,174.57,-59.06,1.19,7,7,-1.000,0
51.4331,-135.34,-0.21,174.96,-60.10,1.07,7,7,-1.000,0
51.4373,-135.06,0.28,174.88,-61.10,1.02,7,7,-1.000,0
51.4417,-134.92,0.15,175.36,-61.76,0.90,7,7,-1.000,0
51.4456,-135.07,-0.16,176.07,-62.98,1.34,7,7,-1.000,0
51.4496,-135.15,-0.07,176.35,-64.05,1.09,7,7,-1.000,0
51.4540,-135.22,-0.08,177.11,-64.75,0.99,7,7,-1.000,0
51.4584,-135.20,0.03,177.46,-65.65,0.97,7,7,-1.000,0
51.4623,-136.26,-1.07,178.32,-66.85,1.28,7,7,-1.000,0
51.4663,-134.67,1.59,177.81,-67.70,1.42,7,7,-1.000,0
51.4707,-134.82,-0.15,177.46,-69.49,1.86,7,7,-1.000,0
51.4751,-134.32,0.50,177.20,-70.58,1.12,7,7,-1.000,0
51.4789,-134.51,-0.19,177.06,-72.03,1.48,7,7,-1.000,0
51.4830,-133.62,0.89,176.64,-72.91,1.02,7,7,-1.000,0
51.4873,-132.24,1.38,176.25,-73.36,1.10,7,7,-1.000,0
51.4917,-130.85,1.39,175.00,-74.57,1.27,7,7,-1.000,0
51.4955,-131.51,-0.66,175.34,-75.69,1.17,7,7,-1.000,0
51.4996,-127.98,3.53,172.15,-77.43,1.94,7,7,-1.000,0
51.5040,-126.85,1.13,171.41,-78.25,0.93,7,7,-1.000,0
51.5084,-124.35,2.50,169.50,-78.83,0.93,7,7,-1.000,0
51.5124,-120.52,3.83,167.77,-77.92,2.35,7,7,-1.000,0
51.5163,-117.32,3.20,163.69,-79.87,2.25,7,7,-1.000,0
51.5206,-116.03,1.29,164.38,-78.97,2.17,7,7,-1.000,0
51.5251,-110.46,5.56,160.87,-78.63,2.25,7,7,-1.000,0
51.5290,-107.55,2.91,158.14,-79.61,1.12,7,7,-1.000,0
51.5331,-99.74,7.82,148.55,-82.29,3.49,7,7,-1.000,0
51.5373,-95.49,4.24,144.05,-83.40,1.26,7,7,-1.000,0
51.5417,-88.97,6.53,137.77,-83.96,0.94,7,7,-1.000,0
51.5457,-81.72,7.25,130.64,-84.55,0.94,7,7,-1.000,0
51.5496,-72.97,8.75,122.39,-84.78,0.97,7,7,-1.000,0
51.5540,-61.72,11.25,111.27,-85.13,1.05,7,7,-1.000,0
51.5584,-39.42,22.30,88.22,-85.80,2.04,7,7,-1.000,0
51.5623,-46.63,-7.21,96.88,-85.41,1.62,7,7,-1.000,0
51.5664,-30.13,16.50,79.87,-85.68,1.42,7,7,-1.000,0
51.5706,-13.20,16.93,62.95,-85.39,1.34,7,7,-1.000,0
51.5751,-9.31,3.88,59.92,-85.03,0.97,7,7,-1.000,0
51.5790,3.66,12.97,46.55,-84.28,1.49,7,7,-1.000,0
51.5831,11.59,7.93,38.50,-83.81,0.96,7,7,-1.000,0
51.5873,15.82,4.23,34.33,-82.84,1.08,7,7,-1.000,0
51.5918,17.31,1.49,33.50,-82.39,0.81,7,7,-1.000,0
51.5955,20.71,3.40,30.28,-81.49,1.03,7,7,-1.000,0
51.5996,24.10,3.39,27.06,-80.85,0.83,7,7,-1.000,0
51.6039,26.41,2.30,24.89,-79.83,1.10,7,7,-1.000,0
51.6084,28.82,2.41,22.04,-77.99,1.95,7,7,-1.000,0
51.6124,29.32,0.51,21.92,-77.58,0.57,7,7,-1.000,0
51.6164,28.16,-1.16,23.86,-76.42,1.43,7,7,-1.000,0
51.6206,30.59,2.42,21.06,-75.12,1.50,7,7,-1.000,0
51.6251,30.65,0.07,21.30,-74.47,0.72,7,7,-1.000,0
51.6290,32.22,1.56,19.69,-72.87,1.66,7,7,-1.000,0
51.6331,31.81,-0.40,20.69,-71.92,1.14,7,7,-1.000,0
51.6373,32.31,0.49,20.11,-71.11,0.84,7,7,-1.000,0
51.6418,33.04,0.74,19.48,-69.85,1.29,7,7,-1.000,0
51.6459,32.52,-0.52,20.63,-68.99,1.10,7,7,-1.000,0
51.6497,31.76,-0.76,21.98,-68.02,1.20,7,7,-1.000,0
51.6540,31.82,0.06,22.45,-67.27,0.91,7,7,-1.000,0
51.6584,33.32,1.50,20.36,-65.92,1.64,7,7,-1.000,0
51.6622,33.77,0.45,20.13,-65.10,0.86,7,7,-1.000,0
51.6664,34.34,0.57,19.43,-64.13,1.02,7,7,-1.000,0
51.6706,34.82,0.47,19.28,-63.39,0.81,7,7,-1.000,0
51.6751,34.95,0.13,19.47,-62.81,0.66,7,7,-1.000,0
51.6790,35.61,0.66,18.56,-62.22,0.74,7,7,-1.000,0
51.6831,35.82,0.21,18.55,-61.75,0.51,7,7,-1.000,0
51.6873,36.64,0.82,17.85,-60.86,0.97,7,7,-1.000,0
51.6918,36.70,0.07,18.33,-60.30,0.77,7,7,-1.000,0
51.6957,36.93,0.23,18.45,-59.65,0.74,7,7,-1.000,0
51.6997,37.58,0.65,17.78,-58.79,0.93,7,7,-1.000,0
51.7040,38.08,0.50,17.39,-58.28,0.57,7,7,-1.000,0
51.7084,38.21,0.13,17.83,-57.61,0.86,7,7,-1.000,0
51.7124,38.85,0.65,16.69,-57.34,0.74,7,7,-1.000,0
51.7164,38.95,0.10,16.02,-57.16,0.62,7,7,-1.000,0
51.7206,39.29,0.33,16.19,-56.93,0.54,7,7,-1.000,0
51.7252,39.58,0.29,15.82,-56.02,0.94,7,7,-1.000,0
51.7291,39.54,-0.04,16.35,-55.23,0.93,7,7,-1.000,0
51.7330,39.84,0.31,16.30,-54.97,0.38,7,7,-1.000,0
51.7373,40.04,0.19,16.21,-53.85,1.12,7,7,-1.000,0
51.7418,39.97,-0.07,16.14,-53.48,0.40,7,7,-1.000,0
51.7457,39.88,-0.09,17.24,-52.90,1.19,7,7,-1.000,0
51.7496,39.85,-0.03,17.47,-52.29,0.65,7,7,-1.000,0
51.7539,39.80,-0.05,17.69,-51.66,0.66,7,7,-1.000,0
51.7584,39.89,0.09,17.95,-50.92,0.81,7,7,-1.000,0
51.7623,39.55,-0.34,18.38,-50.26,0.71,7,7,-1.000,0
51.7664,39.78,0.23,18.36,-49.27,1.01,7,7,-1.000,0
51.7707,39.89,0.10,18.28,-48.40,0.86,7,7,-1.000,0
51.7751,39.77,-0.12,18.59,-47.91,0.55,7,7,-1.000,0
51.7789,39.66,-0.11,18.80,-46.85,1.07,7,7,-1.000,0
51.7831,39.79,0.13,18.66,-46.19,0.67,7,7,-1.000,0
51.7873,39.59,-0.21,18.89,-45.70,0.52,7,7,-1.000,0
51.7918,39.84,0.26,18.81,-44.72,1.00,7,7,-1.000,0
51.7956,40.12,0.27,18.16,-43.65,1.18,7,7,-1.000,0
51.7996,39.71,-0.41,18.96,-43.60,0.60,7,7,-1.000,0
51.8040,39.90,0.19,18.79,-42.79,0.83,7,7,-1.000,0
51.8082,39.85,-0.05,18.84,-42.02,0.77,7,7,-1.000,0
51.8125,40.01,0.16,18.78,-41.41,0.62,7,7,-1.000,0
51.8166,39.95,-0.06,19.06,-40.89,0.58,7,7,-1.000,0
51.8207,40.04,0.09,18.69,-40.09,0.86,7,7,-1.000,0
51.8248,39.93,-0.11,19.22,-39.84,0.52,7,7,-1.000,0
51.8292,39.98,0.05,19.19,-39.14,0.70,7,7,-1.000,0
51.8332,40.16,0.17,19.26,-38.46,0.72,7,7,-1.000,0
51.8375,40.34,0.18,18.84,-37.81,0.73,7,7,-1.000,0
51.8417,40.34,0.00,19.28,-37.20,0.76,7,7,-1.000,0
51.8455,40.58,0.23,18.64,-36.78,0.68,7,7,-1.000,0
51.8496,40.61,0.03,18.60,-36.36,0.42,7,7,-1.000,0
51.8540,40.70,0.10,18.34,-35.73,0.67,7,7,-1.000,0
51.8584,40.70,-0.00,18.63,-35.24,0.57,7,7,-1.000,0
51.8623,40.75,0.05,18.37,-34.51,0.77,7,7,-1.000,0
51.8663,40.80,0.05,18.49,-34.03,0.50,7,7,-1.000,0
51.8706,40.78,-0.02,18.61,-33.63,0.42,7,7,-1.000,0
51.8751,40.64,-0.14,18.76,-33.24,0.41,7,7,-1.000,0
51.8789,40.74,0.10,18.52,-32.72,0.56,7,7,-1.000,0
51.8831,40.64,-0.10,18.66,-31.78,0.95,7,7,-1.000,0
51.8874,40.84,0.20,18.10,-31.01,0.91,7,7,-1.000,0
51.8916,40.66,-0.18,18.55,-30.86,0.42,7,7,-1.000,0
51.8955,40.72,0.06,18.47,-30.26,0.60,7,7,-1.000,0
51.8996,40.40,-0.32,18.66,-29.87,0.48,7,7,-1.000,0
51.9039,40.55,0.15,18.18,-29.08,0.90,7,7,-1.000,0
51.9083,40.59,0.04,18.33,-28.54,0.57,7,7,-1.000,0
51.9123,40.40,-0.19,18.53,-28.14,0.45,7,7,-1.000,0
51.9167,40.45,0.05,18.40,-27.62,0.53,7,7,-1.000,0
51.9208,40.54,0.08,18.03,-27.10,0.62,7,7,-1.000,0
51.9252,40.30,-0.24,18.50,-26.94,0.44,7,7,-1.000,0
51.9290,40.05,-0.25,18.47,-26.48,0.52,7,7,-1.000,0
51.9333,40.29,0.23,18.46,-25.67,0.84,7,7,-1.000,0
51.9374,40.22,-0.07,18.47,-25.29,0.39,7,7,-1.000,0
51.9419,40.31,0.10,18.50,-24.77,0.54,7,7,-1.000,0
51.9458,40.22,-0.09,18.31,-24.35,0.48,7,7,-1.000,0
51.9498,39.98,-0.24,18.85,-24.07,0.57,7,7,-1.000,0
51.9542,40.02,0.04,18.39,-23.78,0.53,7,7,-1.000,0
51.9584,40.11,0.09,18.49,-22.89,0.91,7,7,-1.000,0
51.9623,39.79,-0.33,18.60,-22.54,0.46,7,7,-1.000,0
51.9664,39.70,-0.09,18.82,-22.13,0.46,7,7,-1.000,0
51.9707,39.81,0.11,18.34,-21.40,0.87,7,7,-1.000,0
51.9752,39.68,-0.13,18.53,-20.88,0.55,7,7,-1.000,0
51.9790,39.68,-0.00,18.36,-20.24,0.66,7,7,-1.000,0
51.9832,39.78,0.10,18.67,-19.21,1.09,7,7,-1.000,0
51.9875,39.76,-0.02,18.83,-18.69,0.55,7,7,-1.000,0
51.9918,39.76,-0.00,18.69,-18.21,0.50,7,7,-1.000,0
51.9958,39.53,-0.23,18.64,-17.69,0.58,7,7,-1.000,0
51.9997,39.57,0.05,18.72,-16.93,0.76,7,7,-1.000,0
52.0041,39.31,-0.26,18.83,-16.48,0.51,7,7,-1.000,0
52.0084,39.17,-0.14,18.88,-16.26,0.26,7,7,-1.000,0
52.0123,39.36,0.19,18.62,-15.44,0.86,7,7,-1.000,0
52.0164,39.09,-0.28,18.87,-14.70,0.81,7,7,-1.000,0
52.0207,39.06,-0.03,18.98,-14.24,0.48,7,7,-1.000,0
52.0250,38.82,-0.24,19.10,-13.93,0.39,7,7,-1.000,0
52.0289,38.79,-0.03,19.00,-13.20,0.74,7,7,-1.000,0
52.0332,38.52,-0.27,19.00,-12.57,0.68,7,7,-1.000,0
52.0373,38.30,-0.22,19.28,-12.09,0.58,7,7,-1.000,0
52.0418,38.11,-0.19,19.30,-11.70,0.43,7,7,-1.000,0
52.0457,38.11,-0.00,19.31,-11.01,0.69,7,7,-1.000,0
52.0497,37.71,-0.40,19.41,-10.53,0.62,7,7,-1.000,0
52.0540,37.54,-0.18,19.53,-10.11,0.47,7,7,-1.000,0
52.0585,37.43,-0.10,19.57,-9.46,0.66,7,7,-1.000,0
52.0624,37.07,-0.37,19.87,-9.20,0.51,7,7,-1.000,0
52.0664,37.02,-0.04,19.98,-8.65,0.57,7,7,-1.000,0
52.0707,36.57,-0.45,20.00,-8.08,0.73,7,7,-1.000,0
52.0748,36.51,-0.06,20.25,-7.58,0.55,7,7,-1.000,0
52.0788,36.39,-0.12,20.37,-7.10,0.51,7,7,-1.000,0
52.0831,36.23,-0.17,20.64,-6.55,0.63,7,7,-1.000,0
52.0873,36.21,-0.02,21.06,-6.06,0.64,7,7,-1.000,0
52.0921,36.21,0.00,21.46,-5.58,0.63,7,7,-1.000,0
52.0960,36.00,-0.22,21.55,-4.81,0.80,7,7,-1.000,0
52.0999,36.17,0.18,21.89,-4.06,0.85,7,7,-1.000,0
52.1064,36.01,-0.16,22.27,-3.72,0.53,7,7,-1.000,0
52.1108,35.63,-0.38,22.58,-3.40,0.57,7,7,-1.000,0
52.1143,35.80,0.17,22.72,-2.67,0.77,7,7,-1.000,0
52.1181,35.94,0.15,22.89,-1.97,0.73,7,7,-1.000,0
52.1229,36.09,0.14,23.09,-1.28,0.73,7,7,-1.000,0
52.1273,36.26,0.17,23.31,-0.65,0.69,7,7,-1.000,0
52.1304,36.33,0.07,23.37,-0.10,0.56,7,7,-1.000,0
52.1353,36.40,0.07,23.70,0.24,0.48,7,7,-1.000,0
52.1396,36.61,0.21,23.72,0.76,0.57,7,7,-1.000,0
52.1438,36.74,0.13,23.80,1.28,0.54,7,7,-1.000,0
52.1476,36.95,0.21,24.04,1.82,0.63,7,7,-1.000,0
52.1517,37.28,0.33,24.07,2.62,0.86,7,7,-1.000,0
52.1562,37.58,0.30,24.13,3.36,0.80,7,7,-1.000,0
52.1605,37.94,0.35,24.06,4.22,0.93,7,7,-1.000,0
52.1647,38.18,0.24,24.20,4.85,0.69,7,7,-1.000,0
52.1683,38.55,0.38,24.39,5.61,0.86,7,7,-1.000,0
52.1727,38.77,0.22,24.50,6.19,0.63,7,7,-1.000,0
52.1770,38.96,0.19,24.63,6.92,0.77,7,7,-1.000,0
52.1804,39.14,0.18,24.89,7.65,0.79,7,7,-1.000,0
52.1834,39.45,0.31,24.96,8.26,0.68,7,7,-1.000,0
52.1876,39.56,0.12,25.20,8.67,0.47,7,7,-1.000,0
52.1917,39.89,0.33,25.25,9.38,0.79,7,7,-1.000,0
52.1957,40.18,0.29,25.32,9.98,0.66,7,7,-1.000,0
52.1998,40.46,0.28,25.45,10.59,0.67,7,7,-1.000,0
52.2041,40.92,0.47,25.50,11.19,0.76,7,7,-1.000,0
52.2084,41.50,0.58,25.73,11.80,0.84,7,7,-1.000,0
52.2125,42.02,0.52,25.89,12.28,0.70,7,7,-1.000,0
52.2164,42.62,0.60,26.04,12.79,0.78,7,7,-1.000,0
52.2207,43.32,0.70,26.15,13.23,0.81,7,7,-1.000,0
52.2252,43.87,0.56,26.30,13.44,0.58,7,7,-1.000,0
52.2291,44.73,0.85,26.34,13.95,0.99,7,7,-1.000,0
52.2331,45.48,0.75,26.11,14.45,0.98,7,7,-1.000,0
52.2374,46.46,0.98,26.07,15.06,1.16,7,7,-1.000,0
52.2418,47.32,0.86,26.07,15.42,0.93,7,7,-1.000,0
52.2456,48.04,0.72,26.02,15.70,0.79,7,7,-1.000,0
52.2497,48.66,0.62,25.89,15.91,0.70,7,7,-1.000,0
52.2540,49.22,0.56,25.95,15.85,0.55,7,7,-1.000,0
52.2584,49.78,0.56,25.84,16.10,0.65,7,7,-1.000,0
52.2622,50.12,0.35,25.75,16.23,0.40,7,7,-1.000,0
52.2664,50.56,0.44,25.61,16.49,0.57,7,7,-1.000,0
52.2706,51.01,0.45,25.66,16.99,0.66,7,7,-1.000,0
52.2749,51.24,0.23,25.76,17.33,0.41,7,7,-1.000,0
52.2792,51.28,0.04,25.65,17.82,0.50,7,7,-1.000,0
52.2832,51.37,0.09,25.62,18.48,0.67,7,7,-1.000,0
52.2874,51.39,0.02,25.70,19.04,0.56,7,7,-1.000,0
52.2917,51.30,-0.10,25.62,19.76,0.72,7,7,-1.000,0
52.2956,51.12,-0.18,25.79,20.43,0.73,7,7,-1.000,0
52.2996,50.84,-0.28,25.70,21.12,0.74,7,7,-1.000,0
52.3040,50.66,-0.18,25.97,22.05,1.01,7,7,-1.000,0
52.3084,50.54,-0.12,26.23,22.77,0.79,7,7,-1.000,0
52.3123,50.19,-0.35,26.54,23.37,0.81,7,7,-1.000,0
52.3163,49.84,-0.35,26.90,24.30,1.11,7,7,-1.000,0
52.3206,49.56,-0.29,27.11,24.98,0.80,7,7,-1.000,0
52.3249,49.33,-0.23,27.39,25.74,0.87,7,7,-1.000,0
52.3289,49.18,-0.15,27.58,26.62,0.93,7,7,-1.000,0
52.3330,49.05,-0.13,28.05,27.46,1.00,7,7,-1.000,0
52.3373,49.07,0.02,28.36,28.03,0.64,7,7,-1.000,0
52.3416,48.72,-0.36,28.50,28.88,0.96,7,7,-1.000,0
52.3455,48.60,-0.12,28.79,29.90,1.08,7,7,-1.000,0
52.3495,48.47,-0.13,28.95,30.55,0.69,7,7,-1.000,0
52.3539,48.36,-0.10,29.07,31.14,0.62,7,7,-1.000,0
52.3583,48.32,-0.04,29.07,31.61,0.47,7,7,-1.000,0
52.3623,48.16,-0.16,29.13,32.17,0.59,7,7,-1.000,0
52.3664,48.36,0.20,29.35,33.30,1.15,7,7,-1.000,0
52.3706,48.64,0.29,29.49,33.91,0.66,7,7,-1.000,0
52.3747,48.62,-0.02,29.36,34.63,0.73,7,7,-1.000,0
52.3789,48.76,0.14,29.51,35.25,0.64,7,7,-1.000,0
52.3830,48.78,0.03,29.55,35.71,0.46,7,7,-1.000,0
52.3874,48.57,-0.22,29.47,36.33,0.65,7,7,-1.000,0
52.3917,48.53,-0.04,29.59,36.91,0.60,7,7,-1.000,0
52.3956,48.56,0.03,29.74,37.62,0.72,7,7,-1.000,0
52.3997,48.35,-0.22,29.85,38.01,0.49,7,7,-1.000,0
52.4039,48.34,-0.01,29.99,38.62,0.63,7,7,-1.000,0
52.4083,48.06,-0.27,29.94,39.38,0.80,7,7,-1.000,0
52.4123,48.04,-0.02,30.14,40.23,0.87,7,7,-1.000,0
52.4164,47.91,-0.13,30.33,40.78,0.63,7,7,-1.000,0
52.4206,47.73,-0.19,30.42,41.54,0.79,7,7,-1.000,0
52.4251,47.53,-0.20,30.70,42.13,0.74,7,7,-1.000,0
52.4297,47.34,-0.19,30.75,42.77,0.68,7,7,-1.000,0
52.4332,47.13,-0.21,30.85,43.45,0.74,7,7,-1.000,0
52.4373,46.95,-0.17,31.10,44.00,0.68,7,7,-1.000,0
52.4417,46.94,-0.02,31.51,44.49,0.64,7,7,-1.000,0
52.4457,47.01,0.07,31.76,45.07,0.62,7,7,-1.000,0
52.4497,47.07,0.06,32.22,45.57,0.65,7,7,-1.000,0
52.4540,47.04,-0.03,32.71,45.66,0.53,7,7,-1.000,0
52.4583,46.96,-0.08,33.07,46.20,0.68,7,7,-1.000,0
52.4623,47.23,0.26,33.71,46.80,0.77,7,7,-1.000,0
52.4664,47.33,0.10,34.09,47.37,0.65,7,7,-1.000,0
52.4706,47.64,0.31,34.68,47.80,0.60,7,7,-1.000,0
52.4750,47.73,0.09,34.95,48.30,0.54,7,7,-1.000,0
52.4789,48.11,0.39,35.72,48.89,0.80,7,7,-1.000,0
52.4832,48.39,0.28,36.32,49.29,0.59,7,7,-1.000,0
52.4873,48.14,-0.25,36.39,49.84,0.63,7,7,-1.000,0
52.4918,48.22,0.08,36.82,50.39,0.66,7,7,-1.000,0
52.4956,48.55,0.33,37.27,51.03,0.70,7,7,-1.000,0
52.4996,48.75,0.20,37.66,51.58,0.61,7,7,-1.000,0
52.5039,49.10,0.35,38.24,51.93,0.52,7,7,-1.000,0
52.5084,49.56,0.46,38.81,52.52,0.68,7,7,-1.000,0
52.5123,49.59,0.03,39.03,53.09,0.59,7,7,-1.000,0
52.5164,49.61,0.02,39.42,53.54,0.58,7,7,-1.000,0
52.5208,49.99,0.38,39.75,54.07,0.58,7,7,-1.000,0
52.5251,50.59,0.59,40.35,54.56,0.61,7,7,-1.000,0
52.5289,51.85,1.27,41.46,55.32,1.05,7,7,-1.000,0
52.5331,52.02,0.17,41.92,55.86,0.64,7,7,-1.000,0
52.5373,52.00,-0.01,42.20,56.21,0.45,7,7,-1.000,0
52.5417,52.29,0.29,42.55,56.81,0.64,7,7,-1.000,0
52.5457,52.51,0.21,43.01,57.36,0.63,7,7,-1.000,0
52.5496,52.94,0.43,43.60,57.74,0.49,7,7,-1.000,0
52.5540,53.05,0.11,44.22,58.28,0.77,7,7,-1.000,0
52.5584,53.10,0.05,44.54,58.86,0.64,7,7,-1.000,0
52.5623,53.61,0.51,45.35,59.44,0.73,7,7,-1.000,0
52.5663,54.12,0.51,45.89,59.98,0.61,7,7,-1.000,0
52.5706,54.34,0.22,46.46,60.54,0.68,7,7,-1.000,0
52.5750,54.79,0.45,47.13,61.06,0.63,7,7,-1.000,0
52.5790,55.45,0.66,47.79,61.69,0.71,7,7,-1.000,0
52.5831,56.07,0.63,48.59,62.29,0.71,7,7,-1.000,0
52.5872,56.41,0.34,49.05,62.89,0.63,7,7,-1.000,0
52.5917,57.16,0.75,49.96,63.38,0.65,7,7,-1.000,0
52.5956,57.33,0.17,49.96,63.88,0.52,7,7,-1.000,0
52.5996,58.08,0.75,50.52,64.42,0.65,7,7,-1.000,0
52.6041,58.34,0.26,50.74,64.95,0.54,7,7,-1.000,0
52.6082,58.35,0.01,51.16,65.31,0.55,7,7,-1.000,0
52.6123,58.81,0.46,51.61,65.72,0.45,7,7,-1.000,0
52.6164,59.09,0.28,52.19,66.28,0.66,7,7,-1.000,0
52.6207,59.09,0.00,52.31,66.65,0.39,7,7,-1.000,0
52.6250,60.25,1.15,53.30,67.22,0.73,7,7,-1.000,0
52.6290,61.34,1.10,54.10,67.73,0.70,7,7,-1.000,0
52.6330,62.12,0.78,54.87,68.15,0.51,7,7,-1.000,0
52.6373,62.57,0.45,55.43,68.56,0.46,7,7,-1.000,0
52.6417,63.76,1.19,56.39,68.70,0.48,7,7,-1.000,0
52.6456,64.65,0.89,57.23,69.16,0.56,7,7,-1.000,0
52.6497,65.68,1.03,58.23,69.27,0.38,7,7,-1.000,0
52.6541,66.24,0.56,58.76,69.71,0.48,7,7,-1.000,0
52.6582,68.01,1.77,60.30,70.05,0.71,7,7,-1.000,0
52.6623,68.01,0.00,60.46,70.19,0.20,7,7,-1.000,0
52.6665,69.57,1.56,61.85,70.56,0.65,7,7,-1.000,0
52.6708,70.54,0.96,62.70,70.81,0.41,7,7,-1.000,0
52.6751,71.36,0.83,63.62,70.95,0.34,7,7,-1.000,0
52.6792,72.18,0.81,64.49,71.27,0.43,7,7,-1.000,0
52.6832,73.52,1.34,65.69,71.36,0.45,7,7,-1.000,0
52.6874,74.10,0.58,66.50,71.57,0.38,7,7,-1.000,0
52.6918,75.51,1.41,67.90,71.74,0.48,7,7,-1.000,0
52.6957,76.16,0.65,68.66,71.89,0.29,7,7,-1.000,0
52.6997,77.15,0.99,69.79,72.05,0.39,7,7,-1.000,0
52.7040,77.91,0.77,70.79,72.32,0.46,7,7,-1.000,0
52.7084,79.68,1.77,72.44,72.63,0.61,7,7,-1.000,0
52.7124,80.14,0.45,73.08,72.84,0.33,7,7,-1.000,0
52.7164,80.89,0.76,73.86,73.08,0.33,7,7,-1.000,0
52.7207,81.33,0.44,74.50,73.27,0.32,7,7,-1.000,0
52.7252,81.53,0.19,74.84,73.37,0.19,7,7,-1.000,0
52.7291,82.34,0.81,75.63,73.46,0.25,7,7,-1.000,0
52.7331,83.14,0.80,76.52,73.79,0.41,7,7,-1.000,0
52.7374,85.15,2.01,78.36,73.87,0.57,7,7,-1.000,0
52.7419,86.38,1.23,79.50,73.99,0.36,7,7,-1.000,0
52.7457,87.27,0.89,80.70,74.12,0.44,7,7,-1.000,0
52.7497,88.90,1.63,82.35,74.40,0.53,7,7,-1.000,0
52.7541,89.68,0.78,83.21,74.44,0.24,7,7,-1.000,0
52.7582,90.11,0.43,83.89,74.46,0.30,7,7,-1.000,0
52.7623,90.86,0.75,84.34,74.30,0.37,7,7,-1.000,0
52.7663,89.81,-1.04,82.94,73.74,0.74,7,7,-1.000,0
52.7708,90.87,1.05,84.01,73.73,0.30,7,7,-1.000,0
52.7752,91.67,0.80,84.83,73.80,0.24,7,7,-1.000,0
52.7791,91.99,0.32,85.22,73.65,0.19,7,7,-1.000,0
52.7832,93.07,1.08,86.16,73.48,0.36,7,7,-1.000,0
52.7873,93.69,0.62,86.88,73.60,0.25,7,7,-1.000,0
52.7918,93.74,0.06,87.05,73.72,0.17,7,7,-1.000,0
52.7956,95.17,1.42,88.39,73.62,0.42,7,7,-1.000,0
52.7995,95.95,0.79,89.16,73.59,0.22,7,7,-1.000,0
52.8039,96.85,0.89,89.90,73.58,0.28,7,7,-1.000,0
52.8081,98.16,1.32,91.39,73.74,0.46,7,7,-1.000,0
52.8124,99.24,1.08,92.40,73.92,0.35,7,7,-1.000,0
52.8166,100.27,1.03,93.57,73.73,0.39,7,7,-1.000,0
52.8207,101.25,0.98,94.32,73.68,0.33,7,7,-1.000,0
52.8247,101.56,0.32,94.97,73.83,0.38,7,7,-1.000,0
52.8289,102.34,0.78,96.05,73.85,0.40,7,7,-1.000,0
52.8330,99.86,-2.48,94.34,73.69,0.98,7,7,-1.000,0
52.8373,103.02,3.16,96.88,73.37,1.07,7,7,-1.000,0
52.8416,103.10,0.08,97.19,73.36,0.24,7,7,-1.000,0
52.8456,101.47,-1.63,96.19,73.36,0.73,7,7,-1.000,0
52.8497,103.27,1.80,97.39,73.23,0.74,7,7,-1.000,0
52.8541,102.92,-0.35,97.35,73.15,0.32,7,7,-1.000,0
52.8585,103.49,0.57,97.97,72.94,0.28,7,7,-1.000,0
52.8624,102.76,-0.73,97.52,73.13,0.39,7,7,-1.000,0
52.8664,103.07,0.31,97.97,73.13,0.18,7,7,-1.000,0
52.8707,103.39,0.31,98.24,73.04,0.13,7,7,-1.000,0
52.8752,104.54,1.15,99.10,72.91,0.44,7,7,-1.000,0
52.8790,104.32,-0.22,98.88,72.79,0.13,7,7,-1.000,0
52.8831,104.58,0.26,99.16,72.79,0.08,7,7,-1.000,0
52.8873,104.20,-0.39,98.96,72.96,0.26,7,7,-1.000,0
52.8914,104.38,0.18,99.19,72.92,0.09,7,7,-1.000,0
52.8954,105.59,1.22,100.16,72.86,0.41,7,7,-1.000,0
52.8996,105.24,-0.36,99.71,72.89,0.16,7,7,-1.000,0
52.9040,105.54,0.30,100.16,72.80,0.21,7,7,-1.000,0
52.9082,105.63,0.09,100.36,72.86,0.13,7,7,-1.000,0
52.9123,104.60,-1.03,99.58,72.98,0.39,7,7,-1.000,0
52.9164,104.66,0.06,99.80,72.88,0.19,7,7,-1.000,0
52.9207,104.23,-0.44,99.56,73.01,0.25,7,7,-1.000,0
52.9251,103.62,-0.61,99.12,72.94,0.24,7,7,-1.000,0
52.9289,104.27,0.66,99.69,72.73,0.29,7,7,-1.000,0
52.9331,104.27,0.00,99.64,72.73,0.06,7,7,-1.000,0
52.9373,103.75,-0.53,99.25,72.62,0.22,7,7,-1.000,0
52.9417,103.23,-0.52,98.86,72.51,0.21,7,7,-1.000,0
52.9455,103.64,0.41,99.09,72.59,0.22,7,7,-1.000,0
52.9496,103.06,-0.58,98.62,72.64,0.20,7,7,-1.000,0
52.9539,102.75,-0.31,98.29,72.52,0.16,7,7,-1.000,0
52.9584,102.33,-0.41,97.75,72.57,0.20,7,7,-1.000,0
52.9622,101.89,-0.44,97.27,72.57,0.15,7,7,-1.000,0
52.9664,102.09,0.20,97.50,72.51,0.09,7,7,-1.000,0
52.9706,100.89,-1.20,96.20,72.36,0.42,7,7,-1.000,0
52.9751,101.77,0.87,96.83,72.44,0.34,7,7,-1.000,0
52.9789,100.61,-1.16,95.79,72.38,0.36,7,7,-1.000,0
52.9831,100.92,0.31,95.99,72.33,0.15,7,7,-1.000,0
52.9873,100.30,-0.62,95.36,72.42,0.21,7,7,-1.000,0
52.9917,100.45,0.15,95.44,72.34,0.11,7,7,-1.000,0
52.9956,100.30,-0.16,95.45,72.28,0.18,7,7,-1.000,0
52.9997,99.48,-0.82,94.56,72.22,0.28,7,7,-1.000,0
53.0040,100.21,0.74,95.22,72.28,0.23,7,7,-1.000,0
53.0083,99.31,-0.91,94.47,72.02,0.40,7,7,-1.000,0
53.0123,99.33,0.02,94.30,72.05,0.19,7,7,-1.000,0
53.0164,98.87,-0.45,93.97,71.89,0.23,7,7,-1.000,0
53.0207,98.80,-0.07,93.88,71.73,0.16,7,7,-1.000,0
53.0251,98.56,-0.24,93.48,71.68,0.20,7,7,-1.000,0
53.0290,97.85,-0.70,92.82,71.61,0.23,7,7,-1.000,0
53.0331,98.11,0.26,92.95,71.38,0.27,7,7,-1.000,0
53.0373,97.20,-0.92,92.03,71.34,0.30,7,7,-1.000,0
53.0417,97.45,0.26,92.07,71.31,0.22,7,7,-1.000,0
53.0457,97.30,-0.16,91.90,71.23,0.10,7,7,-1.000,0
53.0496,96.24,-1.06,90.87,71.06,0.38,7,7,-1.000,0
53.0540,96.16,-0.09,90.64,71.07,0.14,7,7,-1.000,0
53.0585,96.18,0.02,90.61,70.99,0.09,7,7,-1.000,0
53.0624,95.46,-0.73,89.89,70.63,0.44,7,7,-1.000,0
53.0664,95.24,-0.22,89.73,70.54,0.12,7,7,-1.000,0
53.0708,95.18,-0.06,89.66,70.51,0.04,7,7,-1.000,0
53.0751,95.19,0.02,89.71,70.43,0.08,7,7,-1.000,0
53.0790,95.08,-0.12,89.70,70.43,0.11,7,7,-1.000,0
53.0832,94.42,-0.66,89.20,70.51,0.26,7,7,-1.000,0
53.0875,94.73,0.31,89.48,70.57,0.12,7,7,-1.000,0
53.0918,94.55,-0.18,89.37,70.52,0.11,7,7,-1.000,0
53.0957,93.65,-0.90,88.82,70.59,0.43,7,7,-1.000,0
53.0998,93.79,0.15,88.80,70.47,0.21,7,7,-1.000,0
53.1066,93.36,-0.43,88.44,70.50,0.15,7,7,-1.000,0
53.1113,93.16,-0.20,88.20,70.40,0.12,7,7,-1.000,0
53.1157,92.89,-0.27,87.96,70.35,0.11,7,7,-1.000,0
53.1200,92.41,-0.48,87.57,70.28,0.19,7,7,-1.000,0
53.1246,92.09,-0.32,87.09,70.34,0.22,7,7,-1.000,0
53.1295,91.52,-0.57,86.47,70.28,0.22,7,7,-1.000,0
53.1337,91.37,-0.14,86.23,70.15,0.17,7,7,-1.000,0
53.1373,90.92,-0.45,85.95,70.11,0.21,7,7,-1.000,0
53.1412,90.29,-0.63,85.33,69.98,0.25,7,7,-1.000,0
53.1446,89.85,-0.44,84.77,69.95,0.22,7,7,-1.000,0
53.1485,89.74,-0.11,84.59,69.98,0.09,7,7,-1.000,0
53.1520,89.11,-0.63,84.14,69.96,0.26,7,7,-1.000,0
53.1563,88.70,-0.41,83.91,70.11,0.26,7,7,-1.000,0
53.1606,88.34,-0.36,83.68,69.98,0.21,7,7,-1.000,0
53.1650,88.16,-0.18,83.44,70.11,0.16,7,7,-1.000,0
53.1693,88.15,-0.01,83.34,70.10,0.09,7,7,-1.000,0
53.1728,87.84,-0.31,83.09,70.04,0.12,7,7,-1.000,0
53.1767,87.50,-0.34,82.92,69.90,0.24,7,7,-1.000,0
53.1810,87.38,-0.12,82.97,69.87,0.17,7,7,-1.000,0
53.1841,87.25,-0.13,82.80,69.86,0.07,7,7,-1.000,0
53.1877,87.20,-0.05,82.75,69.83,0.03,7,7,-1.000,0
53.1921,86.91,-0.28,82.53,69.82,0.11,7,7,-1.000,0
53.1959,86.34,-0.57,82.23,69.79,0.30,7,7,-1.000,0
53.1997,86.21,-0.13,82.21,69.81,0.12,7,7,-1.000,0
53.2040,86.07,-0.14,82.02,69.73,0.11,7,7,-1.000,0
53.2082,86.13,0.06,82.06,69.69,0.05,7,7,-1.000,0
53.2123,85.95,-0.18,81.89,69.65,0.07,7,7,-1.000,0
53.2164,85.55,-0.41,81.53,69.56,0.17,7,7,-1.000,0
53.2207,85.36,-0.19,81.37,69.56,0.07,7,7,-1.000,0
53.2252,85.04,-0.32,81.14,69.52,0.14,7,7,-1.000,0
53.2290,85.24,0.21,81.29,69.63,0.14,7,7,-1.000,0
53.2331,85.06,-0.18,81.13,69.50,0.15,7,7,-1.000,0
53.2373,84.43,-0.64,80.67,69.40,0.28,7,7,-1.000,0
53.2419,84.64,0.22,80.92,69.50,0.13,7,7,-1.000,0
53.2457,85.11,0.47,81.38,69.57,0.18,7,7,-1.000,0
53.2497,85.02,-0.09,81.33,69.51,0.08,7,7,-1.000,0
53.2540,84.90,-0.12,81.23,69.52,0.05,7,7,-1.000,0
53.2584,84.99,0.08,81.35,69.51,0.05,7,7,-1.000,0
53.2624,85.05,0.06,81.51,69.50,0.11,7,7,-1.000,0
53.2663,85.07,0.03,81.58,69.49,0.06,7,7,-1.000,0
53.2707,85.29,0.22,81.72,69.39,0.15,7,7,-1.000,0
53.2749,84.98,-0.31,81.36,69.26,0.18,7,7,-1.000,0
53.2788,85.04,0.06,81.46,69.29,0.05,7,7,-1.000,0
53.2830,84.88,-0.16,81.35,69.29,0.07,7,7,-1.000,0
53.2873,85.16,0.28,81.58,69.29,0.10,7,7,-1.000,0
53.2915,85.50,0.34,81.83,69.36,0.16,7,7,-1.000,0
53.2954,85.20,-0.31,81.58,69.37,0.11,7,7,-1.000,0
53.2996,84.94,-0.26,81.32,69.43,0.11,7,7,-1.000,0
53.3038,84.96,0.02,81.38,69.39,0.05,7,7,-1.000,0
53.3083,85.51,0.56,81.85,69.44,0.21,7,7,-1.000,0
53.3122,85.26,-0.26,81.68,69.36,0.14,7,7,-1.000,0
53.3163,85.00,-0.26,81.34,69.33,0.14,7,7,-1.000,0
53.3205,84.65,-0.35,81.09,69.32,0.14,7,7,-1.000,0
53.3246,85.14,0.49,81.44,69.28,0.21,7,7,-1.000,0
53.3286,84.94,-0.20,81.46,69.31,0.23,7,7,-1.000,0
53.3329,84.97,0.03,81.37,69.26,0.13,7,7,-1.000,0
53.3373,85.10,0.14,81.49,69.25,0.05,7,7,-1.000,0
53.3416,85.09,-0.02,81.49,69.29,0.04,7,7,-1.000,0
53.3453,85.61,0.53,81.88,69.22,0.22,7,7,-1.000,0
53.3495,85.21,-0.40,81.56,69.12,0.19,7,7,-1.000,0
53.3538,84.82,-0.39,81.18,68.99,0.19,7,7,-1.000,0
53.3583,85.06,0.25,81.30,68.94,0.15,7,7,-1.000,0
53.3620,85.14,0.08,81.27,68.94,0.11,7,7,-1.000,0
53.3662,85.10,-0.04,81.23,69.00,0.06,7,7,-1.000,0
53.3705,84.54,-0.56,80.72,68.90,0.22,7,7,-1.000,0
53.3749,84.40,-0.14,80.47,68.86,0.14,7,7,-1.000,0
53.3788,84.36,-0.05,80.32,68.81,0.12,7,7,-1.000,0
53.3828,84.59,0.24,80.40,68.81,0.17,7,7,-1.000,0
53.3872,84.15,-0.44,79.90,68.78,0.19,7,7,-1.000,0
53.3916,84.13,-0.02,79.72,68.59,0.24,7,7,-1.000,0
53.3955,83.79,-0.34,79.33,68.39,0.25,7,7,-1.000,0
53.3995,83.97,0.17,79.37,68.38,0.14,7,7,-1.000,0
53.4039,83.70,-0.26,79.08,68.28,0.14,7,7,-1.000,0
53.4083,83.63,-0.07,78.88,68.22,0.15,7,7,-1.000,0
53.4122,83.50,-0.13,78.68,68.19,0.09,7,7,-1.000,0
53.4161,83.64,0.14,78.74,68.14,0.10,7,7,-1.000,0
53.4205,83.02,-0.62,78.25,68.03,0.27,7,7,-1.000,0
53.4249,83.20,0.18,78.26,67.83,0.27,7,7,-1.000,0
53.4290,83.29,0.10,78.25,67.80,0.11,7,7,-1.000,0
53.4333,83.12,-0.17,78.06,67.80,0.07,7,7,-1.000,0
53.4374,83.20,0.08,78.06,67.74,0.10,7,7,-1.000,0
53.4418,83.25,0.05,78.01,67.78,0.11,7,7,-1.000,0
53.4457,82.76,-0.49,77.61,67.71,0.21,7,7,-1.000,0
53.4496,83.13,0.37,77.88,67.68,0.16,7,7,-1.000,0
53.4539,83.06,-0.07,77.78,67.62,0.07,7,7,-1.000,0
53.4584,82.94,-0.12,77.61,67.49,0.15,7,7,-1.000,0
53.4623,82.98,0.03,77.51,67.40,0.17,7,7,-1.000,0
53.4664,82.74,-0.24,77.35,67.39,0.11,7,7,-1.000,0
53.4706,83.12,0.39,77.64,67.46,0.18,7,7,-1.000,0
53.4751,83.45,0.32,77.91,67.38,0.15,7,7,-1.000,0
53.4790,83.07,-0.37,77.50,67.32,0.17,7,7,-1.000,0
53.4831,82.90,-0.17,77.29,67.20,0.15,7,7,-1.000,0
53.4874,82.50,-0.40,76.92,67.02,0.23,7,7,-1.000,0
53.4918,82.81,0.30,77.08,66.90,0.21,7,7,-1.000,0
53.4956,82.85,0.05,77.13,66.86,0.04,7,7,-1.000,0
53.4997,82.90,0.04,77.06,66.88,0.11,7,7,-1.000,0
53.5040,82.66,-0.24,76.78,66.69,0.22,7,7,-1.000,0
53.5087,82.18,-0.47,76.36,66.67,0.19,7,7,-1.000,0
53.5123,82.16,-0.02,76.14,66.58,0.22,7,7,-1.000,0
53.5165,81.93,-0.23,75.82,66.33,0.29,7,7,-1.000,0
53.5207,81.58,-0.35,75.41,66.25,0.18,7,7,-1.000,0
53.5252,81.43,-0.15,75.14,66.25,0.15,7,7,-1.000,0
53.5291,81.04,-0.39,74.82,66.16,0.18,7,7,-1.000,0
53.5331,80.95,-0.10,74.65,66.17,0.09,7,7,-1.000,0
53.5374,81.04,0.10,74.62,66.12,0.13,7,7,-1.000,0
53.5419,81.17,0.13,74.66,65.98,0.17,7,7,-1.000,0
53.5457,80.93,-0.24,74.45,66.10,0.16,7,7,-1.000,0
53.5497,81.00,0.07,74.46,66.18,0.10,7,7,-1.000,0
53.5541,80.75,-0.25,74.15,66.10,0.15,7,7,-1.000,0
53.5585,80.69,-0.05,74.05,66.07,0.06,7,7,-1.000,0
53.5624,80.62,-0.07,73.99,65.98,0.10,7,7,-1.000,0
53.5665,80.63,0.01,74.00,65.82,0.15,7,7,-1.000,0
53.5707,80.34,-0.29,73.77,65.92,0.16,7,7,-1.000,0
53.5752,79.94,-0.40,73.44,65.96,0.17,7,7,-1.000,0
53.5791,79.88,-0.06,73.29,65.88,0.13,7,7,-1.000,0
53.5833,79.87,-0.01,73.24,65.77,0.12,7,7,-1.000,0
53.5874,79.64,-0.23,73.05,65.68,0.13,7,7,-1.000,0
53.5919,79.34,-0.30,72.71,65.85,0.22,7,7,-1.000,0
53.5958,78.96,-0.37,72.28,65.77,0.19,7,7,-1.000,0
53.5998,78.49,-0.48,71.79,65.87,0.23,7,7,-1.000,0
53.6040,78.42,-0.07,71.54,65.67,0.28,7,7,-1.000,0
53.6085,78.19,-0.23,71.27,65.40,0.29,7,7,-1.000,0
53.6124,77.87,-0.32,70.85,65.23,0.25,7,7,-1.000,0
53.6165,77.41,-0.47,70.42,65.14,0.22,7,7,-1.000,0
53.6206,77.30,-0.10,70.17,65.14,0.16,7,7,-1.000,0
53.6251,77.31,0.01,69.92,64.92,0.34,7,7,-1.000,0
53.6289,76.91,-0.40,69.39,64.80,0.27,7,7,-1.000,0
53.6331,76.55,-0.36,68.98,64.71,0.20,7,7,-1.000,0
53.6373,75.73,-0.82,68.14,64.47,0.44,7,7,-1.000,0
53.6418,75.44,-0.30,67.52,64.00,0.60,7,7,-1.000,0
53.6457,75.31,-0.12,67.25,63.96,0.18,7,7,-1.000,0
53.6497,75.04,-0.27,66.94,63.94,0.13,7,7,-1.000,0
53.6540,74.71,-0.34,66.54,63.73,0.28,7,7,-1.000,0
53.6584,74.61,-0.10,66.34,63.74,0.12,7,7,-1.000,0
53.6624,74.43,-0.18,66.08,63.56,0.22,7,7,-1.000,0
53.6664,74.13,-0.30,65.75,63.34,0.27,7,7,-1.000,0
53.6707,73.97,-0.16,65.55,62.99,0.36,7,7,-1.000,0
53.6750,73.87,-0.11,65.36,62.93,0.12,7,7,-1.000,0
53.6790,73.25,-0.61,64.96,63.05,0.34,7,7,-1.000,0
53.6831,72.95,-0.30,64.43,63.14,0.31,7,7,-1.000,0
53.6874,72.62,-0.34,64.05,62.89,0.30,7,7,-1.000,0
53.6915,72.44,-0.17,63.87,62.85,0.09,7,7,-1.000,0
53.6956,72.18,-0.26,63.55,62.56,0.32,7,7,-1.000,0
53.6996,71.61,-0.57,63.30,62.68,0.38,7,7,-1.000,0
53.7040,71.72,0.10,63.01,62.66,0.38,7,7,-1.000,0
53.7084,71.21,-0.50,62.53,62.53,0.27,7,7,-1.000,0
53.7123,70.94,-0.27,62.25,62.54,0.13,7,7,-1.000,0
53.7164,70.59,-0.35,61.98,62.42,0.20,7,7,-1.000,0
53.7207,70.42,-0.17,61.79,62.14,0.29,7,7,-1.000,0
53.7250,70.30,-0.13,61.60,62.16,0.10,7,7,-1.000,0
53.7289,70.34,0.04,61.58,62.08,0.10,7,7,-1.000,0
53.7331,69.57,-0.77,60.87,62.00,0.37,7,7,-1.000,0
53.7374,69.69,0.12,60.69,61.84,0.33,7,7,-1.000,0
53.7416,69.05,-0.64,59.88,61.33,0.64,7,7,-1.000,0
53.7456,69.16,0.11,59.84,61.33,0.15,7,7,-1.000,0
53.7497,68.69,-0.48,59.34,61.26,0.26,7,7,-1.000,0
53.7540,68.80,0.11,59.21,61.08,0.29,7,7,-1.000,0
53.7584,68.32,-0.48,58.44,61.25,0.45,7,7,-1.000,0
53.7624,67.73,-0.59,57.61,60.90,0.55,7,7,-1.000,0
53.7664,67.17,-0.56,56.85,60.72,0.42,7,7,-1.000,0
53.7707,66.88,-0.30,56.28,60.88,0.38,7,7,-1.000,0
53.7752,67.76,0.88,56.90,60.29,0.75,7,7,-1.000,0
53.7790,66.97,-0.78,56.15,60.59,0.50,7,7,-1.000,0
53.7831,66.18,-0.79,55.41,60.30,0.49,7,7,-1.000,0
53.7874,66.14,-0.04,55.41,59.90,0.40,7,7,-1.000,0
53.7917,66.25,0.11,55.50,59.86,0.07,7,7,-1.000,0
53.7958,66.66,0.41,55.87,59.34,0.56,7,7,-1.000,0
53.7997,65.76,-0.90,55.20,58.94,0.62,7,7,-1.000,0
53.8040,65.03,-0.73,54.46,59.10,0.43,7,7,-1.000,0
53.8081,64.81,-0.22,54.32,59.10,0.12,7,7,-1.000,0
53.8123,64.86,0.05,54.52,58.81,0.33,7,7,-1.000,0
53.8163,64.25,-0.61,54.04,58.79,0.32,7,7,-1.000,0
53.8209,63.93,-0.32,53.91,58.81,0.21,7,7,-1.000,0
53.8249,63.73,-0.20,53.96,58.78,0.24,7,7,-1.000,0
53.8294,64.04,0.31,54.44,58.33,0.53,7,7,-1.000,0
53.8333,63.19,-0.85,53.74,58.35,0.45,7,7,-1.000,0
53.8375,63.08,-0.11,53.76,58.57,0.26,7,7,-1.000,0
53.8418,63.30,0.22,53.73,58.28,0.38,7,7,-1.000,0
53.8454,62.87,-0.43,53.52,58.13,0.32,7,7,-1.000,0
53.8496,62.87,-0.00,53.51,58.10,0.03,7,7,-1.000,0
53.8539,63.34,0.47,53.82,58.07,0.27,7,7,-1.000,0
53.8583,62.64,-0.70,53.38,58.01,0.40,7,7,-1.000,0
53.8622,62.49,-0.15,53.47,57.78,0.34,7,7,-1.000,0
53.8663,62.51,0.02,53.59,57.81,0.10,7,7,-1.000,0
53.8705,62.73,0.23,53.86,57.64,0.22,7,7,-1.000,0
53.8750,62.45,-0.28,53.73,57.68,0.19,7,7,-1.000,0
53.8788,62.87,0.42,54.13,57.88,0.31,7,7,-1.000,0
53.8830,62.33,-0.54,53.78,57.99,0.33,7,7,-1.000,0
53.8873,62.63,0.30,54.31,57.67,0.45,7,7,-1.000,0
53.8917,62.64,0.01,54.56,57.55,0.27,7,7,-1.000,0
53.8957,62.23,-0.41,54.33,57.97,0.48,7,7,-1.000,0
53.8997,62.58,0.35,55.03,57.55,0.61,7,7,-1.000,0
53.9040,62.14,-0.45,54.60,57.93,0.45,7,7,-1.000,0
53.9085,62.53,0.39,55.31,57.52,0.59,7,7,-1.000,0
53.9125,62.10,-0.43,55.04,57.68,0.29,7,7,-1.000,0
53.9166,62.05,-0.04,54.98,58.03,0.36,7,7,-1.000,0
53.9209,61.88,-0.18,55.14,57.76,0.43,7,7,-1.000,0
53.9252,61.86,-0.02,55.22,58.00,0.26,7,7,-1.000,0
53.9292,62.29,0.43,55.94,57.64,0.55,7,7,-1.000,0
53.9332,61.71,-0.58,55.51,57.92,0.42,7,7,-1.000,0
53.9375,62.94,1.23,56.51,57.76,0.67,7,7,-1.000,0
53.9421,61.54,-1.40,55.61,57.87,0.80,7,7,-1.000,0
53.9458,62.22,0.67,56.32,57.84,0.38,7,7,-1.000,0
53.9499,61.66,-0.56,55.97,57.84,0.32,7,7,-1.000,0
53.9541,62.40,0.74,56.74,57.52,0.53,7,7,-1.000,0
53.9582,61.62,-0.78,56.06,57.83,0.52,7,7,-1.000,0
53.9624,62.33,0.71,56.85,57.41,0.60,7,7,-1.000,0
53.9665,61.71,-0.63,56.28,57.51,0.35,7,7,-1.000,0
53.9707,62.40,0.69,56.97,57.16,0.52,7,7,-1.000,0
53.9754,61.88,-0.52,56.47,57.29,0.31,7,7,-1.000,0
53.9792,62.14,0.26,56.88,56.94,0.42,7,7,-1.000,0
53.9832,61.70,-0.45,56.23,57.07,0.39,7,7,-1.000,0
53.9875,62.59,0.90,57.21,56.55,0.75,7,7,-1.000,0
53.9919,62.05,-0.54,56.53,56.45,0.39,7,7,-1.000,0
53.9959,61.82,-0.23,56.36,56.40,0.14,7,7,-1.000,0
53.9997,61.62,-0.20,56.10,56.36,0.15,7,7,-1.000,0
54.0041,61.27,-0.35,55.93,55.97,0.46,7,7,-1.000,0
54.0085,61.04,-0.23,55.77,55.55,0.44,7,7,-1.000,0
54.0124,61.18,0.14,55.84,55.26,0.30,7,7,-1.000,0
54.0164,61.29,0.12,55.91,55.00,0.27,7,7,-1.000,0
54.0206,61.32,0.02,55.79,54.76,0.28,7,7,-1.000,0
54.0250,60.79,-0.53,55.29,54.61,0.34,7,7,-1.000,0
54.0289,60.92,0.13,55.52,54.25,0.39,7,7,-1.000,0
54.0330,61.29,0.37,55.76,53.94,0.39,7,7,-1.000,0
54.0372,60.66,-0.62,55.28,53.78,0.40,7,7,-1.000,0
54.0418,60.74,0.08,55.26,53.52,0.27,7,7,-1.000,0
54.0457,60.63,-0.10,55.20,53.31,0.22,7,7,-1.000,0
54.0496,60.78,0.15,55.49,53.17,0.24,7,7,-1.000,0
54.0540,60.76,-0.02,55.49,52.79,0.38,7,7,-1.000,0
54.0584,60.46,-0.31,55.14,52.76,0.22,7,7,-1.000,0
54.0623,60.40,-0.06,55.22,52.31,0.47,7,7,-1.000,0
54.0663,60.33,-0.07,55.31,52.24,0.17,7,7,-1.000,0
54.0706,60.57,0.25,55.50,51.75,0.51,7,7,-1.000,0
54.0747,60.70,0.13,55.41,51.72,0.21,7,7,-1.000,0
54.0787,60.52,-0.18,55.35,51.19,0.55,7,7,-1.000,0
54.0830,60.88,0.36,55.64,51.00,0.29,7,7,-1.000,0
54.0873,60.54,-0.33,55.39,50.64,0.42,7,7,-1.000,0
54.0918,60.41,-0.13,55.17,50.46,0.23,7,7,-1.000,0
54.0957,60.45,0.04,55.12,50.23,0.24,7,7,-1.000,0
54.0996,60.82,0.37,55.42,49.98,0.35,7,7,-1.000,0
54.1062,60.68,-0.14,55.30,49.78,0.22,7,7,-1.000,0
54.1103,60.21,-0.47,55.16,49.38,0.55,7,7,-1.000,0
54.1144,60.49,0.28,55.48,49.15,0.32,7,7,-1.000,0
54.1185,59.90,-0.59,55.37,48.68,0.69,7,7,-1.000,0
54.1225,60.24,0.33,55.35,48.45,0.41,7,7,-1.000,0
54.1272,60.20,-0.03,55.37,48.45,0.05,7,7,-1.000,0
54.1314,60.47,0.27,55.72,48.34,0.26,7,7,-1.000,0
54.1353,60.24,-0.23,55.62,48.14,0.27,7,7,-1.000,0
54.1393,60.37,0.14,55.81,48.09,0.13,7,7,-1.000,0
54.1438,60.42,0.05,55.88,47.96,0.14,7,7,-1.000,0
54.1476,60.35,-0.07,56.14,47.84,0.35,7,7,-1.000,0
54.1515,60.48,0.13,56.46,47.40,0.49,7,7,-1.000,0
54.1562,60.37,-0.11,56.41,47.51,0.13,7,7,-1.000,0
54.1608,59.85,-0.52,56.53,47.26,0.66,7,7,-1.000,0
54.1657,60.37,0.52,56.99,47.09,0.40,7,7,-1.000,0
54.1701,59.63,-0.74,56.85,46.84,0.69,7,7,-1.000,0
54.1742,59.55,-0.08,56.84,47.06,0.23,7,7,-1.000,0
54.1784,59.69,0.14,57.16,46.56,0.56,7,7,-1.000,0
54.1803,60.04,0.35,57.34,47.06,0.56,7,7,-1.000,0
54.1840,58.90,-1.14,56.72,46.22,1.17,7,7,-1.000,0
54.1878,59.98,1.08,57.61,45.97,0.80,7,7,-1.000,0
54.1916,58.71,-1.27,57.15,45.61,1.06,7,7,-1.000,0
54.1956,60.11,1.39,57.99,45.97,1.05,7,7,-1.000,0
54.1996,58.51,-1.59,57.40,45.25,1.43,7,7,-1.000,0
54.2040,57.89,-0.62,57.44,45.15,0.66,7,7,-1.000,0
54.2085,58.24,0.35,57.71,45.85,0.74,7,7,-1.000,0
54.2123,56.67,-1.57,57.15,45.14,1.42,7,7,-1.000,0
54.2163,56.38,-0.28,57.24,44.92,0.42,7,7,-1.000,0
54.2207,56.32,-0.06,57.00,45.22,0.36,7,7,-1.000,0
54.2251,55.90,-0.42,57.04,44.90,0.55,7,7,-1.000,0
54.2289,56.09,0.18,57.18,44.79,0.17,7,7,-1.000,0
54.2330,55.85,-0.23,56.79,45.16,0.46,7,7,-1.000,0
54.2373,55.75,-0.11,56.89,45.07,0.21,7,7,-1.000,0
54.2418,55.75,0.01,56.32,44.69,0.69,7,7,-1.000,0
54.2456,55.23,-0.52,55.89,44.72,0.37,7,7,-1.000,0
54.2496,55.52,0.29,56.03,44.83,0.24,7,7,-1.000,0
54.2540,55.50,-0.02,55.93,44.62,0.22,7,7,-1.000,0
54.2582,55.29,-0.21,55.70,44.57,0.18,7,7,-1.000,0
54.2623,55.01,-0.27,55.22,45.03,0.58,7,7,-1.000,0
54.2663,55.46,0.44,55.63,44.88,0.36,7,7,-1.000,0
54.2707,55.15,-0.31,55.26,45.02,0.30,7,7,-1.000,0
54.2751,54.65,-0.49,54.73,45.31,0.49,7,7,-1.000,0
54.2789,54.31,-0.34,54.51,45.42,0.27,7,7,-1.000,0
54.2830,53.86,-0.45,54.29,45.31,0.35,7,7,-1.000,0
54.2873,53.96,0.10,54.36,45.26,0.09,7,7,-1.000,0
54.2917,53.24,-0.72,53.70,45.53,0.59,7,7,-1.000,0
54.2956,52.76,-0.48,53.56,45.50,0.39,7,7,-1.000,0
54.2997,52.67,-0.09,53.79,45.13,0.48,7,7,-1.000,0
54.3040,52.20,-0.48,53.48,45.31,0.38,7,7,-1.000,0
54.3084,51.90,-0.29,53.44,45.28,0.27,7,7,-1.000,0
54.3123,52.04,0.14,53.62,45.16,0.18,7,7,-1.000,0
54.3163,51.98,-0.05,53.85,44.95,0.34,7,7,-1.000,0
54.3205,51.23,-0.75,53.60,44.90,0.60,7,7,-1.000,0
54.3250,50.43,-0.80,53.11,44.60,0.65,7,7,-1.000,0
54.3288,51.15,0.72,53.95,44.59,0.61,7,7,-1.000,0
54.3330,50.53,-0.62,53.64,44.34,0.52,7,7,-1.000,0
54.3373,49.79,-0.74,53.34,44.34,0.58,7,7,-1.000,0
54.3417,50.34,0.55,53.73,44.37,0.39,7,7,-1.000,0
54.3456,49.87,-0.47,53.56,44.22,0.40,7,7,-1.000,0
54.3496,49.81,-0.06,53.83,44.07,0.34,7,7,-1.000,0
54.3540,49.46,-0.35,53.68,43.98,0.29,7,7,-1.000,0
54.3583,48.90,-0.56,53.55,43.79,0.52,7,7,-1.000,0
54.3622,48.43,-0.46,53.42,43.37,0.57,7,7,-1.000,0
54.3664,48.67,0.24,53.47,43.51,0.25,7,7,-1.000,0
54.3707,47.99,-0.68,53.26,43.37,0.58,7,7,-1.000,0
54.3750,47.56,-0.44,52.98,43.18,0.37,7,7,-1.000,0
54.3789,47.60,0.04,53.06,43.00,0.19,7,7,-1.000,0
54.3830,47.06,-0.54,52.62,42.70,0.50,7,7,-1.000,0
54.3873,46.75,-0.31,52.41,42.69,0.23,7,7,-1.000,0
54.3916,46.72,-0.03,52.40,42.66,0.04,7,7,-1.000,0
54.3955,46.26,-0.46,52.17,42.42,0.43,7,7,-1.000,0
54.3996,45.69,-0.57,51.79,41.93,0.64,7,7,-1.000,0
54.4040,45.67,-0.02,51.90,41.80,0.18,7,7,-1.000,0
54.4084,44.95,-0.72,51.59,41.54,0.62,7,7,-1.000,0
54.4123,44.98,0.03,51.65,41.34,0.20,7,7,-1.000,0
54.4164,44.54,-0.44,51.34,41.17,0.37,7,7,-1.000,0
54.4206,44.19,-0.34,51.36,41.18,0.35,7,7,-1.000,0
54.4251,43.87,-0.33,51.22,41.06,0.29,7,7,-1.000,0
54.4290,43.52,-0.35,51.14,41.01,0.30,7,7,-1.000,0
54.4332,43.43,-0.08,51.26,41.11,0.21,7,7,-1.000,0
54.4373,43.17,-0.27,51.27,41.28,0.33,7,7,-1.000,0
54.4417,43.07,-0.10,51.27,41.32,0.10,7,7,-1.000,0
54.4457,42.87,-0.20,51.50,40.99,0.52,7,7,-1.000,0
54.4498,42.65,-0.22,51.69,40.88,0.39,7,7,-1.000,0
54.4540,42.23,-0.42,51.67,41.16,0.49,7,7,-1.000,0
54.4584,42.06,-0.17,51.92,41.42,0.47,7,7,-1.000,0
54.4622,41.85,-0.21,51.83,41.16,0.31,7,7,-1.000,0
54.4664,41.58,-0.27,52.11,41.00,0.52,7,7,-1.000,0
54.4707,41.65,0.07,52.26,41.15,0.19,7,7,-1.000,0
54.4751,41.46,-0.19,52.53,41.28,0.44,7,7,-1.000,0
54.4790,41.04,-0.41,52.46,41.04,0.44,7,7,-1.000,0
54.4831,40.86,-0.18,52.72,40.92,0.43,7,7,-1.000,0
54.4872,40.60,-0.26,52.92,40.95,0.42,7,7,-1.000,0
54.4915,40.41,-0.19,53.00,40.66,0.39,7,7,-1.000,0
54.4955,40.11,-0.30,52.96,40.33,0.43,7,7,-1.000,0
54.4996,39.28,-0.82,52.83,40.24,0.75,7,7,-1.000,0
54.5040,39.06,-0.22,52.92,39.99,0.38,7,7,-1.000,0
54.5083,38.45,-0.62,52.70,39.59,0.64,7,7,-1.000,0
54.5123,38.44,-0.01,52.79,39.49,0.14,7,7,-1.000,0
54.5164,37.72,-0.72,52.59,39.24,0.67,7,7,-1.000,0
54.5207,37.74,0.02,52.60,39.20,0.04,7,7,-1.000,0
54.5251,37.85,0.11,52.58,39.01,0.23,7,7,-1.000,0
54.5289,37.30,-0.54,52.24,38.93,0.43,7,7,-1.000,0
54.5330,37.16,-0.15,52.26,38.61,0.36,7,7,-1.000,0
54.5372,36.95,-0.21,52.30,38.36,0.35,7,7,-1.000,0
54.5417,36.36,-0.59,51.95,38.07,0.54,7,7,-1.000,0
54.5458,36.34,-0.02,52.11,37.96,0.21,7,7,-1.000,0
54.5496,36.05,-0.29,51.85,37.74,0.33,7,7,-1.000,0
54.5539,35.56,-0.49,51.68,37.53,0.46,7,7,-1.000,0
54.5582,35.37,-0.19,51.61,37.37,0.22,7,7,-1.000,0
54.5625,35.32,-0.05,51.78,37.36,0.21,7,7,-1.000,0
54.5664,34.37,-0.95,51.26,36.85,0.92,7,7,-1.000,0
54.5708,34.52,0.14,51.44,36.92,0.17,7,7,-1.000,0
54.5750,34.12,-0.39,51.38,36.67,0.44,7,7,-1.000,0
54.5789,34.60,0.48,51.81,36.70,0.41,7,7,-1.000,0
54.5830,33.99,-0.61,51.53,36.34,0.61,7,7,-1.000,0
54.5873,34.00,0.01,51.80,36.31,0.26,7,7,-1.000,0
54.5918,33.93,-0.07,51.93,36.23,0.20,7,7,-1.000,0
54.5957,33.61,-0.31,51.97,36.20,0.34,7,7,-1.000,0
54.5996,34.00,0.38,52.22,36.30,0.33,7,7,-1.000,0
54.6039,33.74,-0.26,52.39,36.08,0.44,7,7,-1.000,0
54.6083,34.05,0.31,52.84,35.89,0.41,7,7,-1.000,0
54.6123,33.43,-0.62,53.01,35.77,0.74,7,7,-1.000,0
54.6164,33.71,0.28,53.20,35.93,0.28,7,7,-1.000,0
54.6206,33.90,0.19,53.57,35.75,0.35,7,7,-1.000,0
54.6250,34.03,0.13,53.74,35.86,0.18,7,7,-1.000,0
54.6289,34.14,0.11,54.13,35.72,0.36,7,7,-1.000,0
54.6331,33.80,-0.34,54.08,35.60,0.34,7,7,-1.000,0
54.6372,34.00,0.20,54.49,35.65,0.34,7,7,-1.000,0
54.6416,33.61,-0.39,54.50,35.39,0.47,7,7,-1.000,0
54.6457,33.97,0.36,54.76,35.74,0.46,7,7,-1.000,0
54.6497,33.69,-0.28,54.77,35.65,0.30,7,7,-1.000,0
54.6540,33.41,-0.27,54.80,35.73,0.30,7,7,-1.000,0
54.6583,33.74,0.32,55.11,35.80,0.29,7,7,-1.000,0
54.6622,33.23,-0.51,55.11,35.57,0.56,7,7,-1.000,0
54.6664,33.79,0.57,55.61,35.37,0.53,7,7,-1.000,0
54.6706,33.30,-0.49,55.68,35.17,0.57,7,7,-1.000,0
54.6750,33.22,-0.08,55.59,35.38,0.22,7,7,-1.000,0
54.6790,32.92,-0.29,55.48,35.52,0.29,7,7,-1.000,0
54.6830,32.90,-0.03,55.74,35.17,0.44,7,7,-1.000,0
54.6873,32.99,0.09,56.15,35.02,0.40,7,7,-1.000,0
54.6917,32.67,-0.32,55.89,34.90,0.30,7,7,-1.000,0
54.6956,32.42,-0.25,55.94,34.92,0.28,7,7,-1.000,0
54.6996,32.36,-0.05,56.08,34.84,0.20,7,7,-1.000,0
54.7040,32.32,-0.04,55.98,34.78,0.11,7,7,-1.000,0
54.7084,32.25,-0.08,56.15,34.62,0.27,7,7,-1.000,0
54.7122,32.38,0.13,56.41,34.33,0.37,7,7,-1.000,0
54.7164,32.23,-0.15,56.37,34.30,0.13,7,7,-1.000,0
54.7206,32.30,0.07,56.59,34.27,0.18,7,7,-1.000,0
54.7250,32.06,-0.23,56.40,34.23,0.20,7,7,-1.000,0
54.7289,32.20,0.14,56.57,34.21,0.15,7,7,-1.000,0
54.7331,32.05,-0.15,56.74,34.00,0.35,7,7,-1.000,0
54.7373,32.34,0.29,56.91,33.98,0.24,7,7,-1.000,0
54.7418,31.76,-0.59,56.67,33.83,0.52,7,7,-1.000,0
54.7457,31.39,-0.37,56.55,33.76,0.32,7,7,-1.000,0
54.7497,31.77,0.37,56.91,33.66,0.36,7,7,-1.000,0
54.7539,31.49,-0.28,56.99,33.84,0.38,7,7,-1.000,0
54.7583,31.34,-0.15,56.98,33.60,0.28,7,7,-1.000,0
54.7623,31.30,-0.04,57.14,33.51,0.21,7,7,-1.000,0
54.7663,31.16,-0.15,57.29,33.39,0.29,7,7,-1.000,0
54.7707,30.99,-0.17,57.27,33.47,0.17,7,7,-1.000,0
54.7751,31.29,0.30,57.81,33.66,0.49,7,7,-1.000,0
54.7789,31.15,-0.13,57.67,33.47,0.23,7,7,-1.000,0
54.7831,30.94,-0.21,57.78,33.46,0.29,7,7,-1.000,0
54.7872,31.26,0.32,58.17,33.33,0.36,7,7,-1.000,0
54.7917,31.36,0.10,58.36,33.13,0.26,7,7,-1.000,0
54.7956,30.84,-0.52,58.17,33.36,0.50,7,7,-1.000,0
54.7997,31.02,0.18,58.43,33.31,0.23,7,7,-1.000,0
54.8040,31.01,-0.01,58.57,33.27,0.16,7,7,-1.000,0
54.8081,30.77,-0.24,58.55,33.32,0.23,7,7,-1.000,0
54.8125,30.62,-0.15,58.67,33.24,0.25,7,7,-1.000,0
54.8164,30.62,0.00,58.91,32.96,0.37,7,7,-1.000,0
54.8206,30.64,0.02,59.00,33.08,0.15,7,7,-1.000,0
54.8248,30.67,0.03,59.16,33.01,0.17,7,7,-1.000,0
54.8290,30.53,-0.14,59.23,32.95,0.20,7,7,-1.000,0
54.8331,30.45,-0.08,59.12,32.86,0.13,7,7,-1.000,0
54.8373,30.37,-0.08,59.38,33.13,0.41,7,7,-1.000,0
54.8418,30.13,-0.24,59.45,33.33,0.35,7,7,-1.000,0
54.8456,29.80,-0.33,59.18,33.16,0.34,7,7,-1.000,0
54.8497,29.53,-0.27,59.08,33.69,0.58,7,7,-1.000,0
54.8540,29.67,0.14,59.25,33.76,0.16,7,7,-1.000,0
54.8581,29.11,-0.56,59.21,33.74,0.54,7,7,-1.000,0
54.8622,28.96,-0.15,58.96,33.81,0.22,7,7,-1.000,0
54.8663,29.14,0.18,58.96,33.93,0.22,7,7,-1.000,0
54.8706,28.98,-0.16,59.38,33.94,0.52,7,7,-1.000,0
54.8751,28.42,-0.55,59.16,34.12,0.50,7,7,-1.000,0
54.8789,28.31,-0.12,58.92,34.42,0.36,7,7,-1.000,0
54.8831,28.53,0.22,59.38,34.25,0.42,7,7,-1.000,0
54.8873,28.39,-0.14,59.48,34.27,0.21,7,7,-1.000,0
54.8915,27.56,-0.83,58.72,34.56,0.80,7,7,-1.000,0
54.8956,27.84,0.29,59.05,34.37,0.35,7,7,-1.000,0
54.8996,27.94,0.09,59.39,34.50,0.32,7,7,-1.000,0
54.9040,27.69,-0.25,59.34,34.36,0.26,7,7,-1.000,0
54.9084,27.49,-0.20,59.12,34.45,0.22,7,7,-1.000,0
54.9123,27.50,0.01,59.42,34.16,0.42,7,7,-1.000,0
54.9164,27.28,-0.22,59.18,34.35,0.29,7,7,-1.000,0
54.9207,27.28,-0.00,59.26,34.30,0.09,7,7,-1.000,0
54.9251,27.30,0.02,59.35,33.99,0.32,7,7,-1.000,0
54.9290,27.01,-0.28,59.11,34.27,0.37,7,7,-1.000,0
54.9331,27.24,0.22,59.14,34.10,0.27,7,7,-1.000,0
54.9373,26.87,-0.36,58.98,34.05,0.31,7,7,-1.000,0
54.9418,27.42,0.55,59.38,33.87,0.50,7,7,-1.000,0
54.9457,26.98,-0.44,59.12,34.08,0.42,7,7,-1.000,0
54.9496,27.04,0.06,59.19,33.72,0.37,7,7,-1.000,0
54.9539,27.04,0.00,59.16,33.63,0.09,7,7,-1.000,0
54.9584,26.75,-0.30,59.10,33.41,0.35,7,7,-1.000,0
54.9623,26.90,0.16,59.32,33.33,0.21,7,7,-1.000,0
54.9664,26.70,-0.20,59.24,33.26,0.19,7,7,-1.000,0
54.9707,26.59,-0.11,59.04,33.32,0.18,7,7,-1.000,0
54.9750,26.33,-0.27,58.98,32.91,0.48,7,7,-1.000,0
54.9789,26.12,-0.20,59.03,32.71,0.31,7,7,-1.000,0
54.9831,26.10,-0.02,59.24,32.67,0.22,7,7,-1.000,0
54.9873,26.15,0.04,59.38,32.41,0.29,7,7,-1.000,0
54.9918,25.96,-0.18,59.26,32.24,0.24,7,7,-1.000,0
54.9957,25.88,-0.08,59.19,32.14,0.12,7,7,-1.000,0
54.9997,25.45,-0.43,58.95,32.36,0.42,7,7,-1.000,0
55.0039,25.66,0.21,59.21,31.74,0.66,7,7,-1.000,0
55.0083,25.22,-0.45,59.11,32.03,0.50,7,7,-1.000,0
55.0124,25.34,0.12,59.26,31.81,0.26,7,7,-1.000,0
55.0165,25.15,-0.19,59.18,31.76,0.17,7,7,-1.000,0
55.0208,25.73,0.58,59.52,31.85,0.50,7,7,-1.000,0
55.0249,25.48,-0.25,59.19,31.61,0.37,7,7,-1.000,0
55.0290,25.54,0.06,59.51,31.24,0.47,7,7,-1.000,0
55.0331,25.17,-0.37,59.34,31.42,0.36,7,7,-1.000,0
55.0373,25.47,0.30,59.53,31.12,0.40,7,7,-1.000,0
55.0417,25.10,-0.37,59.47,31.28,0.38,7,7,-1.000,0
55.0456,25.22,0.12,59.60,30.94,0.36,7,7,-1.000,0
55.0496,25.24,0.02,59.50,31.06,0.16,7,7,-1.000,0
55.0539,25.09,-0.15,59.59,31.11,0.22,7,7,-1.000,0
55.0583,24.49,-0.60,59.43,30.78,0.63,7,7,-1.000,0
55.0623,24.23,-0.26,59.37,30.46,0.39,7,7,-1.000,0
55.0663,24.48,0.25,59.62,30.60,0.29,7,7,-1.000,0
55.0707,23.81,-0.67,59.34,30.30,0.65,7,7,-1.000,0
55.0751,24.78,0.97,59.99,30.14,0.87,7,7,-1.000,0
55.0789,24.37,-0.41,59.96,29.94,0.45,7,7,-1.000,0
55.0831,24.48,0.12,60.23,29.85,0.26,7,7,-1.000,0
55.0873,24.40,-0.08,60.15,29.52,0.34,7,7,-1.000,0
55.0916,24.30,-0.11,60.20,29.49,0.15,7,7,-1.000,0
55.0956,24.51,0.21,60.26,28.93,0.58,7,7,-1.000,0
55.0996,23.91,-0.60,59.99,29.00,0.53,7,7,-1.000,0
55.1066,24.35,0.44,60.51,28.60,0.63,7,7,-1.000,0
55.1104,23.78,-0.56,59.95,29.03,0.72,7,7,-1.000,0
55.1142,23.69,-0.09,60.02,29.00,0.15,7,7,-1.000,0
55.1190,23.69,0.00,60.01,28.63,0.37,7,7,-1.000,0
55.1228,23.68,-0.01,60.15,28.65,0.14,7,7,-1.000,0
55.1268,23.40,-0.27,59.88,28.65,0.28,7,7,-1.000,0
55.1307,22.96,-0.44,59.76,28.39,0.48,7,7,-1.000,0
55.1354,22.89,-0.07,60.05,28.52,0.35,7,7,-1.000,0
55.1397,23.10,0.21,60.10,28.18,0.39,7,7,-1.000,0
55.1446,22.61,-0.49,59.87,28.46,0.52,7,7,-1.000,0
55.1487,22.70,0.09,59.86,28.09,0.38,7,7,-1.000,0
55.1522,22.45,-0.25,59.76,28.40,0.38,7,7,-1.000,0
55.1558,22.30,-0.15,59.74,28.35,0.15,7,7,-1.000,0
55.1601,22.17,-0.13,59.51,28.01,0.39,7,7,-1.000,0
55.1642,22.02,-0.15,59.73,28.05,0.32,7,7,-1.000,0
55.1701,21.60,-0.42,59.64,28.25,0.44,7,7,-1.000,0
55.1733,22.11,0.51,59.80,28.20,0.46,7,7,-1.000,0
55.1775,21.79,-0.31,59.72,28.10,0.30,7,7,-1.000,0
55.1792,21.82,0.02,59.96,28.19,0.24,7,7,-1.000,0
55.1836,22.27,0.45,60.04,28.31,0.43,7,7,-1.000,0
55.1875,22.02,-0.25,59.96,28.69,0.44,7,7,-1.000,0
55.1923,21.45,-0.57,59.74,28.73,0.50,7,7,-1.000,0
55.1960,21.31,-0.14,59.50,28.54,0.28,7,7,-1.000,0
55.2000,21.55,0.24,59.68,28.98,0.49,7,7,-1.000,0
55.2042,21.07,-0.48,59.46,28.74,0.48,7,7,-1.000,0
55.2082,20.78,-0.29,59.24,28.55,0.33,7,7,-1.000,0
55.2123,20.93,0.15,59.24,28.89,0.37,7,7,-1.000,0
55.2164,20.82,-0.11,59.42,28.60,0.39,7,7,-1.000,0
55.2207,20.56,-0.26,59.13,28.62,0.29,7,7,-1.000,0
55.2251,20.59,0.03,59.16,28.81,0.19,7,7,-1.000,0
55.2290,20.48,-0.11,59.19,28.57,0.28,7,7,-1.000,0
55.2332,20.34,-0.14,59.08,28.71,0.19,7,7,-1.000,0
55.2374,20.25,-0.08,58.91,28.63,0.17,7,7,-1.000,0
55.2418,19.98,-0.27,58.83,28.74,0.27,7,7,-1.000,0
55.2458,20.16,0.18,59.01,28.65,0.20,7,7,-1.000,0
55.2497,20.07,-0.08,58.75,28.83,0.30,7,7,-1.000,0
55.2542,19.72,-0.35,58.62,28.67,0.35,7,7,-1.000,0
55.2584,19.61,-0.11,58.65,28.62,0.14,7,7,-1.000,0
55.2623,19.50,-0.11,58.34,28.85,0.37,7,7,-1.000,0
55.2665,19.27,-0.23,58.19,28.64,0.30,7,7,-1.000,0
55.2707,19.15,-0.12,58.25,28.57,0.17,7,7,-1.000,0
55.2752,19.37,0.23,58.19,28.90,0.42,7,7,-1.000,0
55.2790,18.68,-0.70,57.87,28.75,0.63,7,7,-1.000,0
55.2830,18.68,0.00,57.88,28.75,0.00,7,7,-1.000,0
55.2872,18.92,0.24,57.79,28.82,0.30,7,7,-1.000,0
55.2918,18.65,-0.26,57.84,28.96,0.32,7,7,-1.000,0
55.2956,18.35,-0.30,57.79,29.01,0.29,7,7,-1.000,0
55.2996,18.60,0.25,57.89,28.97,0.22,7,7,-1.000,0
55.3040,18.28,-0.32,57.59,28.82,0.35,7,7,-1.000,0
55.3084,18.13,-0.14,57.65,28.89,0.19,7,7,-1.000,0
55.3123,18.08,-0.05,57.57,29.08,0.20,7,7,-1.000,0
55.3163,18.28,0.19,57.73,28.89,0.27,7,7,-1.000,0
55.3206,18.28,0.00,57.88,28.85,0.15,7,7,-1.000,0
55.3251,17.99,-0.28,57.57,29.13,0.41,7,7,-1.000,0
55.3290,18.24,0.25,57.65,29.46,0.40,7,7,-1.000,0
55.3331,18.21,-0.03,57.71,29.22,0.25,7,7,-1.000,0
55.3372,18.35,0.14,57.87,29.13,0.18,7,7,-1.000,0
55.3417,17.95,-0.39,57.37,29.49,0.59,7,7,-1.000,0
55.3456,17.98,0.02,57.20,29.67,0.26,7,7,-1.000,0
55.3496,17.94,-0.03,57.21,29.68,0.05,7,7,-1.000,0
55.3539,17.63,-0.31,57.01,29.52,0.32,7,7,-1.000,0
55.3582,17.34,-0.29,56.71,29.73,0.36,7,7,-1.000,0
55.3623,17.58,0.24,56.75,29.86,0.25,7,7,-1.000,0
55.3663,17.79,0.21,57.03,29.58,0.38,7,7,-1.000,0
55.3707,17.44,-0.35,56.73,29.51,0.33,7,7,-1.000,0
55.3750,16.85,-0.59,56.28,29.69,0.56,7,7,-1.000,0
55.3788,17.24,0.39,56.44,29.65,0.34,7,7,-1.000,0
55.3830,17.61,0.37,56.74,29.60,0.35,7,7,-1.000,0
55.3873,17.17,-0.44,56.49,29.46,0.41,7,7,-1.000,0
55.3917,16.89,-0.28,56.18,29.50,0.30,7,7,-1.000,0
55.3957,17.16,0.27,56.22,29.52,0.26,7,7,-1.000,0
55.3997,17.04,-0.12,56.08,29.60,0.15,7,7,-1.000,0
55.4040,17.21,0.17,56.25,29.35,0.30,7,7,-1.000,0
55.4084,17.01,-0.21,55.94,29.50,0.32,7,7,-1.000,0
55.4123,17.13,0.12,55.64,29.53,0.38,7,7,-1.000,0
55.4163,17.29,0.16,55.82,29.45,0.19,7,7,-1.000,0
55.4206,17.08,-0.21,55.67,29.46,0.19,7,7,-1.000,0
55.4251,17.11,0.03,55.67,29.38,0.09,7,7,-1.000,0
55.4289,16.87,-0.24,55.08,29.77,0.65,7,7,-1.000,0
55.4330,16.91,0.05,54.87,29.89,0.27,7,7,-1.000,0
55.4373,17.30,0.38,55.41,29.68,0.53,7,7,-1.000,0
55.4417,16.90,-0.40,55.03,29.96,0.48,7,7,-1.000,0
55.4456,16.66,-0.24,54.97,29.96,0.21,7,7,-1.000,0
55.4499,16.62,-0.04,54.58,29.82,0.40,7,7,-1.000,0
55.4539,16.97,0.35,54.87,29.71,0.34,7,7,-1.000,0
55.4583,16.94,-0.02,54.93,29.78,0.11,7,7,-1.000,0
55.4622,16.62,-0.33,54.81,29.77,0.29,7,7,-1.000,0
55.4661,16.51,-0.11,54.74,29.65,0.16,7,7,-1.000,0
55.4705,16.49,-0.01,54.53,29.47,0.27,7,7,-1.000,0
55.4749,16.65,0.16,54.80,29.43,0.24,7,7,-1.000,0
55.4788,16.33,-0.33,54.75,29.42,0.31,7,7,-1.000,0
55.4830,16.15,-0.18,54.68,29.57,0.21,7,7,-1.000,0
55.4872,16.12,-0.03,54.57,29.62,0.10,7,7,-1.000,0
55.4917,16.12,0.00,54.54,29.36,0.26,7,7,-1.000,0
55.4955,16.30,0.18,54.60,29.28,0.18,7,7,-1.000,0
55.4995,16.23,-0.08,54.72,29.44,0.23,7,7,-1.000,0
55.5038,16.24,0.01,54.77,29.71,0.27,7,7,-1.000,0
55.5082,16.27,0.03,54.82,29.75,0.06,7,7,-1.000,0
55.5121,16.28,0.02,54.76,29.86,0.12,7,7,-1.000,0
55.5162,16.38,0.10,54.66,30.11,0.31,7,7,-1.000,0
55.5205,16.45,0.06,54.78,30.03,0.13,7,7,-1.000,0
55.5250,16.23,-0.21,54.74,30.09,0.20,7,7,-1.000,0
55.5289,16.25,0.01,54.87,30.05,0.13,7,7,-1.000,0
55.5331,16.09,-0.15,54.76,30.31,0.30,7,7,-1.000,0
55.5374,15.91,-0.19,54.58,30.41,0.21,7,7,-1.000,0
55.5420,15.99,0.08,54.53,30.36,0.13,7,7,-1.000,0
55.5458,16.15,0.16,54.38,30.65,0.40,7,7,-1.000,0
55.5497,16.02,-0.13,54.26,30.73,0.15,7,7,-1.000,0
55.5540,15.94,-0.08,54.26,30.74,0.08,7,7,-1.000,0
55.5585,15.63,-0.31,54.10,30.69,0.27,7,7,-1.000,0
55.5624,15.46,-0.18,53.92,30.80,0.21,7,7,-1.000,0
55.5664,15.55,0.09,53.95,30.86,0.10,7,7,-1.000,0
55.5707,15.44,-0.11,53.90,30.91,0.10,7,7,-1.000,0
55.5750,15.56,0.12,53.79,30.98,0.21,7,7,-1.000,0
55.5788,15.53,-0.02,53.54,31.03,0.25,7,7,-1.000,0
55.5829,15.49,-0.04,53.36,31.11,0.18,7,7,-1.000,0
55.5872,15.14,-0.35,53.05,31.34,0.40,7,7,-1.000,0
55.5915,15.19,0.05,53.03,31.29,0.08,7,7,-1.000,0
55.5954,15.24,0.05,52.99,31.35,0.10,7,7,-1.000,0
55.5995,15.14,-0.11,52.85,31.28,0.14,7,7,-1.000,0
55.6038,15.07,-0.07,52.66,31.31,0.17,7,7,-1.000,0
55.6082,15.08,0.02,52.62,31.25,0.09,7,7,-1.000,0
55.6122,15.15,0.06,52.51,31.24,0.16,7,7,-1.000,0
55.6162,15.09,-0.05,52.47,31.11,0.15,7,7,-1.000,0
55.6205,15.31,0.22,52.46,31.11,0.23,7,7,-1.000,0
55.6249,15.42,0.10,52.38,30.85,0.30,7,7,-1.000,0
55.6288,15.44,0.03,52.41,30.85,0.03,7,7,-1.000,0
55.6330,15.48,0.04,52.25,30.93,0.20,7,7,-1.000,0
55.6372,15.59,0.10,52.17,30.70,0.28,7,7,-1.000,0
55.6416,15.73,0.15,52.09,30.66,0.21,7,7,-1.000,0
55.6455,15.73,-0.00,51.90,30.61,0.20,7,7,-1.000,0
55.6495,15.87,0.14,51.70,30.42,0.35,7,7,-1.000,0
55.6538,16.04,0.18,51.77,30.17,0.29,7,7,-1.000,0
55.6580,16.23,0.19,51.89,30.26,0.19,7,7,-1.000,0
55.6623,16.37,0.14,51.81,29.92,0.39,7,7,-1.000,0
55.6664,16.39,0.01,51.75,29.80,0.14,7,7,-1.000,0
55.6707,16.81,0.42,51.79,29.82,0.40,7,7,-1.000,0
55.6749,16.85,0.04,51.62,29.86,0.20,7,7,-1.000,0
55.6789,17.16,0.30,51.65,29.78,0.30,7,7,-1.000,0
55.6831,17.22,0.07,51.52,29.88,0.20,7,7,-1.000,0
55.6874,17.18,-0.04,51.39,30.01,0.18,7,7,-1.000,0
55.6915,17.22,0.04,51.23,29.90,0.21,7,7,-1.000,0
55.6956,17.20,-0.02,51.11,30.01,0.16,7,7,-1.000,0
55.6997,17.28,0.08,50.92,30.00,0.24,7,7,-1.000,0
55.7040,17.17,-0.11,50.82,30.13,0.16,7,7,-1.000,0
55.7086,17.21,0.04,50.93,30.10,0.11,7,7,-1.000,0
55.7125,17.70,0.49,51.25,30.09,0.43,7,7,-1.000,0
55.7164,17.76,0.06,51.25,30.20,0.13,7,7,-1.000,0
55.7207,17.81,0.05,51.22,30.26,0.09,7,7,-1.000,0
55.7252,17.60,-0.21,51.19,30.20,0.20,7,7,-1.000,0
55.7291,17.45,-0.15,51.10,30.20,0.13,7,7,-1.000,0
55.7332,17.61,0.16,51.40,30.14,0.26,7,7,-1.000,0
55.7373,17.48,-0.13,51.50,30.13,0.20,7,7,-1.000,0
55.7419,17.61,0.13,51.79,30.19,0.26,7,7,-1.000,0
55.7457,17.41,-0.20,51.72,30.15,0.18,7,7,-1.000,0
55.7497,17.65,0.24,52.06,30.00,0.34,7,7,-1.000,0
55.7540,17.46,-0.20,51.98,30.24,0.29,7,7,-1.000,0
55.7584,17.25,-0.21,51.30,30.09,0.62,7,7,-1.000,0
55.7624,17.13,-0.12,50.77,29.43,0.81,7,7,-1.000,0
55.7664,16.57,-0.56,49.84,29.23,0.84,7,7,-1.000,0
55.7707,16.14,-0.43,49.06,28.98,0.73,7,7,-1.000,0
55.7752,15.85,-0.29,48.59,28.48,0.65,7,7,-1.000,0
55.7789,15.39,-0.46,47.87,28.07,0.76,7,7,-1.000,0
55.7832,15.12,-0.26,47.59,28.08,0.28,7,7,-1.000,0
55.7874,15.03,-0.10,47.48,27.50,0.59,7,7,-1.000,0
55.7918,14.40,-0.63,46.78,27.15,0.78,7,7,-1.000,0
55.7958,13.93,-0.48,46.14,26.71,0.74,7,7,-1.000,0
55.7997,13.63,-0.30,45.75,25.93,0.86,7,7,-1.000,0
55.8042,13.38,-0.24,45.34,25.87,0.38,7,7,-1.000,0
55.8081,13.07,-0.31,44.84,26.07,0.50,7,7,-1.000,0
55.8121,12.92,-0.15,44.68,25.54,0.56,7,7,-1.000,0
55.8163,12.67,-0.25,44.20,24.99,0.70,7,7,-1.000,0
55.8207,12.44,-0.24,43.82,25.05,0.36,7,7,-1.000,0
55.8249,12.35,-0.09,43.49,25.09,0.31,7,7,-1.000,0
55.8292,12.18,-0.17,43.19,24.84,0.37,7,7,-1.000,0
55.8330,12.00,-0.18,42.89,24.52,0.42,7,7,-1.000,0
55.8374,11.54,-0.46,42.35,24.48,0.54,7,7,-1.000,0
55.8413,11.17,-0.37,41.90,24.22,0.52,7,7,-1.000,0
55.8454,10.84,-0.33,41.50,24.00,0.46,7,7,-1.000,0
55.8495,10.66,-0.18,41.26,23.69,0.39,7,7,-1.000,0
55.8538,10.48,-0.18,40.97,23.28,0.50,7,7,-1.000,0
55.8583,10.27,-0.21,40.65,22.94,0.45,7,7,-1.000,0
55.8621,10.08,-0.19,40.15,22.92,0.46,7,7,-1.000,0
55.8662,9.92,-0.16,39.77,23.08,0.38,7,7,-1.000,0
55.8705,9.61,-0.31,39.40,22.89,0.43,7,7,-1.000,0
55.8749,9.42,-0.19,39.09,22.76,0.32,7,7,-1.000,0
55.8788,9.31,-0.11,38.80,22.69,0.28,7,7,-1.000,0
55.8829,9.13,-0.18,38.38,22.62,0.39,7,7,-1.000,0
55.8873,8.88,-0.25,38.03,22.39,0.41,7,7,-1.000,0
55.8918,8.74,-0.14,37.83,22.41,0.19,7,7,-1.000,0
55.8957,8.49,-0.25,37.52,22.29,0.34,7,7,-1.000,0
55.8997,8.39,-0.10,37.21,22.14,0.32,7,7,-1.000,0
55.9040,8.20,-0.20,36.97,21.95,0.32,7,7,-1.000,0
55.9084,8.08,-0.12,36.61,21.79,0.37,7,7,-1.000,0
55.9122,7.75,-0.32,36.27,21.80,0.37,7,7,-1.000,0
55.9163,7.49,-0.26,35.92,21.64,0.39,7,7,-1.000,0
55.9207,7.44,-0.06,35.71,21.73,0.21,7,7,-1.000,0
55.9250,7.30,-0.14,35.45,21.65,0.25,7,7,-1.000,0
55.9289,7.10,-0.19,35.10,21.53,0.36,7,7,-1.000,0
55.9331,6.82,-0.29,34.68,21.44,0.42,7,7,-1.000,0
55.9373,6.65,-0.16,34.34,21.22,0.38,7,7,-1.000,0
55.9417,6.40,-0.25,34.04,21.04,0.36,7,7,-1.000,0
55.9456,6.47,0.07,33.71,21.05,0.36,7,7,-1.000,0
55.9497,6.27,-0.20,33.30,21.24,0.43,7,7,-1.000,0
55.9539,6.15,-0.12,33.09,21.18,0.21,7,7,-1.000,0
55.9582,5.83,-0.32,32.60,21.06,0.49,7,7,-1.000,0
55.9621,5.57,-0.26,32.20,20.70,0.54,7,7,-1.000,0
55.9662,5.41,-0.16,31.73,20.51,0.48,7,7,-1.000,0
55.9706,5.19,-0.22,31.58,20.56,0.23,7,7,-1.000,0
55.9748,4.88,-0.30,30.99,20.57,0.56,7,7,-1.000,0
55.9788,4.94,0.06,30.86,20.39,0.24,7,7,-1.000,0
55.9830,4.71,-0.23,30.42,20.28,0.43,7,7,-1.000,0
55.9877,4.39,-0.32,30.15,19.99,0.45,7,7,-1.000,0
55.9919,4.18,-0.21,29.98,19.56,0.49,7,7,-1.000,0
55.9957,4.02,-0.16,29.58,19.27,0.47,7,7,-1.000,0
55.9996,3.85,-0.17,28.88,19.11,0.68,7,7,-1.000,0
56.0040,3.98,0.13,28.61,19.32,0.39,7,7,-1.000,0
56.0083,3.89,-0.08,28.39,19.29,0.21,7,7,-1.000,0
56.0123,3.90,0.01,28.20,19.06,0.30,7,7,-1.000,0
56.0163,3.89,-0.01,27.92,18.94,0.30,7,7,-1.000,0
56.0206,3.82,-0.07,27.58,18.54,0.51,7,7,-1.000,0
56.0251,3.75,-0.07,27.05,18.48,0.52,7,7,-1.000,0
56.0289,3.95,0.20,27.07,18.02,0.50,7,7,-1.000,0
56.0330,3.65,-0.30,26.40,18.00,0.64,7,7,-1.000,0
56.0372,3.67,0.03,26.14,17.65,0.44,7,7,-1.000,0
56.0418,3.87,0.20,25.95,17.01,0.71,7,7,-1.000,0
56.0456,3.66,-0.22,25.62,16.92,0.35,7,7,-1.000,0
56.0496,3.69,0.03,25.12,16.98,0.52,7,7,-1.000,0
56.0540,3.62,-0.06,24.86,16.58,0.47,7,7,-1.000,0
56.0583,3.46,-0.16,24.76,16.22,0.39,7,7,-1.000,0
56.0623,3.21,-0.26,24.45,15.59,0.72,7,7,-1.000,0
56.0663,3.12,-0.09,24.57,15.05,0.56,7,7,-1.000,0
56.0706,3.03,-0.09,24.25,14.62,0.53,7,7,-1.000,0
56.0747,3.07,0.04,24.04,14.12,0.54,7,7,-1.000,0
56.0789,3.17,0.10,23.93,13.68,0.47,7,7,-1.000,0
56.0828,3.22,0.05,23.81,13.18,0.53,7,7,-1.000,0
56.0871,3.09,-0.13,23.62,12.96,0.30,7,7,-1.000,0
56.0915,2.99,-0.10,23.36,12.51,0.52,7,7,-1.000,0
56.0955,2.89,-0.10,23.09,12.04,0.54,7,7,-1.000,0
56.0994,2.80,-0.09,23.03,11.41,0.64,7,7,-1.000,0
56.1057,2.82,0.02,22.77,11.17,0.36,7,7,-1.000,0
56.1102,2.93,0.11,22.54,10.90,0.38,7,7,-1.000,0
56.1143,2.89,-0.04,22.15,10.49,0.56,7,7,-1.000,0
56.1182,3.46,0.57,21.93,10.07,0.77,7,7,-1.000,0
56.1225,3.24,-0.22,21.52,10.01,0.44,7,7,-1.000,0
56.1267,3.34,0.10,21.10,10.00,0.45,7,7,-1.000,0
56.1305,3.37,0.03,21.10,9.62,0.38,7,7,-1.000,0
56.1344,3.31,-0.06,20.74,9.11,0.62,7,7,-1.000,0
56.1389,3.29,-0.03,20.59,8.77,0.37,7,7,-1.000,0
56.1434,3.25,-0.04,20.40,8.21,0.59,7,7,-1.000,0
56.1473,3.41,0.17,20.53,7.53,0.71,7,7,-1.000,0
56.1519,3.22,-0.20,20.18,7.42,0.39,7,7,-1.000,0
56.1563,3.39,0.18,19.77,7.28,0.49,7,7,-1.000,0
56.1606,3.49,0.09,19.28,7.18,0.51,7,7,-1.000,0
56.1645,3.54,0.05,18.59,7.28,0.71,7,7,-1.000,0
56.1679,3.43,-0.11,18.59,6.57,0.72,7,7,-1.000,0
56.1724,3.32,-0.11,18.21,6.36,0.44,7,7,-1.000,0
56.1761,3.27,-0.05,17.88,6.00,0.48,7,7,-1.000,0
56.1791,3.18,-0.10,17.59,5.88,0.32,7,7,-1.000,0
56.1833,3.39,0.21,17.51,5.23,0.69,7,7,-1.000,0
56.1877,3.60,0.21,17.11,4.84,0.61,7,7,-1.000,0
56.1916,3.30,-0.30,16.68,4.73,0.52,7,7,-1.000,0
56.1956,3.19,-0.11,16.58,4.20,0.55,7,7,-1.000,0
56.1997,3.15,-0.04,16.34,4.05,0.29,7,7,-1.000,0
56.2040,2.96,-0.19,15.86,3.32,0.88,7,7,-1.000,0
56.2083,2.91,-0.05,15.94,3.02,0.32,7,7,-1.000,0
56.2124,2.89,-0.01,15.90,2.65,0.37,7,7,-1.000,0
56.2163,2.89,-0.00,15.56,2.37,0.44,7,7,-1.000,0
56.2208,2.72,-0.17,15.62,1.82,0.57,7,7,-1.000,0
56.2250,2.82,0.10,15.22,1.22,0.74,7,7,-1.000,0
56.2288,2.88,0.06,15.41,0.87,0.40,7,7,-1.000,0
56.2329,2.39,-0.49,15.02,0.82,0.63,7,7,-1.000,0
56.2371,2.35,-0.04,14.38,0.53,0.70,7,7,-1.000,0
56.2417,2.40,0.04,14.34,0.52,0.06,7,7,-1.000,0
56.2455,2.35,-0.05,14.55,0.40,0.25,7,7,-1.000,0
56.2494,2.25,-0.09,14.57,0.25,0.18,7,7,-1.000,0
56.2538,2.24,-0.01,14.24,0.32,0.33,7,7,-1.000,0
56.2583,2.28,0.04,14.33,0.28,0.10,7,7,-1.000,0
56.2622,2.32,0.04,14.02,0.32,0.31,7,7,-1.000,0
56.2662,2.36,0.04,13.69,0.30,0.34,7,7,-1.000,0
56.2706,2.56,0.20,13.58,0.50,0.31,7,7,-1.000,0
56.2748,2.59,0.02,13.58,0.41,0.10,7,7,-1.000,0
56.2787,2.47,-0.12,13.49,0.23,0.23,7,7,-1.000,0
56.2829,2.57,0.10,13.27,0.38,0.29,7,7,-1.000,0
56.2872,2.52,-0.05,13.09,0.19,0.26,7,7,-1.000,0
56.2916,2.48,-0.05,13.00,-0.01,0.23,7,7,-1.000,0
56.2955,2.57,0.10,13.00,-0.34,0.34,7,7,-1.000,0
56.2995,2.46,-0.11,12.64,-0.50,0.42,7,7,-1.000,0
56.3038,2.40,-0.06,12.50,-0.47,0.15,7,7,-1.000,0
56.3083,2.25,-0.15,12.29,-0.58,0.28,7,7,-1.000,0
56.3122,2.22,-0.03,11.86,-0.54,0.43,7,7,-1.000,0
56.3162,2.08,-0.15,11.56,-0.70,0.37,7,7,-1.000,0
56.3205,2.03,-0.04,11.39,-0.54,0.23,7,7,-1.000,0
56.3249,2.25,0.22,10.83,-0.33,0.64,7,7,-1.000,0
56.3289,2.48,0.23,10.51,0.01,0.52,7,7,-1.000,0
56.3332,2.46,-0.02,10.35,0.11,0.18,7,7,-1.000,0
56.3372,2.59,0.14,10.10,0.50,0.48,7,7,-1.000,0
56.3418,2.55,-0.04,9.89,0.45,0.22,7,7,-1.000,0
56.3457,2.51,-0.04,9.81,0.44,0.09,7,7,-1.000,0
56.3497,2.40,-0.12,9.42,0.37,0.41,7,7,-1.000,0
56.3540,2.40,0.00,8.97,0.50,0.47,7,7,-1.000,0
56.3582,2.40,0.00,9.10,0.39,0.16,7,7,-1.000,0
56.3623,2.45,0.05,9.07,0.32,0.09,7,7,-1.000,0
56.3663,2.47,0.02,8.97,0.34,0.11,7,7,-1.000,0
56.3707,2.46,-0.01,9.09,0.52,0.22,7,7,-1.000,0
56.3751,2.39,-0.07,8.64,0.35,0.49,7,7,-1.000,0
56.3790,2.45,0.06,8.55,0.39,0.12,7,7,-1.000,0
56.3829,2.49,0.04,8.55,0.21,0.18,7,7,-1.000,0
56.3873,2.72,0.22,8.70,0.04,0.31,7,7,-1.000,0
56.3917,2.62,-0.10,8.76,0.26,0.24,7,7,-1.000,0
56.3957,2.93,0.31,8.92,-0.06,0.47,7,7,-1.000,0
56.3996,2.93,0.01,8.77,-0.13,0.16,7,7,-1.000,0
56.4040,3.01,0.07,8.66,-0.35,0.25,7,7,-1.000,0
56.4083,3.04,0.03,8.52,-0.33,0.14,7,7,-1.000,0
56.4121,3.26,0.22,8.44,-0.39,0.24,7,7,-1.000,0
56.4163,3.36,0.11,8.65,-0.34,0.24,7,7,-1.000,0
56.4206,3.45,0.09,8.73,-0.14,0.24,7,7,-1.000,0
56.4249,3.45,-0.00,8.49,-0.28,0.28,7,7,-1.000,0
56.4290,3.29,-0.16,8.41,0.08,0.40,7,7,-1.000,0
56.4332,3.35,0.05,8.34,0.15,0.11,7,7,-1.000,0
56.4374,3.37,0.02,8.35,0.17,0.03,7,7,-1.000,0
56.4417,3.52,0.15,8.37,0.26,0.18,7,7,-1.000,0
56.4457,3.64,0.12,8.45,0.42,0.21,7,7,-1.000,0
56.4497,3.69,0.05,8.48,0.48,0.09,7,7,-1.000,0
56.4545,3.53,-0.16,8.17,0.31,0.39,7,7,-1.000,0
56.4585,3.49,-0.04,8.07,0.18,0.17,7,7,-1.000,0
56.4624,3.61,0.12,7.44,0.68,0.81,7,7,-1.000,0
56.4664,3.58,-0.03,7.15,0.68,0.30,7,7,-1.000,0
56.4706,3.64,0.06,6.90,0.56,0.28,7,7,-1.000,0
56.4748,3.61,-0.04,6.77,0.58,0.14,7,7,-1.000,0
56.4788,3.62,0.01,6.66,0.62,0.11,7,7,-1.000,0
56.4832,3.59,-0.03,6.46,0.63,0.20,7,7,-1.000,0
56.4874,3.58,-0.02,6.60,0.47,0.21,7,7,-1.000,0
56.4917,3.49,-0.09,6.29,0.56,0.33,7,7,-1.000,0
56.4957,3.50,0.01,6.23,0.77,0.22,7,7,-1.000,0
56.4997,3.50,-0.00,6.45,0.66,0.25,7,7,-1.000,0
56.5040,3.44,-0.06,6.13,0.68,0.33,7,7,-1.000,0
56.5081,3.49,0.04,6.12,0.66,0.05,7,7,-1.000,0
56.5121,3.46,-0.03,5.77,0.56,0.36,7,7,-1.000,0
56.5162,3.44,-0.02,5.60,0.68,0.21,7,7,-1.000,0
56.5205,3.45,0.01,5.47,0.71,0.13,7,7,-1.000,0
56.5249,3.46,0.00,5.22,0.90,0.32,7,7,-1.000,0
56.5288,3.49,0.04,5.15,0.89,0.08,7,7,-1.000,0
56.5329,3.48,-0.02,5.13,0.97,0.08,7,7,-1.000,0
56.5371,3.47,-0.01,4.96,1.02,0.17,7,7,-1.000,0
56.5416,3.44,-0.03,4.75,1.16,0.25,7,7,-1.000,0
56.5455,3.40,-0.03,4.74,1.01,0.15,7,7,-1.000,0
56.5495,3.33,-0.07,4.55,1.08,0.22,7,7,-1.000,0
56.5539,3.26,-0.07,4.53,1.04,0.08,7,7,-1.000,0
56.5583,3.21,-0.05,4.18,1.25,0.41,7,7,-1.000,0
56.5621,3.11,-0.11,4.37,0.97,0.35,7,7,-1.000,0
56.5662,3.05,-0.06,4.28,1.04,0.12,7,7,-1.000,0
56.5705,2.99,-0.06,4.11,1.06,0.17,7,7,-1.000,0
56.5749,3.00,0.01,4.05,1.07,0.06,7,7,-1.000,0
56.5787,2.93,-0.06,3.89,1.26,0.26,7,7,-1.000,0
56.5829,2.94,0.01,3.92,1.10,0.16,7,7,-1.000,0
56.5871,3.02,0.08,4.19,1.42,0.42,7,7,-1.000,0
56.5916,3.00,-0.02,4.27,1.32,0.12,7,7,-1.000,0
56.5955,3.01,0.01,4.14,1.28,0.13,7,7,-1.000,0
56.5995,3.01,-0.00,4.13,1.27,0.02,7,7,-1.000,0
56.6038,2.99,-0.01,3.99,1.26,0.15,7,7,-1.000,0
56.6082,3.01,0.02,4.00,1.29,0.04,7,7,-1.000,0
56.6121,3.02,0.00,4.00,1.24,0.05,7,7,-1.000,0
56.6162,3.11,0.09,3.98,1.29,0.11,7,7,-1.000,0
56.6205,3.07,-0.05,3.94,1.14,0.16,7,7,-1.000,0
56.6249,3.02,-0.05,3.64,1.30,0.35,7,7,-1.000,0
56.6287,3.15,0.14,3.82,1.32,0.22,7,7,-1.000,0
56.6329,3.15,-0.01,3.70,1.36,0.12,7,7,-1.000,0
56.6372,3.02,-0.12,3.54,1.26,0.22,7,7,-1.000,0
56.6416,2.99,-0.03,3.42,1.23,0.12,7,7,-1.000,0
56.6455,2.97,-0.02,3.50,1.08,0.16,7,7,-1.000,0
56.6495,2.94,-0.03,3.41,1.06,0.09,7,7,-1.000,0
56.6539,3.01,0.06,3.50,1.05,0.11,7,7,-1.000,0
56.6583,2.97,-0.03,3.36,1.11,0.16,7,7,-1.000,0
56.6622,2.94,-0.04,3.30,1.01,0.12,7,7,-1.000,0
56.6662,2.90,-0.03,3.28,0.90,0.12,7,7,-1.000,0
56.6705,2.91,0.01,3.18,0.87,0.10,7,7,-1.000,0
56.6750,2.93,0.02,3.10,0.95,0.11,7,7,-1.000,0
56.6790,2.92,-0.01,3.15,0.83,0.12,7,7,-1.000,0
56.6832,2.88,-0.04,2.99,0.80,0.16,7,7,-1.000,0
56.6873,2.89,0.01,3.05,0.79,0.06,7,7,-1.000,0
56.6918,2.87,-0.02,3.01,0.71,0.09,7,7,-1.000,0
56.6957,2.86,-0.00,2.98,0.69,0.04,7,7,-1.000,0
56.6997,2.87,0.00,3.08,0.60,0.14,7,7,-1.000,0
56.7040,2.92,0.05,2.92,0.74,0.22,7,7,-1.000,0
56.7084,2.90,-0.02,2.74,0.80,0.19,7,7,-1.000,0
56.7122,2.86,-0.04,2.92,0.60,0.27,7,7,-1.000,0
56.7163,2.91,0.04,2.77,0.75,0.21,7,7,-1.000,0
56.7206,2.87,-0.03,2.72,0.71,0.07,7,7,-1.000,0
56.7251,2.85,-0.03,2.89,0.58,0.22,7,7,-1.000,0
56.7291,2.83,-0.02,2.72,0.50,0.19,7,7,-1.000,0
56.7331,2.83,-0.00,2.84,0.42,0.15,7,7,-1.000,0
56.7373,2.97,0.14,2.76,0.83,0.44,7,7,-1.000,0
56.7414,2.99,0.02,2.84,0.76,0.10,7,7,-1.000,0
56.7456,3.02,0.02,2.79,0.80,0.06,7,7,-1.000,0
56.7496,3.00,-0.02,2.77,0.77,0.05,7,7,-1.000,0
56.7539,2.99,-0.00,2.79,0.78,0.03,7,7,-1.000,0
56.7584,3.00,0.01,2.75,0.72,0.07,7,7,-1.000,0
56.7622,2.94,-0.07,2.65,0.64,0.15,7,7,-1.000,0
56.7663,2.98,0.04,2.60,0.68,0.08,7,7,-1.000,0
56.7708,2.98,0.01,2.61,0.69,0.02,7,7,-1.000,0
56.7748,2.92,-0.07,2.48,0.56,0.20,7,7,-1.000,0
56.7790,2.88,-0.04,2.48,0.50,0.06,7,7,-1.000,0
56.7832,2.93,0.04,2.31,0.56,0.18,7,7,-1.000,0
56.7873,2.95,0.02,2.42,0.48,0.14,7,7,-1.000,0
56.7917,2.93,-0.02,2.31,0.45,0.12,7,7,-1.000,0
56.7956,2.95,0.02,2.31,0.46,0.03,7,7,-1.000,0
56.7996,3.00,0.05,2.26,0.39,0.11,7,7,-1.000,0
56.8039,2.96,-0.04,2.12,0.38,0.14,7,7,-1.000,0
56.8081,2.90,-0.06,1.87,0.29,0.28,7,7,-1.000,0
56.8122,2.92,0.02,1.87,0.22,0.07,7,7,-1.000,0
56.8165,2.94,0.02,1.69,0.13,0.20,7,7,-1.000,0
56.8211,2.94,0.00,1.62,0.10,0.08,7,7,-1.000,0
56.8250,2.96,0.02,1.60,-0.04,0.14,7,7,-1.000,0
56.8292,2.96,-0.00,1.41,0.02,0.20,7,7,-1.000,0
56.8335,3.01,0.05,1.64,-0.16,0.30,7,7,-1.000,0
56.8374,2.96,-0.04,1.63,-0.11,0.07,7,7,-1.000,0
56.8415,2.93,-0.04,1.43,0.05,0.26,7,7,-1.000,0
56.8457,2.98,0.05,1.52,0.01,0.11,7,7,-1.000,0
56.8497,3.02,0.04,1.68,0.09,0.18,7,7,-1.000,0
56.8540,3.00,-0.02,1.67,0.14,0.05,7,7,-1.000,0
56.8583,2.95,-0.05,1.77,0.07,0.13,7,7,-1.000,0
56.8625,3.03,0.08,1.84,0.18,0.16,7,7,-1.000,0
56.8664,3.00,-0.03,1.89,0.13,0.08,7,7,-1.000,0
56.8706,3.07,0.08,1.95,0.21,0.12,7,7,-1.000,0
56.8751,3.10,0.03,2.02,0.19,0.07,7,7,-1.000,0
56.8791,3.08,-0.02,1.97,0.23,0.07,7,7,-1.000,0
56.8832,3.09,0.01,1.98,0.15,0.08,7,7,-1.000,0
56.8873,3.08,-0.01,2.00,0.11,0.05,7,7,-1.000,0
56.8915,3.11,0.03,1.88,0.24,0.18,7,7,-1.000,0
56.8956,3.09,-0.02,1.83,0.13,0.12,7,7,-1.000,0
56.8996,3.10,0.01,1.80,0.15,0.04,7,7,-1.000,0
56.9042,3.13,0.03,1.73,0.14,0.08,7,7,-1.000,0
56.9086,3.12,-0.01,1.73,0.06,0.08,7,7,-1.000,0
56.9125,3.14,0.02,1.68,0.00,0.07,7,7,-1.000,0
56.9165,3.13,-0.01,1.71,0.04,0.05,7,7,-1.000,0
56.9209,3.11,-0.02,1.74,0.03,0.04,7,7,-1.000,0
56.9252,3.15,0.04,1.72,0.05,0.05,7,7,-1.000,0
56.9291,3.12,-0.03,1.74,0.11,0.07,7,7,-1.000,0
56.9332,3.11,-0.01,1.67,0.14,0.07,7,7,-1.000,0
56.9374,3.12,0.01,1.74,0.08,0.10,7,7,-1.000,0
56.9417,3.09,-0.03,1.63,0.13,0.12,7,7,-1.000,0
56.9459,3.12,0.03,1.59,0.05,0.10,7,7,-1.000,0
56.9498,3.09,-0.03,1.56,0.03,0.05,7,7,-1.000,0
56.9540,3.09,0.00,1.46,-0.11,0.17,7,7,-1.000,0
56.9583,3.05,-0.04,1.45,-0.10,0.04,7,7,-1.000,0
56.9625,3.03,-0.01,1.35,-0.05,0.11,7,7,-1.000,0
56.9664,3.02,-0.02,1.31,-0.15,0.11,7,7,-1.000,0
56.9707,3.00,-0.01,1.37,-0.26,0.12,7,7,-1.000,0
56.9752,2.93,-0.07,1.36,-0.31,0.09,7,7,-1.000,0
56.9792,2.96,0.03,1.35,-0.38,0.08,7,7,-1.000,0
56.9832,2.96,0.01,1.25,-0.29,0.13,7,7,-1.000,0
56.9875,2.94,-0.03,1.28,-0.39,0.10,7,7,-1.000,0
56.9916,2.92,-0.02,1.21,-0.35,0.08,7,7,-1.000,0
56.9960,2.88,-0.03,1.21,-0.31,0.05,7,7,-1.000,0
57.0000,2.88,-0.01,1.15,-0.32,0.06,7,7,-1.000,0
57.0041,2.90,0.02,1.15,-0.24,0.09,7,7,-1.000,0
57.0088,2.85,-0.05,1.05,-0.23,0.11,7,7,-1.000,0
57.0125,2.89,0.04,1.08,-0.20,0.05,7,7,-1.000,0
57.0165,2.93,0.03,1.06,-0.23,0.05,7,7,-1.000,0
57.0207,2.90,-0.02,1.01,-0.22,0.05,7,7,-1.000,0
57.0251,2.89,-0.01,1.07,-0.17,0.08,7,7,-1.000,0
57.0291,2.90,0.01,0.96,-0.23,0.13,7,7,-1.000,0
57.0332,2.87,-0.03,1.05,-0.14,0.13,7,7,-1.000,0
57.0373,2.89,0.02,1.01,-0.25,0.12,7,7,-1.000,0
57.0418,2.91,0.01,1.01,-0.25,0.01,7,7,-1.000,0
57.0459,2.90,-0.01,0.98,-0.25,0.03,7,7,-1.000,0
57.0498,2.86,-0.05,0.97,-0.16,0.11,7,7,-1.000,0
57.0541,2.86,0.00,1.01,-0.22,0.07,7,7,-1.000,0
57.0585,2.87,0.01,0.98,-0.18,0.05,7,7,-1.000,0
57.0625,2.90,0.03,1.02,-0.32,0.15,7,7,-1.000,0
57.0664,2.90,0.00,1.03,-0.22,0.10,7,7,-1.000,0
57.0707,2.90,-0.01,0.98,-0.25,0.06,7,7,-1.000,0
57.0750,2.86,-0.03,0.97,-0.21,0.05,7,7,-1.000,0
57.0793,2.91,0.05,1.02,-0.22,0.07,7,7,-1.000,0
57.0830,2.90,-0.01,1.03,-0.22,0.02,7,7,-1.000,0
57.0876,2.85,-0.05,0.96,-0.17,0.10,7,7,-1.000,0
57.0918,2.93,0.08,0.86,-0.07,0.16,7,7,-1.000,0
57.0956,2.89,-0.04,0.96,-0.21,0.18,7,7,-1.000,0
57.0997,2.87,-0.02,1.01,-0.19,0.05,7,7,-1.000,0
57.1063,2.87,0.00,0.88,-0.16,0.14,7,7,-1.000,0
57.1103,2.90,0.02,0.94,-0.17,0.06,7,7,-1.000,0
57.1145,2.89,-0.01,0.99,-0.19,0.06,7,7,-1.000,0
57.1185,2.89,0.00,0.93,-0.20,0.06,7,7,-1.000,0
57.1227,2.92,0.03,0.96,-0.12,0.09,7,7,-1.000,0
57.1267,2.94,0.02,0.83,-0.02,0.16,7,7,-1.000,0
57.1307,2.98,0.04,0.90,0.04,0.10,7,7,-1.000,0
57.1352,2.99,0.01,0.93,0.07,0.04,7,7,-1.000,0
57.1402,2.94,-0.05,0.89,0.07,0.06,7,7,-1.000,0
57.1444,2.97,0.03,0.85,-0.00,0.09,7,7,-1.000,0
57.1482,2.95,-0.02,0.91,0.04,0.07,7,7,-1.000,0
57.1519,2.96,0.01,0.89,0.10,0.07,7,7,-1.000,0
57.1563,2.97,0.01,0.86,0.11,0.04,7,7,-1.000,0
57.1601,3.00,0.03,0.76,0.17,0.12,7,7,-1.000,0
57.1648,3.00,-0.00,0.77,0.20,0.04,7,7,-1.000,0
57.1692,2.98,-0.02,0.81,0.21,0.04,7,7,-1.000,0
57.1733,3.02,0.03,0.74,0.20,0.08,7,7,-1.000,0
57.1773,2.98,-0.04,0.88,0.05,0.21,7,7,-1.000,0
57.1792,2.95,-0.02,0.89,0.07,0.03,7,7,-1.000,0
57.1835,3.01,0.06,0.78,0.14,0.14,7,7,-1.000,0
57.1879,2.95,-0.06,0.93,0.05,0.18,7,7,-1.000,0
57.1917,2.86,-0.09,0.94,-0.23,0.30,7,7,-1.000,0
57.1959,2.92,0.06,0.93,-0.12,0.12,7,7,-1.000,0
57.2000,2.92,0.00,0.94,-0.10,0.03,7,7,-1.000,0
57.2040,2.89,-0.03,1.00,-0.09,0.07,7,7,-1.000,0
57.2083,2.93,0.05,0.88,-0.06,0.13,7,7,-1.000,0
57.2124,2.98,0.05,0.90,-0.00,0.07,7,7,-1.000,0
57.2164,3.00,0.02,0.87,0.09,0.10,7,7,-1.000,0
57.2207,3.00,0.00,0.93,0.11,0.06,7,7,-1.000,0
57.2250,2.99,-0.01,0.82,0.07,0.11,7,7,-1.000,0
57.2291,2.96,-0.03,0.93,0.11,0.12,7,7,-1.000,0
57.2331,3.03,0.08,0.85,0.10,0.11,7,7,-1.000,0
57.2377,3.00,-0.04,0.86,0.09,0.04,7,7,-1.000,0
57.2420,3.01,0.01,0.85,0.08,0.02,7,7,-1.000,0
57.2458,3.00,-0.00,0.91,0.12,0.07,7,7,-1.000,0
57.2497,3.01,0.00,0.84,0.13,0.06,7,7,-1.000,0
57.2540,2.98,-0.02,0.86,0.10,0.04,7,7,-1.000,0
57.2581,3.00,0.02,0.84,0.11,0.02,7,7,-1.000,0
57.2622,3.00,-0.01,0.90,0.15,0.07,7,7,-1.000,0
57.2664,2.99,-0.01,0.91,0.16,0.02,7,7,-1.000,0
57.2707,2.98,-0.01,0.90,0.13,0.03,7,7,-1.000,0
57.2750,2.97,-0.01,0.92,0.04,0.09,7,7,-1.000,0
57.2788,2.98,0.01,0.93,0.08,0.04,7,7,-1.000,0
57.2831,2.99,0.01,0.94,0.04,0.04,7,7,-1.000,0
57.2873,2.99,-0.00,0.94,0.02,0.03,7,7,-1.000,0
57.2915,2.94,-0.04,0.96,0.06,0.06,7,7,-1.000,0
57.2956,3.00,0.06,0.99,0.07,0.07,7,7,-1.000,0
57.2996,3.01,0.00,0.97,0.11,0.04,7,7,-1.000,0
57.3040,2.99,-0.01,0.95,0.09,0.04,7,7,-1.000,0
57.3084,3.01,0.02,0.96,0.12,0.03,7,7,-1.000,0
57.3123,3.02,0.01,0.92,0.10,0.05,7,7,-1.000,0
57.3164,3.01,-0.02,0.93,0.17,0.07,7,7,-1.000,0
57.3207,2.99,-0.01,0.90,0.08,0.09,7,7,-1.000,0
57.3251,3.05,0.06,0.94,0.15,0.09,7,7,-1.000,0
57.3289,3.02,-0.03,0.91,0.17,0.05,7,7,-1.000,0
57.3331,3.05,0.03,0.99,0.18,0.09,7,7,-1.000,0
57.3373,2.76,-0.30,0.52,0.03,0.57,7,7,-1.000,0
57.3417,2.78,0.02,0.51,0.03,0.03,7,7,-1.000,0
57.3456,2.80,0.02,0.57,0.14,0.13,7,7,-1.000,0
57.3497,2.80,0.00,0.63,0.10,0.07,7,7,-1.000,0
57.3540,2.82,0.02,0.67,0.17,0.09,7,7,-1.000,0
57.3585,2.79,-0.02,0.69,0.05,0.12,7,7,-1.000,0
57.3623,2.74,-0.06,0.77,-0.06,0.14,7,7,-1.000,0
57.3663,2.72,-0.02,1.03,-0.23,0.32,7,7,-1.000,0
57.3707,2.72,-0.00,0.98,-0.23,0.05,7,7,-1.000,0
57.3751,2.66,-0.06,0.86,-0.30,0.15,7,7,-1.000,0
57.3790,2.71,0.05,0.96,-0.24,0.13,7,7,-1.000,0
57.3831,2.75,0.05,1.02,-0.15,0.12,7,7,-1.000,0
57.3873,2.72,-0.04,0.89,-0.24,0.16,7,7,-1.000,0
57.3917,2.66,-0.05,0.74,-0.26,0.17,7,7,-1.000,0
57.3957,2.72,0.06,0.92,-0.19,0.20,7,7,-1.000,0
57.3996,2.76,0.04,1.04,-0.18,0.13,7,7,-1.000,0
57.4041,2.73,-0.03,0.94,-0.27,0.14,7,7,-1.000,0
57.4083,2.73,0.01,1.07,-0.24,0.14,7,7,-1.000,0
57.4122,2.73,-0.01,0.89,-0.25,0.18,7,7,-1.000,0
57.4163,2.69,-0.03,0.79,-0.22,0.11,7,7,-1.000,0
57.4207,2.73,0.04,0.98,-0.21,0.19,7,7,-1.000,0
57.4251,2.76,0.03,1.03,-0.16,0.08,7,7,-1.000,0
57.4289,2.76,-0.01,1.00,-0.17,0.03,7,7,-1.000,0
57.4331,2.75,-0.01,1.02,-0.18,0.02,7,7,-1.000,0
57.4373,2.71,-0.04,0.91,-0.18,0.11,7,7,-1.000,0
57.4417,2.74,0.03,0.93,-0.18,0.03,7,7,-1.000,0
57.4457,2.70,-0.04,0.87,-0.18,0.08,7,7,-1.000,0
57.4496,2.68,-0.02,0.89,-0.24,0.07,7,7,-1.000,0
57.4543,2.69,0.00,0.98,-0.28,0.10,7,7,-1.000,0
57.4586,2.73,0.04,0.86,-0.15,0.17,7,7,-1.000,0
57.4624,2.71,-0.02,0.97,-0.20,0.12,7,7,-1.000,0
57.4664,2.69,-0.02,0.98,-0.26,0.07,7,7,-1.000,0
57.4706,2.71,0.02,1.08,-0.22,0.10,7,7,-1.000,0
57.4750,2.70,-0.01,0.97,-0.23,0.10,7,7,-1.000,0
57.4789,2.70,0.01,0.89,-0.16,0.11,7,7,-1.000,0
57.4832,2.68,-0.02,0.95,-0.22,0.08,7,7,-1.000,0
57.4876,2.69,0.01,1.04,-0.22,0.09,7,7,-1.000,0
57.4917,2.77,0.08,1.06,-0.13,0.12,7,7,-1.000,0
57.4956,2.72,-0.05,1.01,-0.22,0.11,7,7,-1.000,0
57.4997,2.67,-0.05,1.05,-0.28,0.09,7,7,-1.000,0
57.5041,2.65,-0.01,0.96,-0.31,0.10,7,7,-1.000,0
57.5084,2.67,0.02,1.11,-0.31,0.15,7,7,-1.000,0
57.5122,2.64,-0.02,1.06,-0.37,0.08,7,7,-1.000,0
57.5163,2.65,0.00,1.02,-0.35,0.04,7,7,-1.000,0
57.5206,2.70,0.05,1.12,-0.28,0.13,7,7,-1.000,0
57.5250,2.65,-0.04,0.99,-0.34,0.16,7,7,-1.000,0
57.5288,2.69,0.03,1.30,-0.36,0.32,7,7,-1.000,0
57.5330,2.72,0.03,1.35,-0.35,0.06,7,7,-1.000,0
57.5372,2.67,-0.05,1.24,-0.39,0.13,7,7,-1.000,0
57.5417,2.73,0.06,1.40,-0.34,0.18,7,7,-1.000,0
57.5456,2.71,-0.02,1.30,-0.39,0.11,7,7,-1.000,0
57.5496,2.69,-0.02,1.42,-0.49,0.16,7,7,-1.000,0
57.5540,2.70,0.01,1.38,-0.46,0.05,7,7,-1.000,0
57.5584,2.72,0.02,1.31,-0.43,0.08,7,7,-1.000,0
57.5624,2.67,-0.04,1.24,-0.47,0.10,7,7,-1.000,0
57.5665,2.70,0.02,1.24,-0.45,0.03,7,7,-1.000,0
57.5707,2.70,0.01,1.22,-0.47,0.03,7,7,-1.000,0
57.5748,2.66,-0.05,1.28,-0.58,0.14,7,7,-1.000,0
57.5789,2.70,0.04,1.29,-0.49,0.09,7,7,-1.000,0
57.5831,2.69,-0.01,1.26,-0.49,0.03,7,7,-1.000,0
57.5874,2.67,-0.02,1.28,-0.59,0.10,7,7,-1.000,0
57.5918,2.71,0.04,1.25,-0.45,0.15,7,7,-1.000,0
57.5957,2.68,-0.03,1.23,-0.56,0.12,7,7,-1.000,0
57.5997,2.67,-0.01,1.16,-0.51,0.10,7,7,-1.000,0
57.6040,2.67,0.01,1.18,-0.48,0.03,7,7,-1.000,0
57.6085,2.70,0.02,1.15,-0.52,0.05,7,7,-1.000,0
57.6126,2.70,-0.00,1.18,-0.49,0.04,7,7,-1.000,0
57.6165,2.68,-0.01,1.17,-0.55,0.07,7,7,-1.000,0
57.6209,2.70,0.02,1.14,-0.50,0.07,7,7,-1.000,0
57.6251,2.74,0.04,1.06,-0.43,0.11,7,7,-1.000,0
57.6290,2.71,-0.03,0.99,-0.43,0.07,7,7,-1.000,0
57.6331,2.75,0.04,1.01,-0.40,0.05,7,7,-1.000,0
57.6373,2.77,0.02,0.96,-0.34,0.08,7,7,-1.000,0
57.6415,2.82,0.05,0.99,-0.31,0.06,7,7,-1.000,0
57.6456,2.83,0.01,1.00,-0.30,0.02,7,7,-1.000,0
57.6496,2.82,-0.00,0.96,-0.25,0.06,7,7,-1.000,0
57.6540,2.88,0.05,1.03,-0.22,0.09,7,7,-1.000,0
57.6585,2.84,-0.04,1.04,-0.21,0.04,7,7,-1.000,0
57.6623,2.89,0.05,0.98,-0.12,0.12,7,7,-1.000,0
57.6666,2.83,-0.05,1.05,-0.18,0.11,7,7,-1.000,0
57.6708,2.86,0.03,0.97,-0.15,0.10,7,7,-1.000,0
57.6752,2.86,-0.00,0.99,-0.19,0.05,7,7,-1.000,0
57.6791,2.86,-0.00,1.03,-0.21,0.04,7,7,-1.000,0
57.6833,2.88,0.02,1.00,-0.20,0.04,7,7,-1.000,0
57.6875,2.87,-0.01,1.01,-0.24,0.04,7,7,-1.000,0
57.6920,2.86,-0.02,1.01,-0.19,0.06,7,7,-1.000,0
57.6958,2.86,0.01,1.00,-0.23,0.04,7,7,-1.000,0
57.6998,2.85,-0.01,1.08,-0.22,0.08,7,7,-1.000,0
57.7042,2.87,0.02,1.05,-0.17,0.06,7,7,-1.000,0
57.7087,2.87,0.00,1.06,-0.22,0.05,7,7,-1.000,0
57.7126,2.88,0.01,1.08,-0.20,0.03,7,7,-1.000,0
57.7165,2.87,-0.01,1.02,-0.24,0.08,7,7,-1.000,0
57.7209,2.85,-0.02,0.99,-0.20,0.05,7,7,-1.000,0
57.7254,2.92,0.07,1.45,0.01,0.52,7,7,-1.000,0
57.7292,2.94,0.02,1.56,0.10,0.14,7,7,-1.000,0
57.7333,2.99,0.06,1.51,0.09,0.07,7,7,-1.000,0
57.7374,2.96,-0.03,1.58,0.10,0.08,7,7,-1.000,0
57.7420,2.96,-0.00,1.55,0.12,0.03,7,7,-1.000,0
57.7458,2.95,-0.01,1.55,0.09,0.04,7,7,-1.000,0
57.7498,2.97,0.02,1.54,0.02,0.07,7,7,-1.000,0
57.7542,3.00,0.03,1.59,0.11,0.11,7,7,-1.000,0
57.7586,2.96,-0.03,1.59,0.05,0.07,7,7,-1.000,0
57.7625,2.98,0.02,1.48,0.09,0.11,7,7,-1.000,0
57.7665,3.00,0.02,1.57,0.03,0.10,7,7,-1.000,0
57.7708,2.99,-0.01,1.45,0.15,0.17,7,7,-1.000,0
57.7751,2.99,0.01,1.54,0.08,0.12,7,7,-1.000,0
57.7791,2.97,-0.02,1.60,0.09,0.07,7,7,-1.000,0
57.7832,2.96,-0.01,1.53,0.07,0.08,7,7,-1.000,0
57.7874,2.97,0.01,1.53,0.07,0.01,7,7,-1.000,0
57.7920,2.96,-0.01,1.56,0.10,0.04,7,7,-1.000,0
57.7958,2.96,-0.00,1.53,0.07,0.04,7,7,-1.000,0
57.7998,2.99,0.02,1.60,0.07,0.07,7,7,-1.000,0
57.8042,2.97,-0.02,1.55,0.12,0.07,7,7,-1.000,0
57.8083,2.98,0.01,1.55,0.12,0.01,7,7,-1.000,0
57.8125,2.96,-0.01,1.53,0.10,0.02,7,7,-1.000,0
57.8168,2.97,0.01,1.60,0.04,0.09,7,7,-1.000,0
57.8208,2.97,-0.00,1.54,0.03,0.06,7,7,-1.000,0
57.8249,2.96,-0.01,1.52,0.11,0.09,7,7,-1.000,0
57.8292,2.95,-0.01,1.55,0.05,0.07,7,7,-1.000,0
57.8333,2.95,-0.00,1.54,0.07,0.02,7,7,-1.000,0
57.8377,2.95,0.00,1.52,0.14,0.08,7,7,-1.000,0
57.8420,2.97,0.02,1.54,0.11,0.04,7,7,-1.000,0
57.8457,2.96,-0.01,1.50,0.13,0.05,7,7,-1.000,0
57.8498,2.94,-0.02,1.56,0.11,0.07,7,7,-1.000,0
57.8542,2.97,0.03,1.53,0.06,0.07,7,7,-1.000,0
57.8584,2.95,-0.02,1.60,0.07,0.07,7,7,-1.000,0
57.8625,2.98,0.04,1.60,0.08,0.04,7,7,-1.000,0
57.8666,2.98,-0.00,1.56,0.06,0.04,7,7,-1.000,0
57.8709,3.01,0.03,1.60,0.03,0.06,7,7,-1.000,0
57.8752,2.95,-0.07,1.56,0.04,0.08,7,7,-1.000,0
57.8792,2.95,0.01,1.57,0.06,0.02,7,7,-1.000,0
57.8833,2.96,0.01,1.57,0.10,0.05,7,7,-1.000,0
57.8876,2.98,0.02,1.53,0.12,0.05,7,7,-1.000,0
57.8919,2.94,-0.04,1.55,0.09,0.06,7,7,-1.000,0
57.8959,2.94,-0.00,1.61,0.08,0.07,7,7,-1.000,0
57.8998,2.91,-0.03,1.89,-0.39,0.54,7,7,-1.000,0
57.9042,2.85,-0.06,2.03,-0.50,0.19,7,7,-1.000,0
57.9086,2.89,0.04,1.81,-0.25,0.34,7,7,-1.000,0
57.9124,2.88,-0.01,1.90,-0.32,0.11,7,7,-1.000,0
57.9166,2.89,0.02,1.94,-0.48,0.16,7,7,-1.000,0
57.9208,2.85,-0.04,2.14,-0.60,0.23,7,7,-1.000,0
57.9252,2.79,-0.07,2.18,-0.72,0.15,7,7,-1.000,0
57.9290,2.81,0.03,2.24,-0.81,0.12,7,7,-1.000,0
57.9332,2.77,-0.04,2.19,-0.68,0.15,7,7,-1.000,0
57.9375,2.77,-0.00,2.26,-0.77,0.12,7,7,-1.000,0
57.9420,2.77,-0.00,2.17,-0.72,0.10,7,7,-1.000,0
57.9458,2.77,-0.00,2.19,-0.73,0.02,7,7,-1.000,0
57.9498,2.79,0.02,2.20,-0.73,0.03,7,7,-1.000,0
57.9541,2.78,-0.02,2.19,-0.76,0.04,7,7,-1.000,0
57.9586,2.78,-0.00,2.20,-0.75,0.01,7,7,-1.000,0
57.9625,2.77,-0.01,2.18,-0.72,0.04,7,7,-1.000,0
57.9666,2.79,0.02,2.21,-0.74,0.04,7,7,-1.000,0
57.9708,2.78,-0.01,2.15,-0.68,0.08,7,7,-1.000,0
57.9753,2.80,0.01,2.15,-0.77,0.09,7,7,-1.000,0
57.9791,2.80,0.01,2.16,-0.74,0.03,7,7,-1.000,0
57.9833,2.81,0.00,2.06,-0.69,0.11,7,7,-1.000,0
57.9875,2.82,0.01,2.01,-0.61,0.10,7,7,-1.000,0
57.9920,2.82,-0.00,2.03,-0.65,0.04,7,7,-1.000,0
57.9959,2.82,0.01,2.00,-0.59,0.06,7,7,-1.000,0
57.9999,2.79,-0.03,2.04,-0.60,0.06,7,7,-1.000,0
58.0041,2.79,-0.00,2.06,-0.62,0.02,7,7,-1.000,0
58.0086,2.80,0.02,1.87,-0.53,0.21,7,7,-1.000,0
58.0125,2.87,0.07,1.62,-0.18,0.43,7,7,-1.000,0
58.0166,2.84,-0.03,1.44,-0.04,0.23,7,7,-1.000,0
58.0209,2.83,-0.01,1.46,0.02,0.06,7,7,-1.000,0
58.0254,2.86,0.03,1.42,0.03,0.05,7,7,-1.000,0
58.0291,2.81,-0.04,1.41,0.01,0.05,7,7,-1.000,0
58.0333,2.81,-0.01,1.41,0.03,0.02,7,7,-1.000,0
58.0375,2.86,0.05,1.46,0.04,0.07,7,7,-1.000,0
58.0420,2.80,-0.05,1.45,-0.00,0.07,7,7,-1.000,0
58.0458,2.82,0.02,1.42,0.04,0.06,7,7,-1.000,0
58.0498,2.84,0.02,1.41,0.07,0.04,7,7,-1.000,0
58.0542,2.86,0.02,1.40,0.02,0.06,7,7,-1.000,0
58.0588,2.82,-0.04,1.39,0.06,0.06,7,7,-1.000,0
58.0625,2.84,0.02,1.38,0.09,0.03,7,7,-1.000,0
58.0666,2.83,-0.01,1.34,0.04,0.06,7,7,-1.000,0
58.0708,2.85,0.02,1.34,0.07,0.04,7,7,-1.000,0
58.0749,2.84,-0.01,1.43,0.07,0.08,7,7,-1.000,0
58.0790,2.84,-0.01,1.37,0.01,0.08,7,7,-1.000,0
58.0832,2.81,-0.02,1.41,0.05,0.06,7,7,-1.000,0
58.0875,2.84,0.03,1.41,0.01,0.05,7,7,-1.000,0
58.0919,2.88,0.04,1.46,-0.03,0.08,7,7,-1.000,0
58.0958,2.85,-0.03,1.41,0.01,0.08,7,7,-1.000,0
58.0998,2.85,-0.00,1.43,-0.00,0.03,7,7,-1.000,0
58.1063,2.83,-0.02,1.40,0.08,0.09,7,7,-1.000,0
58.1102,2.87,0.04,1.40,0.02,0.07,7,7,-1.000,0
58.1135,2.83,-0.04,1.45,0.05,0.07,7,7,-1.000,0
58.1175,2.85,0.02,1.42,-0.00,0.06,7,7,-1.000,0
58.1228,2.86,0.01,1.39,0.02,0.04,7,7,-1.000,0
58.1263,2.82,-0.03,1.39,0.05,0.04,7,7,-1.000,0
58.1303,2.84,0.01,1.32,0.08,0.08,7,7,-1.000,0
58.1343,2.85,0.02,1.48,0.03,0.17,7,7,-1.000,0
58.1396,2.83,-0.03,1.44,0.04,0.05,7,7,-1.000,0
58.1435,2.83,0.01,1.37,0.02,0.07,7,7,-1.000,0
58.1479,2.83,-0.01,1.44,0.03,0.06,7,7,-1.000,0
58.1524,2.81,-0.02,1.44,0.01,0.03,7,7,-1.000,0
58.1565,2.85,0.04,1.39,0.03,0.07,7,7,-1.000,0
58.1606,2.83,-0.02,1.47,-0.00,0.09,7,7,-1.000,0
58.1645,2.87,0.04,1.49,-0.02,0.05,7,7,-1.000,0
58.1683,2.86,-0.01,1.41,0.03,0.10,7,7,-1.000,0
58.1727,2.85,-0.01,1.44,0.05,0.04,7,7,-1.000,0
58.1772,2.83,-0.02,1.45,0.04,0.02,7,7,-1.000,0
58.1799,2.79,-0.04,1.45,0.03,0.04,7,7,-1.000,0
58.1838,2.86,0.07,1.42,0.06,0.09,7,7,-1.000,0
58.1880,2.85,-0.01,1.46,0.02,0.06,7,7,-1.000,0
58.1920,2.85,-0.00,1.41,0.03,0.05,7,7,-1.000,0
58.1960,2.83,-0.02,1.41,0.09,0.07,7,7,-1.000,0
58.1999,2.83,0.00,1.47,0.01,0.10,7,7,-1.000,0
58.2042,2.85,0.02,1.39,0.03,0.08,7,7,-1.000,0
58.2086,2.83,-0.02,1.40,0.08,0.06,7,7,-1.000,0
58.2125,2.82,-0.02,1.43,0.06,0.04,7,7,-1.000,0
58.2166,2.86,0.04,1.43,-0.02,0.08,7,7,-1.000,0
58.2208,2.85,-0.00,1.40,0.10,0.12,7,7,-1.000,0
58.2252,2.83,-0.02,1.44,0.06,0.05,7,7,-1.000,0
58.2291,2.86,0.02,1.42,0.04,0.04,7,7,-1.000,0
58.2332,2.87,0.02,1.41,0.04,0.02,7,7,-1.000,0
58.2375,2.81,-0.06,1.39,0.05,0.07,7,7,-1.000,0
58.2420,2.82,0.01,1.45,0.01,0.07,7,7,-1.000,0
58.2458,2.86,0.04,1.41,0.04,0.06,7,7,-1.000,0
58.2500,2.83,-0.03,1.47,0.00,0.07,7,7,-1.000,0
58.2546,2.81,-0.02,1.46,-0.01,0.02,7,7,-1.000,0
58.2590,2.85,0.03,1.50,-0.01,0.05,7,7,-1.000,0
58.2626,2.81,-0.04,1.47,0.01,0.05,7,7,-1.000,0
58.2666,2.84,0.03,1.40,0.07,0.10,7,7,-1.000,0
58.2709,2.84,0.00,1.38,0.10,0.03,7,7,-1.000,0
58.2753,2.84,-0.00,1.37,0.04,0.06,7,7,-1.000,0
58.2790,2.86,0.02,1.37,0.11,0.07,7,7,-1.000,0
58.2832,2.85,-0.01,1.36,0.05,0.07,7,7,-1.000,0
58.2874,2.85,0.00,1.40,0.10,0.07,7,7,-1.000,0
58.2919,2.83,-0.02,1.34,0.14,0.07,7,7,-1.000,0
58.2959,2.86,0.02,1.37,0.11,0.05,7,7,-1.000,0
58.2998,2.86,0.00,1.36,0.13,0.02,7,7,-1.000,0
58.3042,2.84,-0.02,1.27,0.20,0.12,7,7,-1.000,0
58.3086,2.85,0.01,1.34,0.13,0.10,7,7,-1.000,0
58.3124,2.87,0.02,1.35,0.09,0.05,7,7,-1.000,0
58.3164,2.85,-0.02,1.33,0.13,0.05,7,7,-1.000,0
58.3209,2.87,0.02,1.31,0.13,0.03,7,7,-1.000,0
58.3251,2.85,-0.02,1.24,0.23,0.13,7,7,-1.000,0
58.3290,2.84,-0.01,1.33,0.15,0.12,7,7,-1.000,0
58.3332,2.90,0.06,1.36,0.20,0.09,7,7,-1.000,0
58.3374,2.88,-0.02,1.36,0.08,0.12,7,7,-1.000,0
58.3418,2.85,-0.03,1.33,0.17,0.10,7,7,-1.000,0
58.3457,2.85,0.00,1.26,0.23,0.08,7,7,-1.000,0
58.3498,2.83,-0.02,1.26,0.20,0.03,7,7,-1.000,0
58.3541,2.92,0.08,1.27,0.20,0.08,7,7,-1.000,0
58.3584,2.85,-0.07,1.31,0.17,0.09,7,7,-1.000,0
58.3624,2.86,0.01,1.23,0.19,0.09,7,7,-1.000,0
58.3664,2.89,0.03,1.33,0.12,0.13,7,7,-1.000,0
58.3707,2.86,-0.03,1.30,0.13,0.05,7,7,-1.000,0
58.3751,2.86,0.00,1.33,0.17,0.05,7,7,-1.000,0
58.3789,2.86,-0.00,1.28,0.22,0.07,7,7,-1.000,0
58.3830,2.85,-0.01,1.29,0.15,0.07,7,7,-1.000,0
58.3872,2.85,0.00,1.27,0.22,0.07,7,7,-1.000,0
58.3917,2.86,0.01,1.30,0.17,0.05,7,7,-1.000,0
58.3956,2.83,-0.03,1.40,0.09,0.13,7,7,-1.000,0
58.3996,2.85,0.02,1.42,0.02,0.08,7,7,-1.000,0
58.4040,2.83,-0.01,1.41,0.02,0.01,7,7,-1.000,0
58.4083,2.82,-0.01,1.45,0.01,0.04,7,7,-1.000,0
58.4122,2.81,-0.01,1.43,0.02,0.02,7,7,-1.000,0
58.4163,2.85,0.04,1.44,0.06,0.06,7,7,-1.000,0
58.4206,2.85,0.01,1.46,0.02,0.04,7,7,-1.000,0
58.4251,2.81,-0.04,1.40,0.02,0.07,7,7,-1.000,0
58.4289,2.83,0.02,1.45,-0.00,0.05,7,7,-1.000,0
58.4331,2.82,-0.00,1.41,0.06,0.08,7,7,-1.000,0
58.4373,2.83,0.01,1.35,0.09,0.06,7,7,-1.000,0
58.4417,2.84,0.00,1.41,-0.01,0.12,7,7,-1.000,0
58.4456,2.83,-0.01,1.44,0.02,0.04,7,7,-1.000,0
58.4496,2.83,0.01,1.43,0.03,0.02,7,7,-1.000,0
58.4540,2.88,0.05,1.51,-0.04,0.11,7,7,-1.000,0
58.4590,2.81,-0.07,1.45,0.01,0.10,7,7,-1.000,0
58.4623,2.82,0.01,1.41,0.02,0.05,7,7,-1.000,0
58.4664,2.84,0.02,1.44,0.05,0.04,7,7,-1.000,0
58.4707,2.83,-0.01,1.44,0.05,0.01,7,7,-1.000,0
58.4751,2.84,0.01,1.39,0.11,0.08,7,7,-1.000,0
58.4789,2.83,-0.01,1.41,0.04,0.07,7,7,-1.000,0
58.4831,2.84,0.01,1.42,0.05,0.02,7,7,-1.000,0
58.4873,2.86,0.02,1.45,0.04,0.04,7,7,-1.000,0
58.4918,2.86,0.00,1.40,0.10,0.08,7,7,-1.000,0
58.4957,2.84,-0.02,1.42,0.10,0.03,7,7,-1.000,0
58.4997,2.87,0.02,1.40,0.09,0.03,7,7,-1.000,0
58.5040,2.79,-0.07,1.42,0.02,0.10,7,7,-1.000,0
58.5083,2.84,0.04,1.47,0.02,0.06,7,7,-1.000,0
58.5123,2.81,-0.02,1.47,0.01,0.03,7,7,-1.000,0
58.5163,2.81,-0.00,1.45,0.02,0.03,7,7,-1.000,0
58.5208,2.81,-0.00,1.46,-0.01,0.03,7,7,-1.000,0
58.5251,2.83,0.02,1.40,0.08,0.11,7,7,-1.000,0
58.5289,2.86,0.03,1.42,0.00,0.08,7,7,-1.000,0
58.5331,2.81,-0.05,1.40,0.05,0.07,7,7,-1.000,0
58.5373,2.84,0.03,1.38,0.06,0.04,7,7,-1.000,0
58.5417,2.84,-0.00,1.42,0.01,0.07,7,7,-1.000,0
58.5458,2.83,-0.01,1.39,0.07,0.07,7,7,-1.000,0
58.5498,2.83,-0.00,1.44,0.06,0.06,7,7,-1.000,0
58.5542,2.84,0.01,1.40,0.06,0.05,7,7,-1.000,0
58.5585,2.82,-0.02,1.38,0.09,0.04,7,7,-1.000,0
58.5624,2.84,0.02,1.39,0.02,0.07,7,7,-1.000,0
58.5665,2.85,0.01,1.45,0.03,0.06,7,7,-1.000,0
58.5708,2.81,-0.04,1.43,0.04,0.05,7,7,-1.000,0
58.5753,2.83,0.02,1.39,0.05,0.05,7,7,-1.000,0
58.5790,2.86,0.03,1.44,0.02,0.07,7,7,-1.000,0
58.5831,2.84,-0.02,1.42,-0.02,0.04,7,7,-1.000,0
58.5874,2.86,0.02,1.40,0.00,0.03,7,7,-1.000,0
58.5918,2.80,-0.06,1.41,0.00,0.06,7,7,-1.000,0
58.5958,2.81,0.01,1.43,0.00,0.02,7,7,-1.000,0
58.5998,2.84,0.03,1.48,0.00,0.05,7,7,-1.000,0
58.6042,2.83,-0.01,1.44,0.07,0.08,7,7,-1.000,0
58.6085,2.83,-0.00,1.46,0.03,0.05,7,7,-1.000,0
58.6124,2.84,0.01,1.39,-0.00,0.08,7,7,-1.000,0
58.6165,2.82,-0.02,1.40,0.06,0.07,7,7,-1.000,0
58.6209,2.83,0.01,1.45,0.02,0.06,7,7,-1.000,0
58.6251,2.85,0.02,1.42,0.04,0.04,7,7,-1.000,0
58.6290,2.83,-0.02,1.43,0.05,0.03,7,7,-1.000,0
58.6333,2.86,0.03,1.39,0.06,0.05,7,7,-1.000,0
58.6375,2.82,-0.03,1.41,0.03,0.04,7,7,-1.000,0
58.6419,2.86,0.04,1.35,0.08,0.08,7,7,-1.000,0
58.6458,2.87,0.00,1.38,0.13,0.06,7,7,-1.000,0
58.6498,2.84,-0.03,1.34,0.14,0.04,7,7,-1.000,0
58.6542,2.85,0.01,1.39,0.07,0.09,7,7,-1.000,0
58.6585,2.86,0.00,1.32,0.18,0.13,7,7,-1.000,0
58.6624,2.87,0.01,1.31,0.21,0.03,7,7,-1.000,0
58.6665,2.85,-0.01,1.31,0.15,0.06,7,7,-1.000,0
58.6708,2.85,0.00,1.29,0.19,0.05,7,7,-1.000,0
58.6752,2.89,0.04,1.24,0.23,0.07,7,7,-1.000,0
58.6791,2.89,0.00,1.22,0.31,0.09,7,7,-1.000,0
58.6833,2.89,-0.01,1.16,0.34,0.07,7,7,-1.000,0
58.6875,2.89,0.00,1.12,0.43,0.09,7,7,-1.000,0
58.6920,2.90,0.01,1.10,0.37,0.06,7,7,-1.000,0
58.6959,2.93,0.03,1.16,0.39,0.07,7,7,-1.000,0
58.6998,2.91,-0.03,1.09,0.37,0.08,7,7,-1.000,0
58.7042,2.98,0.07,1.13,0.29,0.12,7,7,-1.000,0
58.7086,2.92,-0.06,1.15,0.22,0.10,7,7,-1.000,0
58.7126,2.91,-0.01,1.11,0.19,0.05,7,7,-1.000,0
58.7165,2.90,-0.01,1.09,0.10,0.09,7,7,-1.000,0
58.7209,2.88,-0.02,1.08,0.01,0.09,7,7,-1.000,0
58.7253,2.86,-0.02,1.08,-0.07,0.08,7,7,-1.000,0
58.7291,2.87,0.01,1.09,-0.09,0.03,7,7,-1.000,0
58.7334,2.86,-0.01,1.05,-0.14,0.06,7,7,-1.000,0
58.7375,2.85,-0.00,1.11,-0.14,0.05,7,7,-1.000,0
58.7418,2.89,0.04,1.04,-0.17,0.08,7,7,-1.000,0
58.7459,2.89,-0.01,1.06,-0.23,0.07,7,7,-1.000,0
58.7499,2.86,-0.03,1.03,-0.20,0.05,7,7,-1.000,0
58.7542,2.85,-0.01,1.03,-0.20,0.01,7,7,-1.000,0
58.7586,2.87,0.01,1.06,-0.19,0.03,7,7,-1.000,0
58.7625,2.86,-0.01,1.01,-0.16,0.06,7,7,-1.000,0
58.7666,2.87,0.01,1.03,-0.16,0.02,7,7,-1.000,0
58.7710,2.83,-0.04,1.00,-0.22,0.07,7,7,-1.000,0
58.7752,2.85,0.02,1.02,-0.16,0.06,7,7,-1.000,0
58.7792,2.86,0.01,1.02,-0.12,0.04,7,7,-1.000,0
58.7832,2.86,0.00,0.95,-0.12,0.06,7,7,-1.000,0
58.7875,2.84,-0.01,1.04,-0.21,0.12,7,7,-1.000,0
58.7921,2.86,0.02,1.06,-0.22,0.03,7,7,-1.000,0
58.7959,2.84,-0.02,1.01,-0.21,0.06,7,7,-1.000,0
58.7998,2.86,0.02,1.04,-0.20,0.03,7,7,-1.000,0
58.8042,2.88,0.02,1.05,-0.21,0.03,7,7,-1.000,0
58.8083,2.88,0.00,1.03,-0.23,0.03,7,7,-1.000,0
58.8127,2.84,-0.04,1.00,-0.18,0.07,7,7,-1.000,0
58.8169,2.87,0.03,1.09,-0.17,0.09,7,7,-1.000,0
58.8210,2.85,-0.02,1.10,-0.27,0.10,7,7,-1.000,0
58.8250,2.85,0.01,1.05,-0.20,0.09,7,7,-1.000,0
58.8292,2.85,-0.00,1.06,-0.19,0.01,7,7,-1.000,0
58.8333,2.83,-0.02,1.07,-0.20,0.03,7,7,-1.000,0
58.8375,2.87,0.03,1.03,-0.19,0.06,7,7,-1.000,0
58.8420,2.85,-0.02,1.04,-0.22,0.04,7,7,-1.000,0
58.8459,2.84,-0.01,1.06,-0.25,0.03,7,7,-1.000,0
58.8498,2.84,-0.00,1.04,-0.20,0.05,7,7,-1.000,0
58.8542,2.83,-0.02,1.05,-0.22,0.02,7,7,-1.000,0
58.8584,2.85,0.02,1.09,-0.24,0.05,7,7,-1.000,0
58.8624,2.84,-0.01,1.02,-0.20,0.08,7,7,-1.000,0
58.8665,2.84,0.00,1.04,-0.22,0.03,7,7,-1.000,0
58.8710,2.85,0.00,1.07,-0.24,0.04,7,7,-1.000,0
58.8753,2.87,0.02,1.05,-0.20,0.05,7,7,-1.000,0
58.8791,2.87,0.01,1.09,-0.19,0.04,7,7,-1.000,0
58.8833,2.86,-0.01,1.10,-0.23,0.04,7,7,-1.000,0
58.8874,2.84,-0.02,1.01,-0.18,0.10,7,7,-1.000,0
58.8917,2.85,0.00,0.95,-0.16,0.06,7,7,-1.000,0
58.8956,2.85,0.01,1.02,-0.20,0.08,7,7,-1.000,0
58.8998,2.84,-0.01,1.00,-0.17,0.04,7,7,-1.000,0
58.9041,2.88,0.04,1.05,-0.20,0.07,7,7,-1.000,0
58.9085,2.84,-0.04,0.98,-0.13,0.10,7,7,-1.000,0
58.9125,2.87,0.03,1.02,-0.13,0.05,7,7,-1.000,0
58.9165,2.85,-0.02,0.93,-0.08,0.10,7,7,-1.000,0
58.9209,2.87,0.01,0.96,-0.11,0.05,7,7,-1.000,0
58.9248,2.86,-0.01,1.05,-0.17,0.11,7,7,-1.000,0
58.9289,2.86,0.01,1.02,-0.14,0.05,7,7,-1.000,0
58.9330,2.88,0.01,1.10,-0.22,0.12,7,7,-1.000,0
58.9372,2.83,-0.05,1.02,-0.18,0.10,7,7,-1.000,0
58.9418,2.87,0.04,1.05,-0.17,0.05,7,7,-1.000,0
58.9457,2.85,-0.02,1.07,-0.21,0.04,7,7,-1.000,0
58.9498,2.84,-0.01,1.04,-0.17,0.05,7,7,-1.000,0
58.9544,2.87,0.03,1.07,-0.20,0.05,7,7,-1.000,0
58.9585,2.88,0.01,1.06,-0.20,0.02,7,7,-1.000,0
58.9625,2.84,-0.03,1.06,-0.23,0.05,7,7,-1.000,0
58.9667,2.87,0.03,1.04,-0.26,0.05,7,7,-1.000,0
58.9709,2.86,-0.01,1.05,-0.24,0.03,7,7,-1.000,0
58.9752,2.85,-0.01,1.05,-0.24,0.01,7,7,-1.000,0
58.9792,2.87,0.02,1.08,-0.21,0.05,7,7,-1.000,0
58.9832,2.87,0.00,0.97,-0.20,0.11,7,7,-1.000,0
58.9874,2.89,0.01,1.23,-0.11,0.28,7,7,-1.000,0
58.9918,2.83,-0.05,0.99,-0.22,0.27,7,7,-1.000,0
58.9958,2.85,0.02,1.04,-0.19,0.06,7,7,-1.000,0
58.9998,2.85,-0.00,1.04,-0.18,0.01,7,7,-1.000,0
59.0041,2.84,-0.00,1.03,-0.21,0.03,7,7,-1.000,0
59.0084,2.84,-0.00,1.02,-0.20,0.01,7,7,-1.000,0
59.0124,2.84,-0.00,0.95,-0.22,0.07,7,7,-1.000,0
59.0164,2.84,0.00,1.06,-0.22,0.10,7,7,-1.000,0
59.0207,2.86,0.02,1.04,-0.20,0.04,7,7,-1.000,0
59.0251,2.91,0.05,1.22,-0.16,0.19,7,7,-1.000,0
59.0289,2.85,-0.06,1.05,-0.22,0.19,7,7,-1.000,0
59.0333,2.85,0.01,1.03,-0.20,0.02,7,7,-1.000,0
59.0374,2.84,-0.01,1.05,-0.21,0.02,7,7,-1.000,0
59.0419,2.84,-0.01,1.04,-0.16,0.04,7,7,-1.000,0
59.0458,2.88,0.04,0.99,-0.23,0.09,7,7,-1.000,0
59.0498,2.88,0.00,1.01,-0.20,0.03,7,7,-1.000,0
59.0541,2.87,-0.01,1.10,-0.22,0.09,7,7,-1.000,0
59.0585,2.85,-0.02,1.08,-0.21,0.02,7,7,-1.000,0
59.0624,2.86,0.01,1.04,-0.21,0.04,7,7,-1.000,0
59.0664,2.89,0.02,1.22,-0.13,0.19,7,7,-1.000,0
59.0708,2.84,-0.05,1.04,-0.19,0.19,7,7,-1.000,0
59.0752,2.87,0.03,1.06,-0.15,0.05,7,7,-1.000,0
59.0791,2.85,-0.02,1.04,-0.16,0.03,7,7,-1.000,0
59.0832,2.86,0.01,0.98,-0.22,0.09,7,7,-1.000,0
59.0873,2.88,0.02,1.01,-0.20,0.04,7,7,-1.000,0
59.0918,2.85,-0.03,1.03,-0.21,0.04,7,7,-1.000,0
59.0957,2.84,-0.00,1.00,-0.20,0.03,7,7,-1.000,0
59.0997,2.86,0.01,1.08,-0.23,0.09,7,7,-1.000,0
59.1066,2.83,-0.02,1.06,-0.23,0.03,7,7,-1.000,0
59.1106,2.82,-0.01,1.08,-0.22,0.03,7,7,-1.000,0
59.1145,2.85,0.02,1.05,-0.18,0.06,7,7,-1.000,0
59.1184,2.85,0.00,1.07,-0.22,0.05,7,7,-1.000,0
59.1231,2.90,0.05,1.10,-0.19,0.06,7,7,-1.000,0
59.1274,2.86,-0.04,1.09,-0.24,0.06,7,7,-1.000,0
59.1313,2.84,-0.02,1.02,-0.19,0.08,7,7,-1.000,0
59.1355,2.84,-0.00,1.03,-0.22,0.02,7,7,-1.000,0
59.1394,2.86,0.02,1.08,-0.16,0.07,7,7,-1.000,0
59.1435,2.87,0.01,1.01,-0.19,0.07,7,7,-1.000,0
59.1477,2.81,-0.06,1.03,-0.21,0.06,7,7,-1.000,0
59.1519,2.86,0.05,1.08,-0.21,0.07,7,7,-1.000,0
59.1567,2.86,0.00,1.04,-0.22,0.05,7,7,-1.000,0
59.1603,2.84,-0.02,1.07,-0.25,0.05,7,7,-1.000,0
59.1650,2.86,0.02,1.07,-0.20,0.06,7,7,-1.000,0
59.1691,2.83,-0.03,1.05,-0.23,0.05,7,7,-1.000,0
59.1729,2.87,0.04,1.09,-0.16,0.09,7,7,-1.000,0
59.1768,2.85,-0.02,1.05,-0.17,0.05,7,7,-1.000,0
59.1793,2.85,-0.01,1.01,-0.19,0.05,7,7,-1.000,0
59.1835,2.86,0.02,1.08,-0.21,0.08,7,7,-1.000,0
59.1877,2.86,-0.00,1.07,-0.15,0.07,7,7,-1.000,0
59.1915,2.89,0.03,1.03,-0.24,0.10,7,7,-1.000,0
59.1960,2.85,-0.04,1.07,-0.20,0.07,7,7,-1.000,0
59.1999,2.87,0.02,1.05,-0.19,0.03,7,7,-1.000,0
59.2043,2.84,-0.03,1.05,-0.21,0.04,7,7,-1.000,0
59.2084,2.83,-0.01,1.09,-0.25,0.05,7,7,-1.000,0
59.2123,2.84,0.01,1.06,-0.21,0.04,7,7,-1.000,0
59.2167,2.86,0.02,1.05,-0.18,0.04,7,7,-1.000,0
59.2207,2.85,-0.01,1.03,-0.18,0.02,7,7,-1.000,0
59.2250,2.86,0.01,1.08,-0.21,0.06,7,7,-1.000,0
59.2291,2.87,0.01,1.00,-0.22,0.08,7,7,-1.000,0
59.2332,2.86,-0.00,1.07,-0.22,0.07,7,7,-1.000,0
59.2374,2.85,-0.02,1.06,-0.20,0.02,7,7,-1.000,0
59.2418,2.87,0.02,1.06,-0.18,0.03,7,7,-1.000,0
59.2457,2.85,-0.02,1.11,-0.20,0.05,7,7,-1.000,0
59.2497,2.88,0.03,1.21,-0.06,0.18,7,7,-1.000,0
59.2541,2.85,-0.04,1.07,-0.21,0.21,7,7,-1.000,0
59.2585,2.83,-0.01,1.08,-0.23,0.02,7,7,-1.000,0
59.2623,2.86,0.02,1.05,-0.18,0.06,7,7,-1.000,0
59.2664,2.85,-0.00,1.08,-0.21,0.05,7,7,-1.000,0
59.2710,2.86,0.00,1.07,-0.17,0.05,7,7,-1.000,0
59.2757,2.86,0.01,1.01,-0.23,0.09,7,7,-1.000,0
59.2797,2.85,-0.02,0.98,-0.18,0.06,7,7,-1.000,0
59.2833,2.85,0.00,1.04,-0.21,0.07,7,7,-1.000,0
59.2875,2.85,-0.00,1.11,-0.19,0.07,7,7,-1.000,0
59.2917,2.86,0.01,1.09,-0.19,0.02,7,7,-1.000,0
59.2957,2.83,-0.02,1.05,-0.19,0.05,7,7,-1.000,0
59.2998,2.87,0.03,1.01,-0.23,0.07,7,7,-1.000,0
59.3043,2.87,0.01,0.98,-0.23,0.03,7,7,-1.000,0
59.3086,2.84,-0.03,1.01,-0.20,0.05,7,7,-1.000,0
59.3125,2.82,-0.02,1.10,-0.22,0.09,7,7,-1.000,0
59.3166,2.85,0.03,1.12,-0.21,0.04,7,7,-1.000,0
59.3209,2.86,0.01,1.03,-0.20,0.10,7,7,-1.000,0
59.3252,2.85,-0.00,1.06,-0.21,0.04,7,7,-1.000,0
59.3291,2.88,0.02,1.06,-0.22,0.03,7,7,-1.000,0
59.3333,2.84,-0.03,1.04,-0.18,0.05,7,7,-1.000,0
59.3375,2.84,-0.00,1.06,-0.19,0.02,7,7,-1.000,0
59.3419,2.86,0.02,1.06,-0.15,0.04,7,7,-1.000,0
59.3459,2.84,-0.02,1.09,-0.23,0.09,7,7,-1.000,0
59.3499,2.85,0.01,1.06,-0.15,0.09,7,7,-1.000,0
59.3542,2.87,0.02,1.01,-0.21,0.08,7,7,-1.000,0
59.3585,2.84,-0.03,1.10,-0.25,0.10,7,7,-1.000,0
59.3625,2.87,0.03,1.09,-0.16,0.09,7,7,-1.000,0
59.3666,2.84,-0.02,1.07,-0.18,0.03,7,7,-1.000,0
59.3708,2.86,0.01,1.10,-0.23,0.06,7,7,-1.000,0
59.3752,2.84,-0.01,1.05,-0.22,0.05,7,7,-1.000,0
59.3792,2.83,-0.01,1.06,-0.22,0.02,7,7,-1.000,0
59.3833,2.85,0.02,1.12,-0.19,0.07,7,7,-1.000,0
59.3876,2.84,-0.01,1.07,-0.17,0.06,7,7,-1.000,0
59.3919,2.86,0.02,1.10,-0.20,0.04,7,7,-1.000,0
59.3958,2.83,-0.02,1.07,-0.23,0.05,7,7,-1.000,0
59.3999,2.86,0.03,1.11,-0.22,0.05,7,7,-1.000,0
59.4042,2.85,-0.02,1.06,-0.23,0.05,7,7,-1.000,0
59.4085,2.85,0.00,1.10,-0.18,0.06,7,7,-1.000,0
59.4126,2.83,-0.02,1.06,-0.22,0.06,7,7,-1.000,0
59.4166,2.89,0.06,1.04,-0.19,0.07,7,7,-1.000,0
59.4209,2.86,-0.04,1.09,-0.23,0.07,7,7,-1.000,0
59.4254,2.86,0.00,1.04,-0.18,0.07,7,7,-1.000,0
59.4293,2.85,-0.01,1.08,-0.24,0.08,7,7,-1.000,0
59.4333,2.88,0.03,1.04,-0.23,0.05,7,7,-1.000,0
59.4374,2.87,-0.01,1.09,-0.20,0.05,7,7,-1.000,0
59.4418,2.88,0.01,1.08,-0.24,0.04,7,7,-1.000,0
59.4459,2.86,-0.03,1.02,-0.15,0.11,7,7,-1.000,0
59.4497,2.84,-0.01,1.05,-0.22,0.07,7,7,-1.000,0
59.4543,2.85,0.01,1.04,-0.17,0.05,7,7,-1.000,0
59.4587,2.86,0.00,1.00,-0.16,0.04,7,7,-1.000,0
59.4627,2.85,-0.01,1.07,-0.15,0.07,7,7,-1.000,0
59.4667,2.85,-0.01,0.95,-0.13,0.12,7,7,-1.000,0
59.4708,2.87,0.02,1.03,-0.13,0.07,7,7,-1.000,0
59.4753,2.84,-0.02,1.00,-0.13,0.03,7,7,-1.000,0
59.4795,2.85,0.01,1.05,-0.13,0.05,7,7,-1.000,0
59.4833,2.85,-0.00,1.01,-0.15,0.04,7,7,-1.000,0
59.4875,2.85,0.00,1.00,-0.11,0.04,7,7,-1.000,0
59.4921,2.84,-0.01,0.97,-0.14,0.04,7,7,-1.000,0
59.4959,2.85,0.01,1.00,-0.07,0.08,7,7,-1.000,0
59.4999,2.88,0.03,0.98,-0.09,0.04,7,7,-1.000,0
59.5042,2.84,-0.03,1.03,-0.15,0.08,7,7,-1.000,0
59.5086,2.85,0.01,0.96,-0.09,0.09,7,7,-1.000,0
59.5125,2.86,0.01,0.99,-0.18,0.10,7,7,-1.000,0
59.5165,2.87,0.01,0.97,-0.17,0.03,7,7,-1.000,0
59.5208,2.85,-0.02,1.00,-0.14,0.05,7,7,-1.000,0
59.5251,2.85,-0.01,0.94,-0.09,0.08,7,7,-1.000,0
59.5291,2.83,-0.01,0.96,-0.12,0.04,7,7,-1.000,0
59.5331,2.89,0.06,0.96,-0.04,0.10,7,7,-1.000,0
59.5373,2.85,-0.04,0.98,-0.11,0.09,7,7,-1.000,0
59.5419,2.86,0.01,0.98,-0.06,0.05,7,7,-1.000,0
59.5457,2.84,-0.02,1.04,-0.18,0.13,7,7,-1.000,0
59.5496,2.86,0.02,0.94,-0.03,0.18,7,7,-1.000,0
59.5540,2.85,-0.01,1.01,-0.10,0.10,7,7,-1.000,0
59.5584,2.85,-0.00,0.98,-0.11,0.03,7,7,-1.000,0
59.5624,2.88,0.03,0.98,-0.18,0.07,7,7,-1.000,0
59.5664,2.87,-0.01,1.04,-0.08,0.11,7,7,-1.000,0
59.5708,2.84,-0.03,0.86,-0.02,0.20,7,7,-1.000,0
59.5752,2.89,0.05,0.96,-0.07,0.13,7,7,-1.000,0
59.5789,2.86,-0.03,0.96,-0.09,0.04,7,7,-1.000,0
59.5831,2.85,-0.01,1.01,-0.10,0.05,7,7,-1.000,0
59.5874,2.86,0.02,0.97,-0.16,0.07,7,7,-1.000,0
59.5918,2.85,-0.01,1.05,-0.10,0.10,7,7,-1.000,0
59.5957,2.85,-0.00,1.01,-0.14,0.06,7,7,-1.000,0
59.5997,2.86,0.01,0.90,-0.12,0.12,7,7,-1.000,0
59.6041,2.87,0.01,0.99,-0.14,0.09,7,7,-1.000,0
59.6085,2.85,-0.02,0.99,-0.11,0.03,7,7,-1.000,0
59.6123,2.85,0.00,0.99,-0.09,0.02,7,7,-1.000,0
59.6164,2.87,0.01,0.99,-0.06,0.03,7,7,-1.000,0
59.6207,2.86,-0.01,1.02,-0.09,0.04,7,7,-1.000,0
59.6251,2.84,-0.02,1.05,-0.12,0.05,7,7,-1.000,0
59.6290,2.88,0.04,1.08,-0.14,0.05,7,7,-1.000,0
59.6331,2.87,-0.00,0.99,-0.07,0.11,7,7,-1.000,0
59.6373,2.88,0.01,0.98,-0.17,0.10,7,7,-1.000,0
59.6415,2.88,-0.00,0.96,-0.04,0.14,7,7,-1.000,0
59.6454,2.85,-0.03,0.91,-0.09,0.08,7,7,-1.000,0
59.6495,2.88,0.03,0.92,-0.13,0.05,7,7,-1.000,0
59.6540,2.85,-0.03,1.03,-0.13,0.11,7,7,-1.000,0
59.6584,2.86,0.00,1.02,-0.11,0.01,7,7,-1.000,0
59.6623,2.85,-0.01,1.03,-0.10,0.02,7,7,-1.000,0
59.6664,2.88,0.03,1.01,-0.08,0.04,7,7,-1.000,0
59.6707,2.86,-0.02,1.00,-0.10,0.04,7,7,-1.000,0
59.6751,2.89,0.04,1.09,-0.11,0.09,7,7,-1.000,0
59.6790,2.84,-0.05,1.04,-0.20,0.11,7,7,-1.000,0
59.6831,2.85,0.01,1.00,-0.19,0.04,7,7,-1.000,0
59.6875,2.86,0.01,1.01,-0.23,0.05,7,7,-1.000,0
59.6916,2.87,0.01,1.12,-0.20,0.11,7,7,-1.000,0
59.6956,2.84,-0.03,1.02,-0.16,0.11,7,7,-1.000,0
59.6997,2.84,0.00,1.05,-0.19,0.04,7,7,-1.000,0
59.7042,2.85,0.01,1.05,-0.16,0.02,7,7,-1.000,0
59.7086,2.85,0.01,1.02,-0.17,0.03,7,7,-1.000,0
59.7125,2.86,0.01,1.06,-0.16,0.04,7,7,-1.000,0
59.7166,2.84,-0.02,1.04,-0.16,0.02,7,7,-1.000,0
59.7210,2.84,-0.00,1.04,-0.14,0.03,7,7,-1.000,0
59.7253,2.89,0.05,1.01,-0.18,0.07,7,7,-1.000,0
59.7291,2.85,-0.04,1.04,-0.15,0.06,7,7,-1.000,0
59.7333,2.85,0.00,1.11,-0.21,0.09,7,7,-1.000,0
59.7375,2.84,-0.01,1.05,-0.21,0.05,7,7,-1.000,0
59.7419,2.87,0.03,1.01,-0.19,0.06,7,7,-1.000,0
59.7459,2.83,-0.05,1.04,-0.18,0.06,7,7,-1.000,0
59.7498,2.84,0.01,1.03,-0.21,0.03,7,7,-1.000,0
59.7542,2.84,-0.00,1.02,-0.21,0.01,7,7,-1.000,0
59.7586,2.83,-0.01,1.13,-0.17,0.12,7,7,-1.000,0
59.7625,2.87,0.04,1.06,-0.19,0.08,7,7,-1.000,0
59.7666,2.88,0.01,1.07,-0.23,0.04,7,7,-1.000,0
59.7710,2.85,-0.03,1.02,-0.19,0.07,7,7,-1.000,0
59.7752,2.86,0.01,1.02,-0.17,0.03,7,7,-1.000,0
59.7790,2.82,-0.04,1.02,-0.15,0.04,7,7,-1.000,0
59.7832,2.86,0.04,1.03,-0.13,0.04,7,7,-1.000,0
59.7875,2.85,-0.01,1.08,-0.16,0.05,7,7,-1.000,0
59.7919,2.87,0.02,1.05,-0.17,0.04,7,7,-1.000,0
59.7959,2.88,0.01,1.06,-0.09,0.08,7,7,-1.000,0
59.7998,2.86,-0.02,0.95,-0.06,0.12,7,7,-1.000,0
59.8042,2.85,-0.00,1.02,-0.08,0.07,7,7,-1.000,0
59.8082,2.87,0.02,1.06,-0.09,0.05,7,7,-1.000,0
59.8124,2.87,-0.00,0.98,-0.09,0.08,7,7,-1.000,0
59.8168,2.85,-0.02,0.95,-0.10,0.04,7,7,-1.000,0
59.8211,2.86,0.01,1.04,-0.10,0.09,7,7,-1.000,0
59.8252,2.86,0.00,0.99,-0.13,0.05,7,7,-1.000,0
59.8296,2.86,-0.00,0.95,-0.09,0.06,7,7,-1.000,0
59.8333,2.85,-0.02,1.02,-0.09,0.07,7,7,-1.000,0
59.8377,2.84,-0.01,1.03,-0.13,0.04,7,7,-1.000,0
59.8416,2.85,0.02,1.01,-0.12,0.03,7,7,-1.000,0
59.8457,2.87,0.02,1.07,-0.14,0.06,7,7,-1.000,0
59.8498,2.86,-0.01,0.98,-0.07,0.12,7,7,-1.000,0
59.8541,2.85,-0.01,0.97,-0.18,0.11,7,7,-1.000,0
59.8586,2.87,0.02,1.06,-0.12,0.11,7,7,-1.000,0
59.8624,2.87,-0.00,1.02,-0.20,0.09,7,7,-1.000,0
59.8665,2.88,0.01,0.97,-0.05,0.15,7,7,-1.000,0
59.8709,2.85,-0.02,1.05,-0.07,0.09,7,7,-1.000,0
59.8752,2.85,-0.00,0.92,-0.06,0.14,7,7,-1.000,0
59.8789,2.85,0.00,1.02,-0.14,0.13,7,7,-1.000,0
59.8832,2.86,0.01,0.94,-0.04,0.13,7,7,-1.000,0
59.8874,2.89,0.02,1.02,-0.09,0.09,7,7,-1.000,0
59.8919,2.87,-0.02,1.00,-0.07,0.04,7,7,-1.000,0
59.8957,2.87,0.00,0.91,-0.07,0.08,7,7,-1.000,0
59.8997,2.86,-0.01,1.05,-0.15,0.16,7,7,-1.000,0
59.9041,2.86,0.00,0.97,-0.06,0.12,7,7,-1.000,0
59.9085,2.87,0.01,0.92,-0.15,0.11,7,7,-1.000,0
59.9123,2.87,-0.00,0.96,-0.09,0.08,7,7,-1.000,0
59.9165,2.89,0.03,1.03,-0.18,0.11,7,7,-1.000,0
59.9209,2.85,-0.04,0.98,-0.14,0.07,7,7,-1.000,0
59.9252,2.84,-0.01,0.99,-0.13,0.02,7,7,-1.000,0
59.9291,2.84,0.00,1.10,-0.19,0.12,7,7,-1.000,0
59.9332,2.87,0.04,1.08,-0.14,0.06,7,7,-1.000,0
59.9377,2.83,-0.05,1.05,-0.23,0.10,7,7,-1.000,0
59.9418,2.85,0.02,1.07,-0.20,0.03,7,7,-1.000,0
59.9457,2.83,-0.01,1.10,-0.18,0.04,7,7,-1.000,0
59.9497,2.84,0.01,1.14,-0.19,0.04,7,7,-1.000,0
59.9540,2.84,-0.00,1.02,-0.16,0.12,7,7,-1.000,0
59.9585,2.85,0.01,1.09,-0.20,0.08,7,7,-1.000,0
59.9624,2.86,0.01,1.06,-0.17,0.04,7,7,-1.000,0
59.9664,2.83,-0.02,1.04,-0.12,0.06,7,7,-1.000,0
59.9707,2.86,0.02,1.05,-0.19,0.07,7,7,-1.000,0
59.9752,2.85,-0.00,1.08,-0.12,0.07,7,7,-1.000,0
59.9791,2.83,-0.02,1.06,-0.19,0.08,7,7,-1.000,0
59.9832,2.89,0.06,1.09,-0.11,0.11,7,7,-1.000,0
59.9874,2.86,-0.03,0.98,-0.05,0.13,7,7,-1.000,0
59.9918,2.85,-0.01,1.05,-0.13,0.10,7,7,-1.000,0
59.9957,2.87,0.02,0.96,-0.04,0.12,7,7,-1.000,0
59.9997,2.88,0.00,1.02,-0.19,0.16,7,7,-1.000,0
60.0041,2.86,-0.02,1.04,-0.15,0.05,7,7,-1.000,0
60.0085,2.86,0.01,1.12,-0.21,0.11,7,7,-1.000,0
60.0123,2.82,-0.04,1.04,-0.21,0.09,7,7,-1.000,0
60.0164,2.87,0.05,1.04,-0.23,0.06,7,7,-1.000,0
60.0207,2.87,-0.01,1.02,-0.20,0.04,7,7,-1.000,0
60.0252,2.85,-0.02,1.10,-0.17,0.09,7,7,-1.000,0
60.0291,2.83,-0.02,1.08,-0.18,0.03,7,7,-1.000,0
60.0332,2.87,0.04,1.14,-0.20,0.07,7,7,-1.000,0
60.0374,2.89,0.02,1.11,-0.15,0.06,7,7,-1.000,0
60.0415,2.83,-0.06,1.06,-0.17,0.08,7,7,-1.000,0
60.0456,2.87,0.04,1.02,-0.21,0.07,7,7,-1.000,0
60.0497,2.87,-0.00,1.04,-0.13,0.09,7,7,-1.000,0
60.0540,2.85,-0.02,1.06,-0.12,0.03,7,7,-1.000,0
60.0586,2.86,0.00,1.09,-0.19,0.07,7,7,-1.000,0
60.0625,2.85,-0.01,1.06,-0.19,0.03,7,7,-1.000,0
60.0664,2.86,0.01,1.12,-0.14,0.08,7,7,-1.000,0
60.0708,2.86,-0.00,1.00,-0.21,0.13,7,7,-1.000,0
60.0748,2.87,0.02,1.05,-0.17,0.06,7,7,-1.000,0
60.0789,2.84,-0.04,1.00,-0.15,0.06,7,7,-1.000,0
60.0830,2.84,0.01,1.09,-0.22,0.10,7,7,-1.000,0
60.0874,2.88,0.03,1.06,-0.16,0.07,7,7,-1.000,0
60.0917,2.85,-0.03,1.08,-0.15,0.04,7,7,-1.000,0
60.0957,2.87,0.03,1.04,-0.12,0.05,7,7,-1.000,0
60.0997,2.85,-0.02,1.00,-0.13,0.05,7,7,-1.000,0
60.1058,2.88,0.03,1.11,-0.13,0.11,7,7,-1.000,0
60.1101,2.85,-0.02,1.06,-0.14,0.06,7,7,-1.000,0
60.1144,2.84,-0.01,1.10,-0.20,0.07,7,7,-1.000,0
60.1183,2.85,0.01,1.11,-0.17,0.03,7,7,-1.000,0
60.1228,2.84,-0.01,1.10,-0.17,0.02,7,7,-1.000,0
60.1269,2.88,0.04,1.07,-0.20,0.06,7,7,-1.000,0
60.1312,2.85,-0.03,0.99,-0.13,0.11,7,7,-1.000,0
60.1357,2.85,-0.01,1.05,-0.15,0.06,7,7,-1.000,0
60.1397,2.88,0.03,0.94,-0.12,0.12,7,7,-1.000,0
60.1437,2.86,-0.02,1.10,-0.22,0.19,7,7,-1.000,0
60.1480,2.88,0.02,1.05,-0.17,0.07,7,7,-1.000,0
60.1515,2.86,-0.01,1.06,-0.18,0.02,7,7,-1.000,0
60.1561,2.87,0.00,1.00,-0.20,0.07,7,7,-1.000,0
60.1603,2.85,-0.02,1.01,-0.14,0.06,7,7,-1.000,0
60.1651,2.90,0.05,0.98,-0.02,0.13,7,7,-1.000,0
60.1691,2.86,-0.04,1.00,-0.11,0.09,7,7,-1.000,0
60.1730,2.86,-0.00,0.99,-0.11,0.02,7,7,-1.000,0
60.1770,2.89,0.03,1.00,-0.10,0.03,7,7,-1.000,0
60.1811,2.83,-0.05,1.01,-0.15,0.08,7,7,-1.000,0
60.1833,2.86,0.03,0.96,-0.06,0.10,7,7,-1.000,0
60.1879,2.85,-0.01,1.11,-0.13,0.16,7,7,-1.000,0
60.1919,2.84,-0.00,1.07,-0.16,0.06,7,7,-1.000,0
60.1959,2.84,-0.01,1.01,-0.17,0.06,7,7,-1.000,0
60.1998,2.86,0.02,1.05,-0.16,0.05,7,7,-1.000,0
60.2041,2.85,-0.01,1.07,-0.18,0.03,7,7,-1.000,0
60.2086,2.87,0.02,1.08,-0.15,0.04,7,7,-1.000,0
60.2124,2.87,0.00,1.09,-0.19,0.05,7,7,-1.000,0
60.2164,2.84,-0.03,1.04,-0.18,0.07,7,7,-1.000,0
60.2208,2.90,0.06,1.11,-0.15,0.10,7,7,-1.000,0
60.2250,2.86,-0.04,1.06,-0.14,0.06,7,7,-1.000,0
60.2290,2.87,0.02,1.10,-0.12,0.04,7,7,-1.000,0
60.2331,2.86,-0.01,1.03,-0.22,0.12,7,7,-1.000,0
60.2374,2.87,0.00,1.02,-0.12,0.10,7,7,-1.000,0
60.2419,2.83,-0.03,1.06,-0.19,0.09,7,7,-1.000,0
60.2457,2.88,0.04,1.03,-0.19,0.06,7,7,-1.000,0
60.2498,2.86,-0.02,1.11,-0.17,0.08,7,7,-1.000,0
60.2541,2.87,0.02,1.03,-0.18,0.08,7,7,-1.000,0
60.2585,2.84,-0.03,1.07,-0.18,0.05,7,7,-1.000,0
60.2623,2.84,-0.00,1.06,-0.18,0.02,7,7,-1.000,0
60.2664,2.88,0.04,1.12,-0.11,0.11,7,7,-1.000,0
60.2707,2.86,-0.02,1.07,-0.13,0.05,7,7,-1.000,0
60.2752,2.86,-0.00,1.06,-0.18,0.05,7,7,-1.000,0
60.2789,2.86,0.00,1.06,-0.15,0.03,7,7,-1.000,0
60.2832,2.88,0.02,1.02,-0.17,0.05,7,7,-1.000,0
60.2874,2.86,-0.02,1.12,-0.13,0.10,7,7,-1.000,0
60.2921,2.86,-0.01,1.04,-0.14,0.07,7,7,-1.000,0
60.2961,2.88,0.02,1.01,-0.13,0.04,7,7,-1.000,0
60.2996,2.86,-0.03,1.05,-0.16,0.05,7,7,-1.000,0
60.3041,2.84,-0.02,1.05,-0.15,0.02,7,7,-1.000,0
60.3084,2.85,0.02,1.07,-0.16,0.03,7,7,-1.000,0
60.3122,2.86,0.01,1.06,-0.11,0.05,7,7,-1.000,0
60.3162,2.87,0.00,1.12,-0.15,0.07,7,7,-1.000,0
60.3206,2.84,-0.02,1.07,-0.18,0.06,7,7,-1.000,0
60.3250,2.88,0.04,1.10,-0.13,0.07,7,7,-1.000,0
60.3291,2.87,-0.01,1.13,-0.15,0.03,7,7,-1.000,0
60.3331,2.88,0.01,1.06,-0.15,0.07,7,7,-1.000,0
60.3374,2.86,-0.02,1.05,-0.11,0.04,7,7,-1.000,0
60.3419,2.86,-0.00,1.04,-0.13,0.03,7,7,-1.000,0
60.3458,2.86,-0.00,1.09,-0.17,0.06,7,7,-1.000,0
60.3497,2.88,0.02,1.02,-0.14,0.07,7,7,-1.000,0
60.3541,2.87,-0.00,1.04,-0.15,0.03,7,7,-1.000,0
60.3584,2.86,-0.01,1.07,-0.08,0.08,7,7,-1.000,0
60.3624,2.86,0.00,1.04,-0.12,0.05,7,7,-1.000,0
60.3664,2.86,-0.00,1.00,-0.07,0.06,7,7,-1.000,0
60.3708,2.87,0.02,0.96,-0.07,0.04,7,7,-1.000,0
60.3752,2.86,-0.01,1.03,-0.12,0.09,7,7,-1.000,0
60.3790,2.87,0.01,1.07,-0.12,0.03,7,7,-1.000,0
60.3832,2.89,0.02,0.99,0.01,0.15,7,7,-1.000,0
60.3874,2.89,-0.00,1.04,-0.14,0.16,7,7,-1.000,0
60.3918,2.85,-0.04,0.98,-0.11,0.08,7,7,-1.000,0
60.3957,2.87,0.03,0.95,-0.04,0.08,7,7,-1.000,0
60.3997,2.90,0.02,1.01,-0.09,0.08,7,7,-1.000,0
60.4041,2.87,-0.03,1.02,-0.12,0.04,7,7,-1.000,0
60.4084,2.88,0.01,1.04,-0.09,0.04,7,7,-1.000,0
60.4123,2.86,-0.02,1.01,-0.13,0.05,7,7,-1.000,0
60.4165,2.86,-0.00,1.01,-0.15,0.02,7,7,-1.000,0
60.4208,2.88,0.02,1.03,-0.10,0.05,7,7,-1.000,0
60.4251,2.84,-0.04,0.97,-0.15,0.08,7,7,-1.000,0
60.4290,2.86,0.02,0.99,-0.07,0.09,7,7,-1.000,0
60.4332,2.86,-0.00,1.02,-0.13,0.06,7,7,-1.000,0
60.4374,2.87,0.01,1.01,-0.16,0.04,7,7,-1.000,0
60.4415,2.87,-0.00,0.97,-0.03,0.13,7,7,-1.000,0
60.4456,2.85,-0.02,0.99,-0.07,0.04,7,7,-1.000,0
60.4497,2.89,0.03,0.96,-0.06,0.04,7,7,-1.000,0
60.4541,2.88,-0.01,0.96,-0.03,0.04,7,7,-1.000,0
60.4585,2.86,-0.02,0.98,-0.06,0.05,7,7,-1.000,0
60.4624,2.86,0.00,0.95,-0.06,0.03,7,7,-1.000,0
60.4665,2.85,-0.00,0.97,-0.08,0.02,7,7,-1.000,0
60.4709,2.86,0.00,1.01,-0.13,0.07,7,7,-1.000,0
60.4748,2.86,0.00,1.10,-0.13,0.10,7,7,-1.000,0
60.4789,2.89,0.02,1.14,-0.16,0.05,7,7,-1.000,0
60.4832,2.84,-0.04,1.14,-0.21,0.07,7,7,-1.000,0
60.4874,2.87,0.03,1.09,-0.21,0.06,7,7,-1.000,0
60.4917,2.85,-0.02,1.08,-0.18,0.03,7,7,-1.000,0
60.4956,2.88,0.02,1.13,-0.16,0.06,7,7,-1.000,0
60.4996,2.85,-0.03,1.05,-0.18,0.09,7,7,-1.000,0
60.5040,2.88,0.03,1.15,-0.17,0.10,7,7,-1.000,0
60.5082,2.87,-0.01,1.04,-0.22,0.12,7,7,-1.000,0
60.5123,2.88,0.01,1.03,-0.15,0.08,7,7,-1.000,0
60.5164,2.86,-0.02,1.08,-0.13,0.06,7,7,-1.000,0
60.5207,2.86,0.01,1.08,-0.16,0.03,7,7,-1.000,0
60.5252,2.88,0.02,1.02,-0.17,0.06,7,7,-1.000,0
60.5293,2.85,-0.04,1.00,-0.12,0.06,7,7,-1.000,0
60.5333,2.86,0.01,1.08,-0.07,0.10,7,7,-1.000,0
60.5376,2.86,0.00,1.03,-0.18,0.12,7,7,-1.000,0
60.5420,2.86,0.01,0.94,-0.06,0.16,7,7,-1.000,0
60.5459,2.88,0.01,0.93,-0.09,0.04,7,7,-1.000,0
60.5499,2.87,-0.00,1.02,-0.02,0.12,7,7,-1.000,0
60.5541,2.88,0.01,1.02,-0.11,0.09,7,7,-1.000,0
60.5586,2.88,-0.01,1.00,-0.08,0.03,7,7,-1.000,0
60.5625,2.89,0.01,1.07,-0.08,0.07,7,7,-1.000,0
60.5665,2.89,0.01,0.97,-0.10,0.10,7,7,-1.000,0
60.5708,2.86,-0.03,1.01,-0.09,0.06,7,7,-1.000,0
60.5753,2.85,-0.01,1.02,-0.16,0.07,7,7,-1.000,0
60.5792,2.89,0.04,1.13,-0.17,0.12,7,7,-1.000,0
60.5832,2.86,-0.03,1.10,-0.16,0.04,7,7,-1.000,0
60.5875,2.83,-0.03,1.05,-0.15,0.06,7,7,-1.000,0
60.5920,2.86,0.03,1.10,-0.20,0.08,7,7,-1.000,0
60.5957,2.86,0.00,1.11,-0.15,0.05,7,7,-1.000,0
60.5998,2.89,0.02,1.14,-0.10,0.06,7,7,-1.000,0
60.6041,2.85,-0.03,1.06,-0.16,0.11,7,7,-1.000,0
60.6086,2.86,0.01,1.10,-0.14,0.04,7,7,-1.000,0
60.6123,2.86,0.01,1.11,-0.12,0.03,7,7,-1.000,0
60.6165,2.89,0.02,1.12,-0.22,0.10,7,7,-1.000,0
60.6209,2.83,-0.06,1.08,-0.22,0.07,7,7,-1.000,0
60.6252,2.86,0.03,1.16,-0.20,0.09,7,7,-1.000,0
60.6291,2.84,-0.02,1.09,-0.16,0.09,7,7,-1.000,0
60.6332,2.86,0.02,1.08,-0.16,0.03,7,7,-1.000,0
60.6375,2.88,0.02,1.07,-0.16,0.03,7,7,-1.000,0
60.6419,2.85,-0.03,1.05,-0.17,0.04,7,7,-1.000,0
60.6458,2.87,0.02,1.08,-0.19,0.03,7,7,-1.000,0
60.6498,2.87,0.00,1.05,-0.21,0.04,7,7,-1.000,0
60.6542,2.87,-0.00,1.10,-0.15,0.08,7,7,-1.000,0
60.6585,2.85,-0.02,1.07,-0.13,0.04,7,7,-1.000,0
60.6625,2.87,0.02,1.05,-0.11,0.03,7,7,-1.000,0
60.6665,2.88,0.01,1.00,-0.13,0.06,7,7,-1.000,0
60.6709,2.88,-0.00,0.91,-0.06,0.12,7,7,-1.000,0
60.6753,2.89,0.01,1.06,-0.08,0.16,7,7,-1.000,0
60.6791,2.87,-0.01,0.96,-0.07,0.11,7,7,-1.000,0
60.6831,2.85,-0.02,1.05,-0.10,0.10,7,7,-1.000,0
60.6874,2.85,-0.01,1.01,-0.10,0.04,7,7,-1.000,0
60.6918,2.86,0.01,1.03,-0.12,0.03,7,7,-1.000,0
60.6958,2.87,0.01,1.00,-0.13,0.04,7,7,-1.000,0
60.6999,2.84,-0.03,1.04,-0.17,0.07,7,7,-1.000,0
60.7042,2.86,0.02,1.01,-0.10,0.07,7,7,-1.000,0
60.7085,2.86,0.01,0.96,-0.13,0.06,7,7,-1.000,0
60.7124,2.89,0.02,1.04,-0.05,0.11,7,7,-1.000,0
60.7165,2.87,-0.01,1.06,-0.10,0.05,7,7,-1.000,0
60.7208,2.88,0.01,1.04,-0.04,0.06,7,7,-1.000,0
60.7252,2.89,0.00,0.99,-0.05,0.05,7,7,-1.000,0
60.7290,2.85,-0.03,1.00,-0.12,0.08,7,7,-1.000,0
60.7332,2.85,-0.00,1.05,-0.17,0.08,7,7,-1.000,0
60.7376,2.85,-0.00,1.05,-0.17,0.00,7,7,-1.000,0
60.7419,2.88,0.03,1.03,-0.18,0.04,7,7,-1.000,0
60.7457,2.88,-0.00,1.08,-0.17,0.05,7,7,-1.000,0
60.7497,2.85,-0.03,1.01,-0.12,0.09,7,7,-1.000,0
60.7541,2.86,0.02,1.08,-0.10,0.07,7,7,-1.000,0
60.7584,2.85,-0.01,1.02,-0.12,0.06,7,7,-1.000,0
60.7623,2.86,0.01,1.07,-0.18,0.07,7,7,-1.000,0
60.7665,2.87,0.01,1.09,-0.15,0.03,7,7,-1.000,0
60.7708,2.84,-0.03,1.11,-0.17,0.03,7,7,-1.000,0
60.7752,2.87,0.03,1.07,-0.14,0.06,7,7,-1.000,0
60.7791,2.88,0.01,1.11,-0.12,0.05,7,7,-1.000,0
60.7833,2.87,-0.01,1.09,-0.13,0.02,7,7,-1.000,0
60.7875,2.85,-0.02,1.05,-0.13,0.05,7,7,-1.000,0
60.7919,2.88,0.03,1.11,-0.20,0.10,7,7,-1.000,0
60.7957,2.88,-0.00,1.05,-0.18,0.07,7,7,-1.000,0
60.7997,2.90,0.02,1.14,-0.21,0.11,7,7,-1.000,0
60.8041,2.86,-0.03,1.12,-0.14,0.08,7,7,-1.000,0
60.8082,2.86,-0.01,1.05,-0.15,0.07,7,7,-1.000,0
60.8125,2.89,0.03,1.12,-0.16,0.08,7,7,-1.000,0
60.8167,2.87,-0.02,1.10,-0.19,0.04,7,7,-1.000,0
60.8208,2.86,-0.01,1.05,-0.17,0.05,7,7,-1.000,0
60.8249,2.84,-0.02,1.06,-0.17,0.02,7,7,-1.000,0
60.8291,2.86,0.02,1.10,-0.21,0.06,7,7,-1.000,0
60.8333,2.87,0.01,1.09,-0.15,0.06,7,7,-1.000,0
60.8376,2.87,-0.01,1.06,-0.16,0.03,7,7,-1.000,0
60.8419,2.85,-0.02,1.04,-0.15,0.04,7,7,-1.000,0
60.8456,2.84,-0.00,1.06,-0.19,0.05,7,7,-1.000,0
60.8498,2.86,0.01,1.06,-0.16,0.04,7,7,-1.000,0
60.8541,2.89,0.03,1.05,-0.19,0.05,7,7,-1.000,0
60.8584,2.86,-0.03,1.08,-0.20,0.04,7,7,-1.000,0
60.8625,2.85,-0.01,1.10,-0.13,0.07,7,7,-1.000,0
60.8665,2.87,0.02,1.13,-0.15,0.04,7,7,-1.000,0
60.8709,2.85,-0.01,1.10,-0.19,0.05,7,7,-1.000,0
60.8749,2.86,0.01,1.11,-0.21,0.03,7,7,-1.000,0
60.8789,2.89,0.03,1.03,-0.19,0.09,7,7,-1.000,0
60.8832,2.88,-0.01,1.14,-0.19,0.11,7,7,-1.000,0
60.8875,2.86,-0.03,1.01,-0.19,0.13,7,7,-1.000,0
60.8918,2.84,-0.02,1.09,-0.16,0.09,7,7,-1.000,0
60.8957,2.86,0.02,1.08,-0.13,0.04,7,7,-1.000,0
60.8997,2.87,0.01,1.04,-0.15,0.04,7,7,-1.000,0
60.9041,2.86,-0.00,1.01,-0.16,0.03,7,7,-1.000,0
60.9084,2.89,0.03,1.04,-0.19,0.05,7,7,-1.000,0
60.9124,2.85,-0.04,1.08,-0.19,0.06,7,7,-1.000,0
60.9165,2.85,-0.01,1.07,-0.18,0.02,7,7,-1.000,0
60.9208,2.85,0.00,1.08,-0.14,0.04,7,7,-1.000,0
60.9251,2.86,0.01,1.05,-0.13,0.03,7,7,-1.000,0
60.9291,2.86,0.00,1.12,-0.13,0.06,7,7,-1.000,0
60.9331,2.86,-0.01,1.06,-0.07,0.08,7,7,-1.000,0
60.9377,2.89,0.04,1.02,-0.09,0.05,7,7,-1.000,0
60.9420,2.86,-0.04,1.06,-0.17,0.10,7,7,-1.000,0
60.9458,2.86,0.00,1.10,-0.16,0.04,7,7,-1.000,0
60.9497,2.85,-0.01,1.08,-0.20,0.04,7,7,-1.000,0
60.9541,2.85,0.00,1.09,-0.19,0.01,7,7,-1.000,0
60.9587,2.87,0.02,1.02,-0.10,0.12,7,7,-1.000,0
60.9625,2.89,0.01,1.22,-0.18,0.22,7,7,-1.000,0
60.9665,2.88,-0.01,1.07,-0.11,0.17,7,7,-1.000,0
60.9708,2.88,-0.00,1.04,-0.12,0.03,7,7,-1.000,0
60.9752,2.85,-0.03,0.95,-0.11,0.09,7,7,-1.000,0
60.9790,2.88,0.03,1.02,-0.13,0.07,7,7,-1.000,0
60.9832,2.92,0.03,1.01,-0.10,0.04,7,7,-1.000,0
60.9874,2.90,-0.01,0.95,-0.06,0.07,7,7,-1.000,0
60.9919,2.88,-0.03,1.01,-0.04,0.07,7,7,-1.000,0
60.9957,2.86,-0.02,1.09,-0.11,0.11,7,7,-1.000,0
60.9998,2.85,-0.00,0.94,-0.04,0.17,7,7,-1.000,0
61.0041,2.91,0.06,0.98,-0.05,0.07,7,7,-1.000,0
61.0085,2.86,-0.05,0.97,-0.03,0.05,7,7,-1.000,0
61.0124,2.85,-0.02,0.97,-0.10,0.07,7,7,-1.000,0
61.0166,2.90,0.05,1.00,-0.02,0.10,7,7,-1.000,0
61.0208,2.90,0.00,1.00,-0.14,0.12,7,7,-1.000,0
61.0252,2.88,-0.02,0.98,-0.03,0.11,7,7,-1.000,0
61.0291,2.90,0.02,1.07,-0.11,0.13,7,7,-1.000,0
61.0332,2.88,-0.02,1.14,-0.17,0.09,7,7,-1.000,0
61.0375,2.88,-0.00,1.11,-0.18,0.04,7,7,-1.000,0
61.0418,2.85,-0.03,1.13,-0.20,0.04,7,7,-1.000,0
61.0457,2.85,-0.00,1.07,-0.19,0.06,7,7,-1.000,0
61.0497,2.85,0.01,1.09,-0.16,0.04,7,7,-1.000,0
61.0543,2.86,0.01,1.15,-0.17,0.06,7,7,-1.000,0
61.0586,2.88,0.01,1.06,-0.17,0.09,7,7,-1.000,0
61.0625,2.87,-0.01,1.04,-0.14,0.04,7,7,-1.000,0
61.0665,2.86,-0.01,1.08,-0.19,0.06,7,7,-1.000,0
61.0709,2.88,0.02,1.00,-0.16,0.08,7,7,-1.000,0
61.0752,2.85,-0.03,1.07,-0.13,0.08,7,7,-1.000,0
61.0790,2.86,0.01,1.06,-0.08,0.05,7,7,-1.000,0
61.0831,2.86,-0.00,1.05,-0.16,0.09,7,7,-1.000,0
61.0875,2.91,0.05,1.06,-0.07,0.11,7,7,-1.000,0
61.0918,2.88,-0.03,1.06,-0.09,0.04,7,7,-1.000,0
61.0956,2.88,0.00,0.99,-0.04,0.09,7,7,-1.000,0
61.0998,2.88,-0.00,1.12,-0.08,0.14,7,7,-1.000,0
61.1065,2.89,0.01,1.02,-0.09,0.10,7,7,-1.000,0
61.1105,2.86,-0.03,1.02,-0.13,0.05,7,7,-1.000,0
61.1146,2.85,-0.02,1.07,-0.19,0.08,7,7,-1.000,0
61.1187,2.85,0.01,1.03,-0.18,0.05,7,7,-1.000,0
61.1229,2.86,0.01,1.14,-0.14,0.12,7,7,-1.000,0
61.1270,2.87,0.01,1.14,-0.17,0.03,7,7,-1.000,0
61.1309,2.85,-0.02,1.12,-0.17,0.03,7,7,-1.000,0
61.1358,2.86,0.01,1.05,-0.13,0.08,7,7,-1.000,0
61.1396,2.84,-0.02,1.05,-0.15,0.03,7,7,-1.000,0
61.1440,2.87,0.02,0.98,-0.22,0.10,7,7,-1.000,0
61.1482,2.88,0.02,1.07,-0.17,0.11,7,7,-1.000,0
61.1521,2.86,-0.02,1.12,-0.17,0.05,7,7,-1.000,0
61.1560,2.88,0.02,1.07,-0.10,0.08,7,7,-1.000,0
61.1601,2.88,-0.00,1.02,-0.16,0.08,7,7,-1.000,0
61.1643,2.87,-0.00,0.97,-0.08,0.09,7,7,-1.000,0
61.1684,2.86,-0.02,1.03,-0.07,0.06,7,7,-1.000,0
61.1734,2.87,0.02,1.06,-0.13,0.07,7,7,-1.000,0
61.1762,2.89,0.02,1.05,-0.08,0.05,7,7,-1.000,0
61.1793,2.86,-0.03,1.05,-0.09,0.03,7,7,-1.000,0
61.1836,2.88,0.02,0.99,0.03,0.13,7,7,-1.000,0
61.1876,2.86,-0.02,1.09,-0.15,0.20,7,7,-1.000,0
61.1919,2.90,0.03,1.04,-0.07,0.10,7,7,-1.000,0
61.1958,2.88,-0.02,1.03,-0.09,0.03,7,7,-1.000,0
61.1997,2.89,0.01,0.97,-0.05,0.07,7,7,-1.000,0
61.2042,2.88,-0.01,1.01,-0.05,0.04,7,7,-1.000,0
61.2082,2.89,0.01,1.09,-0.11,0.11,7,7,-1.000,0
61.2123,2.88,-0.01,0.99,-0.08,0.11,7,7,-1.000,0
61.2164,2.86,-0.03,0.93,-0.02,0.09,7,7,-1.000,0
61.2208,2.87,0.02,1.05,-0.10,0.15,7,7,-1.000,0
61.2252,2.87,-0.01,1.01,-0.09,0.04,7,7,-1.000,0
61.2290,2.87,-0.00,1.01,-0.07,0.03,7,7,-1.000,0
61.2331,2.88,0.01,0.94,-0.12,0.09,7,7,-1.000,0
61.2375,2.88,0.00,0.98,-0.03,0.10,7,7,-1.000,0
61.2419,2.87,-0.01,0.99,-0.09,0.06,7,7,-1.000,0
61.2458,2.85,-0.02,1.00,-0.06,0.04,7,7,-1.000,0
61.2497,2.86,0.01,0.97,-0.10,0.05,7,7,-1.000,0
61.2541,2.85,-0.01,0.94,-0.06,0.05,7,7,-1.000,0
61.2586,2.88,0.03,1.01,-0.01,0.09,7,7,-1.000,0
61.2625,2.93,0.04,1.04,0.01,0.06,7,7,-1.000,0
61.2665,2.88,-0.04,0.93,-0.08,0.15,7,7,-1.000,0
61.2709,2.91,0.03,0.97,-0.05,0.06,7,7,-1.000,0
61.2753,2.87,-0.04,1.02,-0.04,0.06,7,7,-1.000,0
61.2791,2.87,0.00,0.94,-0.06,0.07,7,7,-1.000,0
61.2832,2.87,0.00,1.02,-0.07,0.07,7,7,-1.000,0
61.2873,2.87,-0.00,1.00,-0.00,0.07,7,7,-1.000,0
61.2918,2.83,-0.04,1.03,-0.13,0.14,7,7,-1.000,0
61.2959,2.88,0.05,1.10,-0.10,0.09,7,7,-1.000,0
61.2997,2.90,0.02,1.06,-0.17,0.07,7,7,-1.000,0
61.3040,2.90,-0.00,1.03,-0.05,0.12,7,7,-1.000,0
61.3088,2.87,-0.02,1.02,-0.08,0.04,7,7,-1.000,0
61.3132,2.86,-0.01,0.98,0.01,0.09,7,7,-1.000,0
61.3167,2.86,-0.00,1.05,-0.15,0.18,7,7,-1.000,0
61.3207,2.83,-0.03,0.96,-0.10,0.11,7,7,-1.000,0
61.3250,2.86,0.03,0.95,-0.06,0.05,7,7,-1.000,0
61.3292,2.87,0.01,1.02,-0.09,0.08,7,7,-1.000,0
61.3332,2.88,0.01,0.98,-0.04,0.06,7,7,-1.000,0
61.3375,2.86,-0.02,0.97,-0.06,0.03,7,7,-1.000,0
61.3418,2.89,0.03,1.09,-0.08,0.12,7,7,-1.000,0
61.3456,2.91,0.02,1.06,-0.03,0.06,7,7,-1.000,0
61.3496,2.85,-0.06,1.01,-0.06,0.08,7,7,-1.000,0
61.3540,2.89,0.04,1.11,-0.07,0.11,7,7,-1.000,0
61.3584,2.87,-0.02,1.04,-0.14,0.10,7,7,-1.000,0
61.3624,2.87,0.01,0.99,-0.14,0.05,7,7,-1.000,0
61.3664,2.91,0.04,0.97,-0.04,0.11,7,7,-1.000,0
61.3707,2.92,0.00,0.97,-0.06,0.02,7,7,-1.000,0
61.3751,2.89,-0.03,1.03,-0.06,0.06,7,7,-1.000,0
61.3790,2.86,-0.03,1.11,-0.10,0.10,7,7,-1.000,0
61.3831,2.86,0.00,1.06,-0.09,0.05,7,7,-1.000,0
61.3874,2.88,0.02,1.02,-0.10,0.05,7,7,-1.000,0
61.3918,2.90,0.01,0.90,-0.01,0.15,7,7,-1.000,0
61.3957,2.87,-0.03,1.03,-0.14,0.18,7,7,-1.000,0
61.3998,2.87,0.00,1.05,-0.21,0.08,7,7,-1.000,0
61.4040,2.92,0.05,1.10,-0.16,0.09,7,7,-1.000,0
61.4085,2.89,-0.03,1.04,-0.16,0.06,7,7,-1.000,0
61.4124,2.86,-0.03,1.05,-0.13,0.04,7,7,-1.000,0
61.4164,2.86,0.00,1.13,-0.15,0.07,7,7,-1.000,0
61.4209,2.85,-0.01,1.04,-0.19,0.10,7,7,-1.000,0
61.4249,2.86,0.01,1.02,-0.11,0.08,7,7,-1.000,0
61.4290,2.88,0.02,1.13,-0.16,0.13,7,7,-1.000,0
61.4332,2.86,-0.02,1.04,-0.14,0.10,7,7,-1.000,0
61.4373,2.85,-0.02,1.00,-0.06,0.09,7,7,-1.000,0
61.4418,2.85,0.01,0.98,-0.05,0.03,7,7,-1.000,0
61.4457,2.86,0.01,1.04,-0.14,0.12,7,7,-1.000,0
61.4498,2.87,0.01,1.04,-0.19,0.05,7,7,-1.000,0
61.4541,2.89,0.02,1.02,-0.08,0.11,7,7,-1.000,0
61.4585,2.87,-0.03,1.13,-0.21,0.18,7,7,-1.000,0
61.4624,2.85,-0.02,1.13,-0.21,0.02,7,7,-1.000,0
61.4665,2.87,0.02,1.15,-0.13,0.08,7,7,-1.000,0
61.4708,2.89,0.02,1.07,-0.18,0.09,7,7,-1.000,0
61.4756,2.84,-0.05,1.13,-0.19,0.08,7,7,-1.000,0
61.4791,2.86,0.02,1.02,-0.17,0.11,7,7,-1.000,0
61.4832,2.87,0.01,1.06,-0.15,0.04,7,7,-1.000,0
61.4876,2.86,-0.01,1.10,-0.18,0.05,7,7,-1.000,0
61.4917,2.87,0.02,1.00,-0.16,0.10,7,7,-1.000,0
61.4956,2.85,-0.02,1.04,-0.14,0.05,7,7,-1.000,0
61.4998,2.88,0.04,1.07,-0.13,0.05,7,7,-1.000,0
61.5041,2.87,-0.01,1.08,-0.19,0.06,7,7,-1.000,0
61.5083,2.84,-0.03,1.07,-0.13,0.07,7,7,-1.000,0
61.5124,2.88,0.04,1.10,-0.14,0.05,7,7,-1.000,0
61.5164,2.84,-0.04,1.09,-0.17,0.05,7,7,-1.000,0
61.5206,2.88,0.04,1.05,-0.14,0.06,7,7,-1.000,0
61.5251,2.86,-0.02,1.09,-0.12,0.05,7,7,-1.000,0
61.5290,2.87,0.01,1.06,-0.13,0.03,7,7,-1.000,0
61.5330,2.87,0.00,1.07,-0.16,0.03,7,7,-1.000,0
61.5373,2.89,0.02,1.11,-0.23,0.08,7,7,-1.000,0
61.5414,2.89,-0.00,1.12,-0.17,0.06,7,7,-1.000,0
61.5454,2.84,-0.05,1.07,-0.15,0.07,7,7,-1.000,0
61.5495,2.86,0.02,1.13,-0.12,0.07,7,7,-1.000,0
61.5539,2.88,0.02,1.02,-0.04,0.13,7,7,-1.000,0
61.5584,2.89,0.01,1.11,-0.09,0.10,7,7,-1.000,0
61.5623,2.86,-0.03,1.07,-0.13,0.07,7,7,-1.000,0
61.5665,2.90,0.04,1.03,-0.09,0.07,7,7,-1.000,0
61.5706,2.87,-0.03,0.99,-0.02,0.08,7,7,-1.000,0
61.5748,2.88,0.01,1.00,-0.01,0.02,7,7,-1.000,0
61.5790,2.87,-0.00,0.98,-0.05,0.05,7,7,-1.000,0
61.5831,2.90,0.02,1.08,-0.14,0.14,7,7,-1.000,0
61.5874,2.85,-0.04,1.13,-0.15,0.07,7,7,-1.000,0
61.5919,2.87,0.02,1.02,-0.17,0.11,7,7,-1.000,0
61.5957,2.84,-0.03,1.14,-0.16,0.12,7,7,-1.000,0
61.5997,2.87,0.03,1.14,-0.15,0.03,7,7,-1.000,0
61.6042,2.86,-0.01,1.12,-0.14,0.02,7,7,-1.000,0
61.6087,2.88,0.03,1.04,-0.13,0.08,7,7,-1.000,0
61.6124,2.86,-0.02,1.08,-0.14,0.05,7,7,-1.000,0
61.6165,2.85,-0.01,1.03,-0.21,0.08,7,7,-1.000,0
61.6207,2.92,0.07,1.07,-0.15,0.10,7,7,-1.000,0
61.6251,2.87,-0.05,1.06,-0.12,0.06,7,7,-1.000,0
61.6291,2.85,-0.02,1.10,-0.18,0.08,7,7,-1.000,0
61.6333,2.85,0.00,1.07,-0.12,0.07,7,7,-1.000,0
61.6375,2.87,0.02,0.98,-0.17,0.11,7,7,-1.000,0
61.6419,2.87,-0.00,1.10,-0.15,0.11,7,7,-1.000,0
61.6458,2.87,-0.00,1.01,-0.07,0.12,7,7,-1.000,0
61.6497,2.87,0.01,1.08,-0.14,0.10,7,7,-1.000,0
61.6541,2.88,0.01,1.01,-0.07,0.10,7,7,-1.000,0
61.6585,2.86,-0.02,1.02,-0.12,0.06,7,7,-1.000,0
61.6625,2.88,0.02,0.97,-0.03,0.10,7,7,-1.000,0
61.6666,2.89,0.01,0.99,-0.07,0.04,7,7,-1.000,0
61.6708,2.87,-0.02,0.98,-0.05,0.03,7,7,-1.000,0
61.6752,2.89,0.01,1.02,-0.08,0.05,7,7,-1.000,0
61.6792,2.87,-0.02,1.04,-0.06,0.04,7,7,-1.000,0
61.6833,2.87,-0.00,0.88,-0.01,0.17,7,7,-1.000,0
61.6875,2.91,0.04,1.03,-0.08,0.18,7,7,-1.000,0
61.6919,2.88,-0.03,1.02,-0.00,0.09,7,7,-1.000,0
61.6958,2.90,0.01,1.01,-0.05,0.05,7,7,-1.000,0
61.6998,2.92,0.03,0.97,-0.08,0.06,7,7,-1.000,0
61.7043,2.85,-0.08,1.07,-0.13,0.14,7,7,-1.000,0
61.7085,2.87,0.02,1.08,-0.14,0.02,7,7,-1.000,0
61.7125,2.87,0.01,1.09,-0.11,0.03,7,7,-1.000,0
61.7165,2.89,0.01,1.11,-0.17,0.06,7,7,-1.000,0
61.7209,2.86,-0.02,1.17,-0.13,0.07,7,7,-1.000,0
61.7253,2.90,0.04,1.09,-0.18,0.10,7,7,-1.000,0
61.7293,2.88,-0.02,1.13,-0.11,0.08,7,7,-1.000,0
61.7333,2.87,-0.02,1.14,-0.14,0.03,7,7,-1.000,0
61.7376,2.86,-0.01,1.02,-0.12,0.12,7,7,-1.000,0
61.7420,2.88,0.02,1.15,-0.14,0.13,7,7,-1.000,0
61.7458,2.89,0.01,0.98,-0.09,0.17,7,7,-1.000,0
61.7498,2.90,0.02,1.06,-0.11,0.08,7,7,-1.000,0
61.7542,2.89,-0.01,1.03,-0.12,0.03,7,7,-1.000,0
61.7586,2.87,-0.03,1.02,-0.12,0.03,7,7,-1.000,0
61.7625,2.86,-0.00,1.04,-0.13,0.02,7,7,-1.000,0
61.7665,2.87,0.01,1.08,-0.10,0.06,7,7,-1.000,0
61.7709,2.89,0.02,1.07,-0.11,0.02,7,7,-1.000,0
61.7753,2.86,-0.03,1.03,-0.06,0.07,7,7,-1.000,0
61.7792,2.86,-0.00,0.98,-0.08,0.05,7,7,-1.000,0
61.7832,2.89,0.03,1.11,-0.10,0.13,7,7,-1.000,0
61.7875,2.88,-0.00,1.09,-0.07,0.04,7,7,-1.000,0
61.7918,2.85,-0.04,1.00,-0.02,0.10,7,7,-1.000,0
61.7958,2.88,0.03,1.05,-0.10,0.10,7,7,-1.000,0
61.7998,2.87,-0.01,1.06,-0.14,0.04,7,7,-1.000,0
61.8042,2.88,0.01,1.05,-0.11,0.04,7,7,-1.000,0
61.8082,2.85,-0.04,0.99,-0.12,0.07,7,7,-1.000,0
61.8125,2.84,-0.00,1.09,-0.16,0.11,7,7,-1.000,0
61.8169,2.90,0.06,1.04,-0.13,0.08,7,7,-1.000,0
61.8209,2.87,-0.03,1.07,-0.07,0.07,7,7,-1.000,0
61.8249,2.88,0.01,1.06,-0.06,0.02,7,7,-1.000,0
61.8291,2.89,0.01,0.90,-0.06,0.15,7,7,-1.000,0
61.8335,2.87,-0.02,0.98,-0.03,0.09,7,7,-1.000,0
61.8374,2.87,0.01,1.05,-0.03,0.07,7,7,-1.000,0
61.8420,2.88,0.01,0.99,-0.02,0.06,7,7,-1.000,0
61.8458,2.87,-0.01,1.00,-0.10,0.07,7,7,-1.000,0
61.8498,2.90,0.03,1.10,-0.12,0.11,7,7,-1.000,0
61.8543,2.89,-0.01,0.97,-0.03,0.16,7,7,-1.000,0
61.8583,2.87,-0.02,1.07,-0.11,0.12,7,7,-1.000,0
61.8624,2.86,-0.01,1.03,-0.09,0.04,7,7,-1.000,0
61.8665,2.86,0.00,1.05,-0.14,0.05,7,7,-1.000,0
61.8709,2.87,0.01,0.99,-0.08,0.08,7,7,-1.000,0
61.8753,2.89,0.02,1.05,-0.14,0.08,7,7,-1.000,0
61.8791,2.88,-0.01,1.06,-0.02,0.12,7,7,-1.000,0
61.8832,2.88,-0.00,1.02,-0.00,0.04,7,7,-1.000,0
61.8876,2.87,-0.01,1.04,-0.08,0.08,7,7,-1.000,0
61.8918,2.88,0.01,1.05,-0.08,0.02,7,7,-1.000,0
61.8957,2.88,0.00,1.03,-0.06,0.03,7,7,-1.000,0
61.8997,2.87,-0.01,1.08,-0.10,0.07,7,7,-1.000,0
61.9041,2.88,0.01,1.03,-0.15,0.07,7,7,-1.000,0
61.9084,2.84,-0.04,1.13,-0.19,0.12,7,7,-1.000,0
61.9124,2.88,0.04,1.10,-0.15,0.06,7,7,-1.000,0
61.9164,2.84,-0.04,1.08,-0.18,0.05,7,7,-1.000,0
61.9207,2.87,0.03,1.13,-0.19,0.05,7,7,-1.000,0
61.9252,2.84,-0.03,1.14,-0.17,0.03,7,7,-1.000,0
61.9291,2.88,0.04,1.14,-0.13,0.06,7,7,-1.000,0
61.9330,2.86,-0.02,1.05,-0.14,0.09,7,7,-1.000,0
61.9375,2.88,0.01,1.12,-0.12,0.08,7,7,-1.000,0
61.9419,2.86,-0.02,1.10,-0.16,0.04,7,7,-1.000,0
61.9459,2.88,0.02,1.11,-0.17,0.03,7,7,-1.000,0
61.9499,2.89,0.01,1.03,-0.14,0.09,7,7,-1.000,0
61.9542,2.89,0.00,1.06,-0.13,0.03,7,7,-1.000,0
61.9585,2.88,-0.01,1.14,-0.18,0.10,7,7,-1.000,0
61.9623,2.88,-0.00,1.06,-0.20,0.09,7,7,-1.000,0
61.9664,2.85,-0.03,1.11,-0.17,0.06,7,7,-1.000,0
61.9708,2.87,0.02,1.09,-0.23,0.07,7,7,-1.000,0
61.9752,2.84,-0.02,1.07,-0.18,0.06,7,7,-1.000,0
61.9792,2.86,0.02,1.08,-0.20,0.03,7,7,-1.000,0
61.9832,2.90,0.03,1.14,-0.14,0.10,7,7,-1.000,0
61.9874,2.84,-0.06,1.06,-0.13,0.10,7,7,-1.000,0
61.9919,2.91,0.07,1.10,-0.08,0.10,7,7,-1.000,0
61.9959,2.90,-0.01,1.04,-0.07,0.06,7,7,-1.000,0
61.9999,2.90,-0.00,1.02,-0.14,0.08,7,7,-1.000,0
62.0043,2.84,-0.05,1.05,-0.12,0.06,7,7,-1.000,0
62.0084,2.85,0.01,1.07,-0.18,0.06,7,7,-1.000,0
62.0124,2.86,0.01,1.06,-0.16,0.02,7,7,-1.000,0
62.0165,2.88,0.02,1.10,-0.12,0.06,7,7,-1.000,0
62.0209,2.87,-0.01,1.11,-0.15,0.04,7,7,-1.000,0
62.0253,2.89,0.02,1.14,-0.13,0.04,7,7,-1.000,0
62.0291,2.85,-0.04,1.08,-0.16,0.08,7,7,-1.000,0
62.0332,2.88,0.03,1.10,-0.19,0.05,7,7,-1.000,0
62.0375,2.86,-0.02,1.06,-0.08,0.12,7,7,-1.000,0
62.0420,2.90,0.04,1.04,-0.16,0.09,7,7,-1.000,0
62.0458,2.86,-0.04,1.05,-0.11,0.06,7,7,-1.000,0
62.0499,2.86,0.01,1.06,-0.14,0.03,7,7,-1.000,0
62.0543,2.90,0.04,1.07,-0.08,0.07,7,7,-1.000,0
62.0585,2.86,-0.04,1.01,-0.08,0.07,7,7,-1.000,0
62.0623,2.87,0.01,1.03,-0.07,0.02,7,7,-1.000,0
62.0664,2.85,-0.01,1.03,-0.13,0.06,7,7,-1.000,0
62.0708,2.85,-0.00,1.03,-0.11,0.02,7,7,-1.000,0
62.0752,2.89,0.04,0.99,-0.12,0.05,7,7,-1.000,0
62.0792,2.86,-0.02,1.09,-0.13,0.10,7,7,-1.000,0
62.0831,2.85,-0.01,1.06,-0.09,0.05,7,7,-1.000,0
62.0874,2.93,0.07,1.02,-0.10,0.08,7,7,-1.000,0
62.0919,2.88,-0.05,0.96,-0.09,0.08,7,7,-1.000,0
62.0958,2.90,0.03,1.04,-0.05,0.10,7,7,-1.000,0
62.0999,2.88,-0.02,1.10,-0.10,0.08,7,7,-1.000,0
62.1068,2.86,-0.02,1.10,-0.12,0.03,7,7,-1.000,0
62.1104,2.86,-0.00,1.08,-0.11,0.03,7,7,-1.000,0
62.1145,2.87,0.01,1.08,-0.17,0.06,7,7,-1.000,0
62.1185,2.88,0.01,1.03,-0.20,0.06,7,7,-1.000,0
62.1229,2.89,0.01,1.06,-0.18,0.04,7,7,-1.000,0
62.1269,2.89,0.00,1.10,-0.12,0.08,7,7,-1.000,0
62.1319,2.88,-0.01,1.11,-0.16,0.04,7,7,-1.000,0
62.1353,2.87,-0.01,1.05,-0.14,0.06,7,7,-1.000,0
62.1404,2.85,-0.01,1.09,-0.15,0.03,7,7,-1.000,0
62.1445,2.89,0.03,1.07,-0.10,0.06,7,7,-1.000,0
62.1480,2.90,0.02,0.95,-0.07,0.13,7,7,-1.000,0
62.1520,2.86,-0.04,1.12,-0.07,0.18,7,7,-1.000,0
62.1560,2.86,-0.00,1.00,-0.03,0.14,7,7,-1.000,0
62.1604,2.90,0.04,1.05,-0.12,0.11,7,7,-1.000,0
62.1651,2.86,-0.04,1.05,-0.12,0.04,7,7,-1.000,0
62.1689,2.93,0.07,0.89,0.03,0.22,7,7,-1.000,0
62.1728,2.88,-0.05,0.92,0.04,0.06,7,7,-1.000,0
62.1768,2.89,0.01,1.08,-0.14,0.24,7,7,-1.000,0
62.1810,2.87,-0.02,1.03,-0.09,0.07,7,7,-1.000,0
62.1840,2.87,0.00,0.98,-0.13,0.07,7,7,-1.000,0
62.1876,2.89,0.02,1.06,-0.05,0.11,7,7,-1.000,0
62.1922,2.87,-0.02,1.01,-0.12,0.08,7,7,-1.000,0
62.1960,2.90,0.03,0.99,-0.14,0.04,7,7,-1.000,0
62.2000,2.87,-0.03,1.02,-0.04,0.11,7,7,-1.000,0
62.2042,2.89,0.02,1.05,-0.12,0.09,7,7,-1.000,0
62.2085,2.85,-0.04,1.06,-0.13,0.05,7,7,-1.000,0
62.2123,2.83,-0.01,1.05,-0.12,0.02,7,7,-1.000,0
62.2165,2.89,0.06,1.09,-0.09,0.08,7,7,-1.000,0
62.2208,2.88,-0.01,1.01,-0.06,0.09,7,7,-1.000,0
62.2252,2.89,0.02,1.06,-0.03,0.06,7,7,-1.000,0
62.2291,2.88,-0.01,1.04,-0.06,0.03,7,7,-1.000,0
62.2331,2.86,-0.02,1.02,-0.09,0.05,7,7,-1.000,0
62.2374,2.86,0.00,1.09,-0.05,0.08,7,7,-1.000,0
62.2418,2.88,0.02,1.05,-0.08,0.06,7,7,-1.000,0
62.2458,2.91,0.03,1.07,-0.05,0.05,7,7,-1.000,0
62.2498,2.88,-0.03,0.98,-0.04,0.09,7,7,-1.000,0
62.2541,2.86,-0.02,0.98,-0.11,0.07,7,7,-1.000,0
62.2585,2.88,0.02,1.02,-0.03,0.09,7,7,-1.000,0
62.2623,2.91,0.03,0.91,-0.02,0.12,7,7,-1.000,0
62.2664,2.86,-0.05,1.09,-0.11,0.21,7,7,-1.000,0
62.2708,2.88,0.02,0.96,0.00,0.18,7,7,-1.000,0
62.2752,2.87,-0.01,1.02,-0.10,0.12,7,7,-1.000,0
62.2790,2.86,-0.01,1.06,-0.09,0.05,7,7,-1.000,0
62.2831,2.88,0.02,1.06,-0.09,0.02,7,7,-1.000,0
62.2874,2.89,0.01,0.98,-0.00,0.12,7,7,-1.000,0
62.2920,2.89,-0.00,1.11,-0.07,0.15,7,7,-1.000,0
62.2958,2.89,0.01,0.98,-0.10,0.13,7,7,-1.000,0
62.2999,2.89,-0.00,0.91,-0.03,0.11,7,7,-1.000,0
62.3041,2.88,-0.01,1.13,-0.13,0.25,7,7,-1.000,0
62.3085,2.85,-0.03,1.06,-0.12,0.08,7,7,-1.000,0
62.3124,2.89,0.03,1.02,-0.04,0.10,7,7,-1.000,0
62.3164,2.86,-0.03,1.05,-0.08,0.06,7,7,-1.000,0
62.3208,2.88,0.02,1.05,-0.07,0.02,7,7,-1.000,0
62.3256,2.86,-0.01,0.98,-0.03,0.08,7,7,-1.000,0
62.3296,2.88,0.01,0.93,0.01,0.06,7,7,-1.000,0
62.3333,2.87,-0.00,0.93,0.02,0.01,7,7,-1.000,0
62.3375,2.88,0.01,1.01,-0.06,0.12,7,7,-1.000,0
62.3419,2.87,-0.01,1.02,-0.12,0.06,7,7,-1.000,0
62.3459,2.87,-0.00,1.08,-0.14,0.06,7,7,-1.000,0
62.3498,2.89,0.02,1.04,-0.02,0.13,7,7,-1.000,0
62.3542,2.87,-0.02,0.96,-0.13,0.15,7,7,-1.000,0
62.3585,2.85,-0.02,1.03,-0.09,0.09,7,7,-1.000,0
62.3622,2.88,0.03,1.05,-0.12,0.05,7,7,-1.000,0
62.3663,2.88,-0.00,0.95,-0.03,0.13,7,7,-1.000,0
62.3706,2.87,-0.01,1.07,-0.14,0.16,7,7,-1.000,0
62.3752,2.88,0.01,0.96,-0.02,0.16,7,7,-1.000,0
62.3791,2.87,-0.01,0.99,-0.07,0.07,7,7,-1.000,0
62.3830,2.88,0.01,1.07,-0.10,0.08,7,7,-1.000,0
62.3875,2.87,-0.01,1.03,-0.04,0.07,7,7,-1.000,0
62.3918,2.92,0.04,0.99,-0.08,0.08,7,7,-1.000,0
62.3957,2.88,-0.04,1.01,-0.01,0.08,7,7,-1.000,0
62.3997,2.86,-0.02,1.02,-0.12,0.11,7,7,-1.000,0
62.4042,2.88,0.02,1.02,-0.03,0.09,7,7,-1.000,0
62.4084,2.87,-0.02,1.06,-0.11,0.09,7,7,-1.000,0
62.4123,2.87,0.00,1.03,-0.02,0.09,7,7,-1.000,0
62.4164,2.85,-0.02,1.06,-0.16,0.14,7,7,-1.000,0
62.4208,2.87,0.03,1.12,-0.12,0.08,7,7,-1.000,0
62.4251,2.87,-0.00,0.99,-0.16,0.13,7,7,-1.000,0
62.4291,2.87,-0.01,1.03,-0.16,0.04,7,7,-1.000,0
62.4330,2.90,0.03,1.10,-0.12,0.08,7,7,-1.000,0
62.4373,2.90,-0.00,1.14,-0.14,0.05,7,7,-1.000,0
62.4418,2.84,-0.05,1.07,-0.09,0.10,7,7,-1.000,0
62.4457,2.86,0.02,1.16,-0.12,0.09,7,7,-1.000,0
62.4497,2.87,0.00,1.08,-0.15,0.08,7,7,-1.000,0
62.4540,2.84,-0.03,1.06,-0.13,0.04,7,7,-1.000,0
62.4581,2.87,0.03,1.11,-0.12,0.06,7,7,-1.000,0
62.4622,2.87,-0.00,1.07,-0.09,0.05,7,7,-1.000,0
62.4663,2.85,-0.02,1.03,-0.09,0.04,7,7,-1.000,0
62.4712,2.86,0.01,0.96,-0.11,0.07,7,7,-1.000,0
62.4751,2.90,0.04,1.07,-0.08,0.12,7,7,-1.000,0
62.4790,2.88,-0.01,1.05,-0.12,0.05,7,7,-1.000,0
62.4830,2.89,0.01,1.00,-0.09,0.06,7,7,-1.000,0
62.4875,2.87,-0.02,1.01,-0.08,0.03,7,7,-1.000,0
62.4915,2.90,0.03,1.04,-0.00,0.09,7,7,-1.000,0
62.4956,2.87,-0.03,1.03,-0.04,0.05,7,7,-1.000,0
62.4997,2.85,-0.03,0.96,-0.08,0.08,7,7,-1.000,0
62.5041,2.87,0.02,0.98,-0.05,0.04,7,7,-1.000,0
62.5083,2.88,0.01,0.91,-0.05,0.07,7,7,-1.000,0
62.5122,2.89,0.01,0.97,-0.12,0.09,7,7,-1.000,0
62.5163,2.87,-0.02,0.93,0.01,0.14,7,7,-1.000,0
62.5207,2.87,0.00,1.10,-0.14,0.23,7,7,-1.000,0
62.5250,2.85,-0.02,1.08,-0.18,0.05,7,7,-1.000,0
62.5289,2.84,-0.01,1.04,-0.17,0.05,7,7,-1.000,0
62.5330,2.90,0.06,1.14,-0.21,0.13,7,7,-1.000,0
62.5375,2.89,-0.02,1.10,-0.14,0.08,7,7,-1.000,0
62.5417,2.87,-0.02,1.03,-0.10,0.09,7,7,-1.000,0
62.5456,2.91,0.04,1.16,-0.13,0.15,7,7,-1.000,0
62.5497,2.85,-0.07,1.08,-0.12,0.11,7,7,-1.000,0
62.5540,2.85,0.00,1.12,-0.17,0.07,7,7,-1.000,0
62.5584,2.87,0.02,1.04,-0.19,0.09,7,7,-1.000,0
62.5623,2.88,0.01,1.14,-0.19,0.10,7,7,-1.000,0
62.5664,2.86,-0.02,1.09,-0.16,0.06,7,7,-1.000,0
62.5707,2.87,0.00,1.11,-0.17,0.02,7,7,-1.000,0
62.5751,2.87,0.01,0.98,-0.16,0.13,7,7,-1.000,0
62.5790,2.87,-0.00,1.08,-0.10,0.12,7,7,-1.000,0
62.5830,2.86,-0.01,1.04,-0.07,0.05,7,7,-1.000,0
62.5874,2.90,0.04,1.03,-0.12,0.06,7,7,-1.000,0
62.5918,2.87,-0.03,1.05,-0.14,0.04,7,7,-1.000,0
62.5957,2.85,-0.02,1.04,-0.10,0.04,7,7,-1.000,0
62.5997,2.87,0.02,1.02,-0.05,0.06,7,7,-1.000,0
62.6040,2.90,0.03,1.03,-0.02,0.04,7,7,-1.000,0
62.6083,2.93,0.03,1.01,-0.03,0.04,7,7,-1.000,0
62.6123,2.88,-0.05,0.99,-0.02,0.06,7,7,-1.000,0
62.6164,2.88,0.00,1.05,-0.07,0.08,7,7,-1.000,0
62.6207,2.88,0.00,1.09,-0.10,0.05,7,7,-1.000,0
62.6250,2.86,-0.02,1.00,-0.05,0.11,7,7,-1.000,0
62.6290,2.86,-0.00,1.02,-0.11,0.06,7,7,-1.000,0
62.6330,2.88,0.02,0.96,-0.08,0.07,7,7,-1.000,0
62.6374,2.91,0.03,1.10,-0.16,0.17,7,7,-1.000,0
62.6417,2.86,-0.05,1.03,-0.08,0.12,7,7,-1.000,0
62.6458,2.90,0.04,0.98,-0.13,0.08,7,7,-1.000,0
62.6497,2.86,-0.04,1.08,-0.08,0.11,7,7,-1.000,0
62.6540,2.88,0.01,1.04,-0.04,0.06,7,7,-1.000,0
62.6583,2.86,-0.02,1.03,-0.15,0.11,7,7,-1.000,0
62.6622,2.88,0.02,1.04,-0.12,0.04,7,7,-1.000,0
62.6664,2.85,-0.02,1.08,-0.10,0.05,7,7,-1.000,0
62.6707,2.88,0.02,1.01,-0.09,0.08,7,7,-1.000,0
62.6751,2.86,-0.02,1.05,-0.13,0.06,7,7,-1.000,0
62.6790,2.86,0.00,1.03,-0.13,0.02,7,7,-1.000,0
62.6830,2.88,0.02,1.04,-0.09,0.05,7,7,-1.000,0
62.6874,2.91,0.03,1.00,0.03,0.13,7,7,-1.000,0
62.6917,2.85,-0.06,1.00,-0.08,0.12,7,7,-1.000,0
62.6957,2.86,0.01,1.02,-0.04,0.05,7,7,-1.000,0
62.6997,2.86,-0.01,1.10,-0.09,0.09,7,7,-1.000,0
62.7040,2.86,0.00,1.07,-0.07,0.03,7,7,-1.000,0
62.7085,2.90,0.04,0.98,-0.01,0.12,7,7,-1.000,0
62.7123,2.88,-0.02,1.06,-0.10,0.13,7,7,-1.000,0
62.7164,2.88,0.00,0.98,-0.12,0.08,7,7,-1.000,0
62.7207,2.86,-0.02,0.92,-0.01,0.13,7,7,-1.000,0
62.7251,2.89,0.02,0.99,-0.07,0.09,7,7,-1.000,0
62.7290,2.89,-0.00,1.09,-0.12,0.11,7,7,-1.000,0
62.7330,2.86,-0.02,1.03,-0.10,0.06,7,7,-1.000,0
62.7374,2.88,0.02,1.05,-0.05,0.06,7,7,-1.000,0
62.7418,2.89,0.01,0.99,-0.06,0.05,7,7,-1.000,0
62.7457,2.88,-0.01,1.01,-0.03,0.04,7,7,-1.000,0
62.7497,2.88,0.00,0.97,-0.05,0.05,7,7,-1.000,0
62.7541,2.88,-0.00,1.05,-0.08,0.08,7,7,-1.000,0
62.7585,2.90,0.02,1.05,-0.08,0.02,7,7,-1.000,0
62.7623,2.87,-0.03,1.01,-0.12,0.07,7,7,-1.000,0
62.7665,2.89,0.02,1.11,-0.04,0.13,7,7,-1.000,0
62.7707,2.89,-0.00,1.09,-0.10,0.06,7,7,-1.000,0
62.7752,2.90,0.01,1.14,-0.13,0.07,7,7,-1.000,0
62.7791,2.89,-0.01,1.13,-0.15,0.02,7,7,-1.000,0
62.7832,2.87,-0.02,1.12,-0.18,0.04,7,7,-1.000,0
62.7874,2.87,-0.00,1.12,-0.12,0.06,7,7,-1.000,0
62.7919,2.87,0.01,1.12,-0.13,0.01,7,7,-1.000,0
62.7958,2.85,-0.03,1.12,-0.15,0.03,7,7,-1.000,0
62.8000,2.85,-0.00,1.06,-0.15,0.06,7,7,-1.000,0
62.8043,2.86,0.02,1.11,-0.13,0.05,7,7,-1.000,0
62.8083,2.86,0.00,1.09,-0.14,0.02,7,7,-1.000,0
62.8125,2.88,0.01,1.10,-0.14,0.02,7,7,-1.000,0
62.8165,2.89,0.01,1.11,-0.11,0.04,7,7,-1.000,0
62.8211,2.88,-0.00,1.06,-0.19,0.10,7,7,-1.000,0
62.8252,2.89,0.01,1.05,-0.15,0.04,7,7,-1.000,0
62.8294,2.86,-0.03,1.05,-0.10,0.06,7,7,-1.000,0
62.8336,2.89,0.02,1.00,-0.08,0.06,7,7,-1.000,0
62.8377,2.85,-0.04,0.96,-0.06,0.06,7,7,-1.000,0
62.8416,2.88,0.03,1.04,-0.12,0.10,7,7,-1.000,0
62.8457,2.87,-0.01,1.01,-0.08,0.05,7,7,-1.000,0
62.8499,2.90,0.03,1.04,-0.13,0.06,7,7,-1.000,0
62.8542,2.90,0.00,0.96,-0.04,0.12,7,7,-1.000,0
62.8586,2.85,-0.05,0.97,-0.05,0.05,7,7,-1.000,0
62.8625,2.90,0.05,1.01,-0.08,0.07,7,7,-1.000,0
62.8666,2.88,-0.02,0.97,-0.01,0.08,7,7,-1.000,0
62.8710,2.86,-0.02,1.02,-0.04,0.06,7,7,-1.000,0
62.8751,2.86,0.00,1.09,-0.10,0.10,7,7,-1.000,0
62.8791,2.86,-0.01,1.06,-0.11,0.03,7,7,-1.000,0
62.8831,2.89,0.03,1.05,-0.09,0.04,7,7,-1.000,0
62.8875,2.88,-0.01,1.02,-0.06,0.05,7,7,-1.000,0
62.8919,2.89,0.02,1.01,-0.03,0.04,7,7,-1.000,0
62.8958,2.89,0.00,1.03,-0.13,0.10,7,7,-1.000,0
62.8998,2.91,0.02,0.95,-0.08,0.09,7,7,-1.000,0
62.9042,2.89,-0.02,0.98,0.01,0.09,7,7,-1.000,0
62.9085,2.87,-0.02,1.03,-0.12,0.14,7,7,-1.000,0
62.9124,2.86,-0.00,0.99,-0.09,0.06,7,7,-1.000,0
62.9166,2.90,0.04,1.01,-0.02,0.08,7,7,-1.000,0
62.9210,2.89,-0.01,1.06,-0.06,0.07,7,7,-1.000,0
62.9253,2.87,-0.01,1.09,-0.10,0.05,7,7,-1.000,0
62.9292,2.87,-0.00,0.98,-0.04,0.12,7,7,-1.000,0
62.9331,2.89,0.02,1.08,-0.06,0.10,7,7,-1.000,0
62.9376,2.88,-0.01,0.96,-0.00,0.13,7,7,-1.000,0
62.9418,2.91,0.03,1.00,-0.06,0.07,7,7,-1.000,0
62.9458,2.86,-0.04,0.95,-0.05,0.07,7,7,-1.000,0
62.9498,2.85,-0.01,1.03,-0.12,0.11,7,7,-1.000,0
62.9541,2.86,0.01,0.98,-0.02,0.12,7,7,-1.000,0
62.9584,2.90,0.04,0.98,-0.05,0.06,7,7,-1.000,0
62.9624,2.88,-0.02,0.98,-0.07,0.03,7,7,-1.000,0
62.9664,2.87,-0.02,1.03,-0.03,0.06,7,7,-1.000,0
62.9707,2.91,0.04,0.93,-0.02,0.10,7,7,-1.000,0
62.9751,2.88,-0.03,1.03,-0.05,0.11,7,7,-1.000,0
62.9791,2.91,0.04,0.99,-0.03,0.06,7,7,-1.000,0
62.9831,2.89,-0.03,1.04,-0.01,0.06,7,7,-1.000,0
62.9875,2.88,-0.01,1.02,0.00,0.03,7,7,-1.000,0
62.9919,2.91,0.03,1.02,-0.13,0.14,7,7,-1.000,0
62.9957,2.85,-0.05,1.00,-0.03,0.12,7,7,-1.000,0
62.9997,2.87,0.01,1.06,-0.08,0.08,7,7,-1.000,0
63.0042,2.87,-0.00,0.95,-0.03,0.13,7,7,-1.000,0
63.0085,2.87,0.00,1.09,-0.09,0.16,7,7,-1.000,0
63.0124,2.87,-0.01,0.96,-0.02,0.15,7,7,-1.000,0
63.0165,2.87,0.00,0.94,-0.05,0.03,7,7,-1.000,0
63.0208,2.85,-0.03,1.02,-0.11,0.10,7,7,-1.000,0
63.0253,2.86,0.01,1.03,-0.09,0.03,7,7,-1.000,0
63.0292,2.91,0.05,0.99,-0.04,0.08,7,7,-1.000,0
63.0332,2.88,-0.03,1.00,-0.04,0.04,7,7,-1.000,0
63.0375,2.88,0.00,0.99,-0.04,0.01,7,7,-1.000,0
63.0419,2.89,0.01,0.98,0.01,0.05,7,7,-1.000,0
63.0457,2.87,-0.02,1.07,-0.10,0.13,7,7,-1.000,0
63.0497,2.85,-0.02,0.95,0.01,0.16,7,7,-1.000,0
63.0540,2.91,0.06,1.08,-0.02,0.14,7,7,-1.000,0
63.0586,2.89,-0.02,0.99,0.01,0.10,7,7,-1.000,0
63.0624,2.88,-0.01,1.02,-0.06,0.08,7,7,-1.000,0
63.0663,2.87,-0.01,1.04,-0.04,0.04,7,7,-1.000,0
63.0707,2.86,-0.01,0.95,-0.02,0.09,7,7,-1.000,0
63.0753,2.90,0.04,1.05,-0.05,0.11,7,7,-1.000,0
63.0791,2.88,-0.03,1.08,-0.09,0.06,7,7,-1.000,0
63.0833,2.91,0.04,1.11,-0.02,0.09,7,7,-1.000,0
63.0876,2.88,-0.03,1.11,-0.12,0.10,7,7,-1.000,0
63.0920,2.92,0.04,0.99,-0.05,0.14,7,7,-1.000,0
63.0958,2.85,-0.07,1.06,-0.10,0.12,7,7,-1.000,0
63.0999,2.91,0.06,1.12,-0.10,0.09,7,7,-1.000,0
63.1066,2.87,-0.04,0.99,-0.07,0.15,7,7,-1.000,0
63.1104,2.89,0.02,1.04,-0.10,0.06,7,7,-1.000,0
63.1145,2.89,-0.00,1.04,-0.12,0.02,7,7,-1.000,0
63.1187,2.89,-0.00,0.95,-0.07,0.09,7,7,-1.000,0
63.1228,2.85,-0.04,1.06,-0.12,0.12,7,7,-1.000,0
63.1269,2.89,0.04,0.96,-0.08,0.11,7,7,-1.000,0
63.1310,2.90,0.01,0.97,-0.11,0.04,7,7,-1.000,0
63.1360,2.88,-0.02,0.99,-0.07,0.06,7,7,-1.000,0
63.1401,2.89,0.01,1.07,-0.11,0.08,7,7,-1.000,0
63.1447,2.87,-0.01,1.12,-0.08,0.06,7,7,-1.000,0
63.1482,2.88,0.01,1.04,-0.04,0.09,7,7,-1.000,0
63.1521,2.85,-0.03,1.11,-0.14,0.13,7,7,-1.000,0
63.1561,2.90,0.05,0.96,-0.07,0.17,7,7,-1.000,0
63.1601,2.89,-0.01,0.98,0.02,0.09,7,7,-1.000,0
63.1643,2.90,0.02,1.07,-0.01,0.09,7,7,-1.000,0
63.1693,2.87,-0.03,0.91,-0.07,0.18,7,7,-1.000,0
63.1732,2.90,0.02,1.03,-0.06,0.13,7,7,-1.000,0
63.1774,2.89,-0.00,0.97,-0.08,0.06,7,7,-1.000,0
63.1810,2.89,-0.00,0.97,-0.04,0.03,7,7,-1.000,0
63.1833,2.88,-0.01,0.98,-0.04,0.02,7,7,-1.000,0
63.1876,2.88,-0.00,0.98,-0.09,0.05,7,7,-1.000,0
63.1919,2.87,-0.01,0.98,-0.03,0.06,7,7,-1.000,0
63.1958,2.87,0.00,1.03,-0.11,0.09,7,7,-1.000,0
63.1999,2.88,0.01,1.01,-0.11,0.02,7,7,-1.000,0
63.2042,2.87,-0.01,1.06,-0.05,0.08,7,7,-1.000,0
63.2082,2.91,0.04,1.07,-0.04,0.05,7,7,-1.000,0
63.2123,2.88,-0.03,1.03,-0.04,0.05,7,7,-1.000,0
63.2165,2.91,0.03,1.02,-0.03,0.03,7,7,-1.000,0
63.2209,2.87,-0.03,1.03,-0.00,0.05,7,7,-1.000,0
63.2252,2.90,0.03,1.00,-0.00,0.04,7,7,-1.000,0
63.2290,2.90,-0.00,1.03,-0.11,0.11,7,7,-1.000,0
63.2331,2.88,-0.02,1.03,-0.03,0.08,7,7,-1.000,0
63.2375,2.87,-0.01,1.08,-0.10,0.09,7,7,-1.000,0
63.2418,2.87,-0.01,0.94,0.01,0.19,7,7,-1.000,0
63.2457,2.87,0.00,1.06,-0.10,0.16,7,7,-1.000,0
63.2499,2.86,-0.01,1.07,-0.11,0.02,7,7,-1.000,0
63.2541,2.88,0.02,1.01,-0.01,0.12,7,7,-1.000,0
63.2582,2.89,0.01,0.95,-0.01,0.06,7,7,-1.000,0
63.2623,2.89,-0.00,1.13,-0.12,0.20,7,7,-1.000,0
63.2665,2.87,-0.02,1.05,-0.12,0.08,7,7,-1.000,0
63.2707,2.90,0.03,1.08,-0.08,0.06,7,7,-1.000,0
63.2751,2.85,-0.05,0.99,-0.10,0.11,7,7,-1.000,0
63.2790,2.90,0.05,0.99,-0.06,0.06,7,7,-1.000,0
63.2831,2.90,0.00,1.05,-0.16,0.12,7,7,-1.000,0
63.2876,2.87,-0.03,1.04,-0.12,0.05,7,7,-1.000,0
63.2916,2.85,-0.03,1.03,-0.13,0.03,7,7,-1.000,0
63.2957,2.87,0.03,1.04,-0.08,0.06,7,7,-1.000,0
63.2998,2.87,-0.00,1.03,-0.06,0.03,7,7,-1.000,0
63.3042,2.89,0.02,1.01,0.02,0.08,7,7,-1.000,0
63.3085,2.84,-0.05,0.96,-0.04,0.09,7,7,-1.000,0
63.3123,2.86,0.01,1.08,-0.08,0.12,7,7,-1.000,0
63.3165,2.92,0.07,1.05,-0.14,0.09,7,7,-1.000,0
63.3208,2.87,-0.05,1.03,-0.07,0.09,7,7,-1.000,0
63.3249,2.92,0.05,1.02,-0.12,0.06,7,7,-1.000,0
63.3291,2.87,-0.05,0.98,-0.03,0.11,7,7,-1.000,0
63.3331,2.87,0.00,1.03,-0.06,0.06,7,7,-1.000,0
63.3376,2.89,0.02,0.96,-0.11,0.08,7,7,-1.000,0
63.3417,2.87,-0.02,1.03,-0.09,0.07,7,7,-1.000,0
63.3458,2.84,-0.03,1.05,-0.14,0.06,7,7,-1.000,0
63.3499,2.88,0.04,0.96,-0.00,0.17,7,7,-1.000,0
63.3544,2.87,-0.01,1.03,-0.09,0.11,7,7,-1.000,0
63.3587,2.91,0.04,1.06,-0.18,0.11,7,7,-1.000,0
63.3623,2.86,-0.05,1.02,-0.07,0.13,7,7,-1.000,0
63.3665,2.86,-0.00,1.08,-0.06,0.06,7,7,-1.000,0
63.3709,2.89,0.03,1.05,-0.06,0.05,7,7,-1.000,0
63.3752,2.86,-0.03,1.01,-0.06,0.05,7,7,-1.000,0
63.3791,2.84,-0.02,1.03,-0.10,0.05,7,7,-1.000,0
63.3831,2.87,0.03,0.98,-0.05,0.08,7,7,-1.000,0
63.3875,2.86,-0.02,0.99,-0.03,0.03,7,7,-1.000,0
63.3919,2.90,0.04,1.06,-0.12,0.12,7,7,-1.000,0
63.3957,2.86,-0.03,1.04,-0.08,0.06,7,7,-1.000,0
63.3999,2.88,0.02,1.01,-0.09,0.03,7,7,-1.000,0
63.4043,2.91,0.03,1.05,-0.16,0.08,7,7,-1.000,0
63.4084,2.91,-0.01,1.02,0.02,0.18,7,7,-1.000,0
63.4123,2.88,-0.02,1.04,-0.08,0.10,7,7,-1.000,0
63.4165,2.88,-0.01,0.94,0.01,0.14,7,7,-1.000,0
63.4208,2.87,-0.00,1.05,-0.07,0.14,7,7,-1.000,0
63.4253,2.84,-0.03,0.94,-0.04,0.12,7,7,-1.000,0
63.4291,2.87,0.03,1.03,-0.06,0.10,7,7,-1.000,0
63.4331,2.90,0.03,1.05,-0.01,0.06,7,7,-1.000,0
63.4375,2.87,-0.02,1.08,-0.09,0.09,7,7,-1.000,0
63.4419,2.89,0.01,1.00,-0.06,0.08,7,7,-1.000,0
63.4458,2.88,-0.01,1.08,-0.07,0.08,7,7,-1.000,0
63.4498,2.87,-0.01,0.94,-0.01,0.16,7,7,-1.000,0
63.4542,2.85,-0.02,0.99,-0.07,0.08,7,7,-1.000,0
63.4585,2.90,0.05,1.11,-0.13,0.15,7,7,-1.000,0
63.4623,2.86,-0.04,1.05,-0.12,0.08,7,7,-1.000,0
63.4664,2.87,0.01,0.98,-0.06,0.09,7,7,-1.000,0
63.4707,2.86,-0.01,1.04,-0.08,0.06,7,7,-1.000,0
63.4753,2.89,0.03,1.02,-0.05,0.05,7,7,-1.000,0
63.4794,2.89,0.00,1.05,-0.11,0.07,7,7,-1.000,0
63.4831,2.85,-0.04,1.00,-0.08,0.07,7,7,-1.000,0
63.4874,2.86,0.01,1.04,-0.09,0.05,7,7,-1.000,0
63.4918,2.87,0.01,1.05,-0.08,0.02,7,7,-1.000,0
63.4957,2.89,0.02,1.10,-0.07,0.05,7,7,-1.000,0
63.4998,2.86,-0.03,1.07,-0.09,0.05,7,7,-1.000,0
63.5042,2.88,0.02,0.96,-0.10,0.11,7,7,-1.000,0
63.5086,2.88,0.00,0.99,-0.04,0.06,7,7,-1.000,0
63.5124,2.86,-0.02,1.07,-0.06,0.08,7,7,-1.000,0
63.5165,2.85,-0.01,1.00,-0.06,0.07,7,7,-1.000,0
63.5207,2.88,0.03,1.09,-0.05,0.10,7,7,-1.000,0
63.5252,2.86,-0.02,1.05,-0.08,0.05,7,7,-1.000,0
63.5292,2.87,0.00,1.05,-0.07,0.01,7,7,-1.000,0
63.5331,2.89,0.02,1.04,-0.10,0.04,7,7,-1.000,0
63.5374,2.90,0.01,1.00,-0.06,0.05,7,7,-1.000,0
63.5417,2.91,0.01,1.04,-0.08,0.05,7,7,-1.000,0
63.5455,2.91,-0.00,1.05,-0.12,0.04,7,7,-1.000,0
63.5498,2.89,-0.02,1.06,-0.11,0.03,7,7,-1.000,0
63.5540,2.87,-0.01,1.02,-0.04,0.08,7,7,-1.000,0
63.5584,2.88,0.00,1.03,-0.09,0.05,7,7,-1.000,0
63.5623,2.88,0.00,1.09,-0.09,0.06,7,7,-1.000,0
63.5664,2.89,0.01,1.00,-0.04,0.11,7,7,-1.000,0
63.5707,2.88,-0.01,1.01,-0.05,0.02,7,7,-1.000,0
63.5749,2.88,0.00,1.01,-0.00,0.04,7,7,-1.000,0
63.5790,2.88,-0.01,1.01,-0.05,0.05,7,7,-1.000,0
63.5831,2.89,0.01,1.03,-0.13,0.08,7,7,-1.000,0
63.5875,2.85,-0.04,1.04,-0.10,0.05,7,7,-1.000,0
63.5918,2.89,0.04,1.05,-0.09,0.04,7,7,-1.000,0
63.5957,2.87,-0.02,1.08,-0.08,0.03,7,7,-1.000,0
63.5998,2.89,0.01,1.08,-0.10,0.02,7,7,-1.000,0
63.6040,2.87,-0.01,1.07,-0.19,0.09,7,7,-1.000,0
63.6084,2.86,-0.01,1.05,-0.08,0.11,7,7,-1.000,0
63.6124,2.90,0.04,0.98,-0.01,0.10,7,7,-1.000,0
63.6164,2.88,-0.02,1.02,-0.15,0.15,7,7,-1.000,0
63.6207,2.86,-0.02,1.05,-0.11,0.06,7,7,-1.000,0
63.6249,2.89,0.03,1.05,-0.12,0.03,7,7,-1.000,0
63.6290,2.88,-0.01,1.03,-0.04,0.08,7,7,-1.000,0
63.6330,2.89,0.01,1.05,-0.12,0.07,7,7,-1.000,0
63.6374,2.90,0.01,1.00,0.02,0.14,7,7,-1.000,0
63.6417,2.87,-0.04,1.08,-0.09,0.14,7,7,-1.000,0
63.6458,2.85,-0.02,1.09,-0.15,0.06,7,7,-1.000,0
63.6499,2.89,0.04,1.15,-0.10,0.09,7,7,-1.000,0
63.6542,2.86,-0.03,1.05,-0.13,0.11,7,7,-1.000,0
63.6582,2.86,-0.00,1.12,-0.17,0.08,7,7,-1.000,0
63.6622,2.86,0.00,1.12,-0.11,0.06,7,7,-1.000,0
63.6665,2.86,0.01,1.10,-0.14,0.03,7,7,-1.000,0
63.6707,2.86,-0.00,1.09,-0.16,0.03,7,7,-1.000,0
63.6751,2.89,0.03,1.09,-0.17,0.03,7,7,-1.000,0
63.6791,2.88,-0.01,1.11,-0.16,0.03,7,7,-1.000,0
63.6831,2.90,0.02,1.14,-0.13,0.05,7,7,-1.000,0
63.6874,2.84,-0.06,1.10,-0.16,0.07,7,7,-1.000,0
63.6918,2.85,0.01,1.07,-0.17,0.03,7,7,-1.000,0
63.6960,2.85,-0.00,1.09,-0.13,0.04,7,7,-1.000,0
63.7000,2.85,0.01,1.11,-0.15,0.02,7,7,-1.000,0
63.7040,2.87,0.02,1.10,-0.15,0.02,7,7,-1.000,0
63.7084,2.90,0.03,0.99,-0.13,0.11,7,7,-1.000,0
63.7124,2.86,-0.05,1.06,-0.07,0.10,7,7,-1.000,0
63.7164,2.88,0.02,1.04,-0.17,0.10,7,7,-1.000,0
63.7207,2.87,-0.01,1.07,-0.11,0.07,7,7,-1.000,0
63.7250,2.85,-0.01,1.03,-0.07,0.05,7,7,-1.000,0
63.7292,2.90,0.04,1.08,-0.02,0.08,7,7,-1.000,0
63.7331,2.88,-0.02,1.00,-0.03,0.08,7,7,-1.000,0
63.7374,2.87,-0.01,1.03,-0.09,0.06,7,7,-1.000,0
63.7416,2.87,0.01,1.05,-0.06,0.03,7,7,-1.000,0
63.7460,2.87,-0.00,1.03,-0.02,0.05,7,7,-1.000,0
63.7499,2.87,-0.00,1.01,-0.06,0.05,7,7,-1.000,0
63.7543,2.93,0.06,1.07,-0.14,0.12,7,7,-1.000,0
63.7585,2.88,-0.05,1.04,-0.03,0.13,7,7,-1.000,0
63.7623,2.90,0.02,1.03,-0.15,0.13,7,7,-1.000,0
63.7665,2.84,-0.06,1.07,-0.10,0.09,7,7,-1.000,0
63.7707,2.87,0.03,1.10,-0.11,0.04,7,7,-1.000,0
63.7752,2.88,0.01,1.04,-0.03,0.09,7,7,-1.000,0
63.7790,2.90,0.02,1.11,-0.12,0.11,7,7,-1.000,0
63.7831,2.91,0.01,1.08,-0.11,0.04,7,7,-1.000,0
63.7874,2.90,-0.01,0.93,-0.05,0.17,7,7,-1.000,0
63.7919,2.89,-0.01,1.05,-0.03,0.12,7,7,-1.000,0
63.7957,2.87,-0.01,0.99,-0.16,0.14,7,7,-1.000,0
63.7998,2.89,0.01,0.92,-0.09,0.10,7,7,-1.000,0
63.8040,2.87,-0.02,1.07,-0.08,0.15,7,7,-1.000,0
63.8082,2.88,0.02,1.00,0.01,0.11,7,7,-1.000,0
63.8125,2.84,-0.05,1.05,-0.12,0.14,7,7,-1.000,0
63.8167,2.88,0.04,1.04,-0.04,0.09,7,7,-1.000,0
63.8207,2.89,0.02,1.01,-0.00,0.05,7,7,-1.000,0
63.8250,2.88,-0.01,1.08,-0.07,0.10,7,7,-1.000,0
63.8292,2.86,-0.02,1.03,-0.08,0.05,7,7,-1.000,0
63.8335,2.87,0.01,1.07,-0.08,0.05,7,7,-1.000,0
63.8373,2.88,0.01,1.01,-0.05,0.07,7,7,-1.000,0
63.8417,2.90,0.02,0.99,-0.11,0.07,7,7,-1.000,0
63.8457,2.90,-0.00,1.08,-0.07,0.09,7,7,-1.000,0
63.8499,2.91,0.01,1.01,-0.10,0.08,7,7,-1.000,0
63.8543,2.87,-0.04,1.05,-0.15,0.08,7,7,-1.000,0
63.8583,2.86,-0.01,1.07,-0.09,0.07,7,7,-1.000,0
63.8623,2.86,-0.00,1.08,-0.11,0.02,7,7,-1.000,0
63.8665,2.88,0.02,1.02,-0.18,0.09,7,7,-1.000,0
63.8706,2.88,0.00,1.02,-0.10,0.08,7,7,-1.000,0
63.8752,2.90,0.02,0.99,-0.06,0.06,7,7,-1.000,0
63.8791,2.89,-0.02,1.01,-0.11,0.06,7,7,-1.000,0
63.8831,2.87,-0.01,1.04,-0.11,0.04,7,7,-1.000,0
63.8874,2.88,0.01,1.02,0.02,0.13,7,7,-1.000,0
63.8919,2.88,-0.00,1.14,-0.12,0.18,7,7,-1.000,0
63.8958,2.88,0.01,1.08,-0.10,0.06,7,7,-1.000,0
63.8998,2.91,0.03,1.15,-0.14,0.08,7,7,-1.000,0
63.9042,2.90,-0.01,1.08,-0.17,0.08,7,7,-1.000,0
63.9085,2.88,-0.02,1.11,-0.19,0.04,7,7,-1.000,0
63.9124,2.86,-0.02,1.06,-0.15,0.07,7,7,-1.000,0
63.9164,2.88,0.02,1.12,-0.11,0.07,7,7,-1.000,0
63.9207,2.87,-0.00,1.14,-0.14,0.03,7,7,-1.000,0
63.9251,2.85,-0.02,1.09,-0.21,0.09,7,7,-1.000,0
63.9290,2.91,0.06,1.12,-0.15,0.09,7,7,-1.000,0
63.9331,2.88,-0.03,1.09,-0.08,0.08,7,7,-1.000,0
63.9374,2.86,-0.02,1.07,-0.11,0.04,7,7,-1.000,0
63.9416,2.84,-0.02,1.07,-0.11,0.02,7,7,-1.000,0
63.9457,2.87,0.03,1.01,-0.14,0.08,7,7,-1.000,0
63.9498,2.88,0.01,1.07,-0.13,0.06,7,7,-1.000,0
63.9542,2.88,-0.00,1.05,-0.19,0.06,7,7,-1.000,0
63.9586,2.85,-0.03,1.11,-0.17,0.07,7,7,-1.000,0
63.9623,2.87,0.02,1.13,-0.20,0.04,7,7,-1.000,0
63.9665,2.87,-0.00,1.06,-0.20,0.07,7,7,-1.000,0
63.9707,2.86,-0.01,1.08,-0.16,0.04,7,7,-1.000,0
63.9751,2.85,-0.01,1.06,-0.15,0.03,7,7,-1.000,0
63.9790,2.86,0.01,1.12,-0.17,0.07,7,7,-1.000,0
63.9831,2.87,0.01,1.03,-0.20,0.10,7,7,-1.000,0
63.9876,2.85,-0.02,1.16,-0.16,0.14,7,7,-1.000,0
63.9919,2.92,0.07,1.03,-0.01,0.21,7,7,-1.000,0
63.9958,2.88,-0.04,1.03,-0.16,0.15,7,7,-1.000,0
63.9998,2.89,0.00,1.02,-0.15,0.02,7,7,-1.000,0
64.0040,2.85,-0.03,1.05,-0.15,0.05,7,7,-1.000,0
64.0085,2.89,0.03,1.06,-0.14,0.04,7,7,-1.000,0
64.0123,2.85,-0.03,1.05,-0.12,0.04,7,7,-1.000,0
64.0165,2.93,0.07,1.05,-0.18,0.10,7,7,-1.000,0
64.0207,2.90,-0.03,1.02,-0.13,0.06,7,7,-1.000,0
64.0251,2.90,-0.00,1.01,-0.03,0.10,7,7,-1.000,0
64.0290,2.85,-0.05,1.02,-0.13,0.11,7,7,-1.000,0
64.0332,2.87,0.02,1.14,-0.09,0.13,7,7,-1.000,0
64.0374,2.90,0.03,1.06,-0.09,0.08,7,7,-1.000,0
64.0415,2.86,-0.03,1.10,-0.12,0.06,7,7,-1.000,0
64.0457,2.87,0.01,1.08,-0.15,0.04,7,7,-1.000,0
64.0498,2.88,0.01,1.01,-0.04,0.12,7,7,-1.000,0
64.0542,2.89,0.01,1.04,-0.10,0.07,7,7,-1.000,0
64.0584,2.85,-0.04,0.99,-0.05,0.08,7,7,-1.000,0
64.0625,2.87,0.01,1.00,-0.06,0.01,7,7,-1.000,0
64.0665,2.88,0.01,1.03,-0.10,0.06,7,7,-1.000,0
64.0707,2.87,-0.01,1.01,-0.00,0.10,7,7,-1.000,0
64.0750,2.89,0.02,1.09,-0.10,0.12,7,7,-1.000,0
64.0792,2.84,-0.04,1.00,-0.07,0.11,7,7,-1.000,0
64.0830,2.85,0.00,0.98,-0.05,0.02,7,7,-1.000,0
64.0875,2.90,0.06,1.04,-0.06,0.08,7,7,-1.000,0
64.0921,2.85,-0.05,0.99,-0.07,0.08,7,7,-1.000,0
64.0957,2.85,0.00,1.01,-0.10,0.04,7,7,-1.000,0
64.0998,2.85,0.00,1.04,-0.07,0.04,7,7,-1.000,0
64.1065,2.90,0.04,0.96,-0.00,0.12,7,7,-1.000,0
64.1111,2.88,-0.02,1.01,-0.03,0.05,7,7,-1.000,0
64.1145,2.89,0.01,1.07,-0.15,0.14,7,7,-1.000,0
64.1187,2.89,0.00,1.08,-0.09,0.06,7,7,-1.000,0
64.1232,2.87,-0.02,1.03,-0.01,0.09,7,7,-1.000,0
64.1274,2.86,-0.01,1.11,-0.12,0.14,7,7,-1.000,0
64.1313,2.88,0.01,0.97,-0.05,0.16,7,7,-1.000,0
64.1353,2.85,-0.02,0.99,-0.08,0.04,7,7,-1.000,0
64.1395,2.90,0.05,0.96,-0.07,0.06,7,7,-1.000,0
64.1435,2.89,-0.01,1.13,-0.14,0.19,7,7,-1.000,0
64.1475,2.90,0.02,1.06,-0.12,0.08,7,7,-1.000,0
64.1524,2.90,-0.00,1.01,-0.10,0.05,7,7,-1.000,0
64.1566,2.87,-0.03,0.99,-0.06,0.05,7,7,-1.000,0
64.1607,2.86,-0.00,0.99,-0.05,0.01,7,7,-1.000,0
64.1638,2.87,0.00,1.01,-0.11,0.06,7,7,-1.000,0
64.1667,2.86,-0.01,0.97,0.01,0.13,7,7,-1.000,0
64.1714,2.87,0.00,1.05,-0.10,0.14,7,7,-1.000,0
64.1750,2.89,0.02,1.07,-0.08,0.04,7,7,-1.000,0
64.1793,2.91,0.02,0.97,-0.06,0.10,7,7,-1.000,0
64.1834,2.86,-0.05,0.95,-0.06,0.06,7,7,-1.000,0
64.1876,2.92,0.06,0.96,-0.03,0.07,7,7,-1.000,0
64.1920,2.85,-0.07,1.08,-0.08,0.15,7,7,-1.000,0
64.1959,2.88,0.03,1.02,-0.06,0.07,7,7,-1.000,0
64.1998,2.91,0.04,1.07,-0.17,0.13,7,7,-1.000,0
64.2041,2.88,-0.03,0.96,-0.10,0.13,7,7,-1.000,0
64.2085,2.88,-0.01,1.00,-0.10,0.04,7,7,-1.000,0
64.2125,2.86,-0.02,0.99,-0.13,0.03,7,7,-1.000,0
64.2164,2.87,0.02,1.06,-0.13,0.07,7,7,-1.000,0
64.2208,2.86,-0.01,1.07,-0.11,0.02,7,7,-1.000,0
64.2252,2.85,-0.01,1.03,-0.10,0.04,7,7,-1.000,0
64.2292,2.91,0.06,1.01,-0.06,0.08,7,7,-1.000,0
64.2331,2.87,-0.05,1.08,-0.16,0.13,7,7,-1.000,0
64.2375,2.87,0.00,1.08,-0.09,0.08,7,7,-1.000,0
64.2419,2.87,0.00,0.96,-0.11,0.12,7,7,-1.000,0
64.2458,2.92,0.05,1.02,-0.09,0.08,7,7,-1.000,0
64.2497,2.88,-0.04,1.02,-0.11,0.04,7,7,-1.000,0
64.2542,2.90,0.02,0.96,-0.06,0.08,7,7,-1.000,0
64.2585,2.88,-0.02,1.00,-0.02,0.06,7,7,-1.000,0
64.2625,2.92,0.04,0.98,-0.03,0.04,7,7,-1.000,0
64.2665,2.88,-0.04,1.02,-0.04,0.06,7,7,-1.000,0
64.2708,2.90,0.02,0.91,-0.05,0.11,7,7,-1.000,0
64.2752,2.88,-0.02,1.00,-0.01,0.10,7,7,-1.000,0
64.2789,2.88,0.01,1.02,-0.03,0.03,7,7,-1.000,0
64.2831,2.89,0.00,1.07,-0.10,0.09,7,7,-1.000,0
64.2875,2.87,-0.02,1.00,-0.10,0.08,7,7,-1.000,0
64.2918,2.88,0.01,1.07,-0.12,0.08,7,7,-1.000,0
64.2958,2.91,0.03,1.08,-0.12,0.03,7,7,-1.000,0
64.2998,2.87,-0.04,1.04,-0.09,0.06,7,7,-1.000,0
64.3044,2.88,0.01,1.03,-0.06,0.04,7,7,-1.000,0
64.3087,2.86,-0.02,0.97,-0.06,0.07,7,7,-1.000,0
64.3124,2.91,0.05,1.02,-0.11,0.09,7,7,-1.000,0
64.3166,2.88,-0.02,1.10,-0.09,0.08,7,7,-1.000,0
64.3208,2.91,0.03,0.99,-0.09,0.11,7,7,-1.000,0
64.3252,2.89,-0.02,1.10,-0.11,0.11,7,7,-1.000,0
64.3292,2.87,-0.02,1.03,-0.05,0.10,7,7,-1.000,0
64.3331,2.90,0.03,1.05,-0.05,0.04,7,7,-1.000,0
64.3375,2.87,-0.02,1.00,-0.12,0.09,7,7,-1.000,0
64.3417,2.91,0.03,1.06,-0.13,0.07,7,7,-1.000,0
64.3456,2.89,-0.02,0.95,-0.09,0.12,7,7,-1.000,0
64.3498,2.90,0.01,0.95,-0.07,0.03,7,7,-1.000,0
64.3543,2.89,-0.02,0.97,-0.12,0.06,7,7,-1.000,0
64.3587,2.90,0.01,0.99,-0.11,0.03,7,7,-1.000,0
64.3624,2.91,0.01,0.97,-0.09,0.03,7,7,-1.000,0
64.3666,2.87,-0.04,1.09,-0.11,0.13,7,7,-1.000,0
64.3711,2.89,0.02,1.07,-0.04,0.08,7,7,-1.000,0
64.3752,2.87,-0.02,1.07,-0.20,0.17,7,7,-1.000,0
64.3791,2.90,0.03,1.12,-0.07,0.15,7,7,-1.000,0
64.3831,2.88,-0.02,1.02,-0.11,0.11,7,7,-1.000,0
64.3875,2.89,0.01,1.02,-0.13,0.02,7,7,-1.000,0
64.3917,2.88,-0.01,1.03,-0.09,0.05,7,7,-1.000,0
64.3957,2.88,-0.00,0.96,-0.07,0.07,7,7,-1.000,0
64.3998,2.88,-0.00,1.05,-0.11,0.10,7,7,-1.000,0
64.4042,2.86,-0.02,1.07,-0.11,0.02,7,7,-1.000,0
64.4084,2.89,0.03,1.00,0.01,0.14,7,7,-1.000,0
64.4122,2.87,-0.02,0.99,-0.04,0.05,7,7,-1.000,0
64.4163,2.86,-0.02,1.05,-0.14,0.12,7,7,-1.000,0
64.4207,2.89,0.04,1.03,-0.05,0.10,7,7,-1.000,0
64.4252,2.89,-0.01,1.05,-0.00,0.05,7,7,-1.000,0
64.4292,2.85,-0.03,0.93,-0.05,0.14,7,7,-1.000,0
64.4331,2.85,-0.00,1.07,-0.13,0.16,7,7,-1.000,0
64.4375,2.85,0.00,1.02,-0.09,0.06,7,7,-1.000,0
64.4421,2.86,0.01,0.96,-0.09,0.06,7,7,-1.000,0
64.4458,2.85,-0.01,1.00,-0.11,0.05,7,7,-1.000,0
64.4499,2.93,0.08,0.91,-0.01,0.16,7,7,-1.000,0
64.4542,2.87,-0.06,1.07,-0.11,0.20,7,7,-1.000,0
64.4585,2.87,0.00,1.11,-0.11,0.04,7,7,-1.000,0
64.4624,2.86,-0.01,1.09,-0.09,0.03,7,7,-1.000,0
64.4664,2.88,0.02,0.98,-0.06,0.11,7,7,-1.000,0
64.4708,2.87,-0.01,1.06,-0.09,0.09,7,7,-1.000,0
64.4753,2.89,0.02,1.07,-0.10,0.02,7,7,-1.000,0
64.4794,2.89,0.00,1.03,-0.13,0.05,7,7,-1.000,0
64.4832,2.88,-0.00,0.99,-0.00,0.13,7,7,-1.000,0
64.4875,2.90,0.01,1.03,-0.12,0.12,7,7,-1.000,0
64.4921,2.91,0.01,0.98,-0.00,0.13,7,7,-1.000,0
64.4957,2.89,-0.02,1.10,-0.05,0.13,7,7,-1.000,0
64.4999,2.87,-0.02,1.11,-0.21,0.16,7,7,-1.000,0
64.5043,2.87,0.01,1.15,-0.15,0.07,7,7,-1.000,0
64.5086,2.85,-0.03,1.10,-0.18,0.07,7,7,-1.000,0
64.5124,2.88,0.03,1.12,-0.15,0.05,7,7,-1.000,0
64.5166,2.84,-0.03,1.06,-0.16,0.07,7,7,-1.000,0
64.5209,2.87,0.03,1.16,-0.16,0.10,7,7,-1.000,0
64.5250,2.88,0.00,1.08,-0.14,0.08,7,7,-1.000,0
64.5291,2.88,0.00,1.18,-0.13,0.10,7,7,-1.000,0
64.5331,2.87,-0.01,1.08,-0.17,0.11,7,7,-1.000,0
64.5376,2.87,-0.00,1.12,-0.15,0.04,7,7,-1.000,0
64.5421,2.86,-0.01,1.08,-0.15,0.04,7,7,-1.000,0
64.5459,2.86,-0.01,1.05,-0.16,0.03,7,7,-1.000,0
64.5499,2.85,-0.00,1.06,-0.15,0.02,7,7,-1.000,0
64.5542,2.84,-0.01,1.06,-0.15,0.01,7,7,-1.000,0
64.5585,2.86,0.02,1.08,-0.11,0.05,7,7,-1.000,0
64.5623,2.92,0.06,1.11,-0.12,0.07,7,7,-1.000,0
64.5665,2.88,-0.04,1.08,-0.16,0.07,7,7,-1.000,0
64.5708,2.88,0.00,1.00,-0.05,0.13,7,7,-1.000,0
64.5751,2.86,-0.02,1.01,-0.09,0.04,7,7,-1.000,0
64.5790,2.90,0.04,1.05,-0.12,0.07,7,7,-1.000,0
64.5831,2.87,-0.03,1.09,-0.08,0.07,7,7,-1.000,0
64.5874,2.89,0.02,1.14,-0.10,0.05,7,7,-1.000,0
64.5918,2.90,0.01,1.13,-0.10,0.01,7,7,-1.000,0
64.5958,2.89,-0.01,0.99,-0.06,0.15,7,7,-1.000,0
64.5998,2.88,-0.00,1.03,-0.10,0.06,7,7,-1.000,0
64.6041,2.90,0.01,1.08,-0.08,0.06,7,7,-1.000,0
64.6084,2.89,-0.01,1.05,-0.15,0.08,7,7,-1.000,0
64.6122,2.89,0.00,0.99,-0.12,0.07,7,7,-1.000,0
64.6164,2.93,0.04,1.05,-0.07,0.09,7,7,-1.000,0
64.6207,2.86,-0.07,1.02,-0.10,0.09,7,7,-1.000,0
64.6250,2.90,0.05,0.97,-0.09,0.07,7,7,-1.000,0
64.6290,2.86,-0.05,1.06,-0.09,0.10,7,7,-1.000,0
64.6330,2.87,0.01,1.05,-0.05,0.05,7,7,-1.000,0
64.6374,2.84,-0.03,1.00,-0.08,0.07,7,7,-1.000,0
64.6418,2.86,0.02,1.03,-0.11,0.05,7,7,-1.000,0
64.6457,2.87,0.01,0.98,-0.02,0.10,7,7,-1.000,0
64.6497,2.89,0.02,1.07,-0.00,0.09,7,7,-1.000,0
64.6540,2.91,0.02,1.07,-0.12,0.12,7,7,-1.000,0
64.6583,2.84,-0.07,1.08,-0.16,0.08,7,7,-1.000,0
64.6622,2.87,0.03,1.02,-0.04,0.14,7,7,-1.000,0
64.6664,2.84,-0.03,1.04,-0.13,0.10,7,7,-1.000,0
64.6707,2.87,0.02,1.02,-0.03,0.11,7,7,-1.000,0
64.6751,2.88,0.02,1.07,-0.07,0.07,7,7,-1.000,0
64.6789,2.90,0.02,0.96,-0.09,0.11,7,7,-1.000,0
64.6829,2.87,-0.03,1.08,-0.09,0.12,7,7,-1.000,0
64.6874,2.88,0.01,1.02,-0.07,0.06,7,7,-1.000,0
64.6916,2.88,-0.00,1.04,-0.06,0.02,7,7,-1.000,0
64.6956,2.88,-0.01,1.09,-0.06,0.05,7,7,-1.000,0
64.6997,2.89,0.02,1.06,-0.04,0.04,7,7,-1.000,0
64.7040,2.87,-0.02,1.01,-0.07,0.06,7,7,-1.000,0
64.7084,2.86,-0.01,0.99,-0.06,0.02,7,7,-1.000,0
64.7123,2.86,-0.00,1.02,-0.00,0.07,7,7,-1.000,0
64.7164,2.88,0.02,1.02,-0.07,0.07,7,7,-1.000,0
64.7206,2.87,-0.01,1.03,-0.07,0.01,7,7,-1.000,0
64.7250,2.84,-0.03,1.06,-0.11,0.06,7,7,-1.000,0
64.7290,2.86,0.02,1.10,-0.07,0.06,7,7,-1.000,0
64.7329,2.88,0.02,1.06,-0.08,0.05,7,7,-1.000,0
64.7374,2.90,0.02,1.08,-0.17,0.09,7,7,-1.000,0
64.7417,2.90,0.00,1.13,-0.14,0.06,7,7,-1.000,0
64.7456,2.88,-0.03,1.03,-0.13,0.11,7,7,-1.000,0
64.7497,2.86,-0.01,0.95,-0.08,0.09,7,7,-1.000,0
64.7541,2.86,-0.00,1.12,-0.15,0.19,7,7,-1.000,0
64.7584,2.89,0.03,1.03,-0.16,0.10,7,7,-1.000,0
64.7622,2.85,-0.04,1.10,-0.15,0.08,7,7,-1.000,0
64.7663,2.87,0.02,1.01,-0.19,0.10,7,7,-1.000,0
64.7707,2.90,0.03,1.08,-0.08,0.13,7,7,-1.000,0
64.7750,2.86,-0.04,1.03,-0.09,0.07,7,7,-1.000,0
64.7789,2.89,0.03,1.01,-0.12,0.05,7,7,-1.000,0
64.7830,2.90,0.01,0.95,-0.01,0.13,7,7,-1.000,0
64.7874,2.86,-0.04,1.04,-0.07,0.12,7,7,-1.000,0
64.7916,2.88,0.02,1.09,-0.06,0.05,7,7,-1.000,0
64.7957,2.87,-0.01,1.09,-0.16,0.09,7,7,-1.000,0
64.7997,2.89,0.02,1.05,-0.07,0.11,7,7,-1.000,0
64.8040,2.87,-0.02,1.10,-0.11,0.07,7,7,-1.000,0
64.8083,2.85,-0.02,1.05,-0.13,0.06,7,7,-1.000,0
64.8126,2.86,0.01,1.03,-0.09,0.04,7,7,-1.000,0
64.8168,2.88,0.02,1.05,-0.16,0.07,7,7,-1.000,0
64.8208,2.88,-0.00,1.02,-0.11,0.06,7,7,-1.000,0
64.8248,2.89,0.01,1.03,-0.12,0.02,7,7,-1.000,0
64.8290,2.90,0.01,1.15,-0.06,0.13,7,7,-1.000,0
64.8333,2.87,-0.03,1.09,-0.11,0.08,7,7,-1.000,0
64.8375,2.86,-0.01,1.06,-0.16,0.06,7,7,-1.000,0
64.8417,2.88,0.02,1.10,-0.05,0.11,7,7,-1.000,0
64.8459,2.90,0.01,1.07,-0.13,0.08,7,7,-1.000,0
64.8496,2.90,0.01,1.02,-0.14,0.05,7,7,-1.000,0
64.8540,2.92,0.02,1.07,-0.01,0.14,7,7,-1.000,0
64.8585,2.90,-0.02,1.00,-0.07,0.09,7,7,-1.000,0
64.8623,2.90,0.00,1.05,-0.03,0.06,7,7,-1.000,0
64.8663,2.89,-0.01,1.01,-0.02,0.05,7,7,-1.000,0
64.8707,2.88,-0.01,1.13,-0.14,0.18,7,7,-1.000,0
64.8748,2.87,-0.00,1.08,-0.20,0.08,7,7,-1.000,0
64.8789,2.86,-0.02,1.15,-0.15,0.08,7,7,-1.000,0
64.8831,2.86,-0.00,1.05,-0.13,0.09,7,7,-1.000,0
64.8874,2.86,-0.00,1.18,-0.18,0.14,7,7,-1.000,0
64.8917,2.91,0.05,1.03,-0.13,0.17,7,7,-1.000,0
64.8956,2.85,-0.06,1.06,-0.17,0.08,7,7,-1.000,0
64.8997,2.88,0.04,1.10,-0.10,0.09,7,7,-1.000,0
64.9041,2.86,-0.02,1.10,-0.22,0.12,7,7,-1.000,0
64.9084,2.89,0.03,1.07,-0.14,0.08,7,7,-1.000,0
64.9123,2.85,-0.05,1.08,-0.13,0.05,7,7,-1.000,0
64.9163,2.85,0.01,1.07,-0.15,0.02,7,7,-1.000,0
64.9208,2.86,0.00,1.10,-0.16,0.03,7,7,-1.000,0
64.9252,2.87,0.02,1.13,-0.11,0.06,7,7,-1.000,0
64.9291,2.87,-0.01,1.06,-0.07,0.09,7,7,-1.000,0
64.9332,2.84,-0.03,1.06,-0.10,0.04,7,7,-1.000,0
64.9374,2.89,0.05,1.07,-0.09,0.05,7,7,-1.000,0
64.9418,2.88,-0.01,1.00,-0.14,0.08,7,7,-1.000,0
64.9458,2.89,0.01,0.98,-0.11,0.04,7,7,-1.000,0
64.9498,2.89,0.00,1.12,-0.13,0.15,7,7,-1.000,0
64.9541,2.88,-0.01,1.03,-0.08,0.10,7,7,-1.000,0
64.9586,2.88,-0.00,1.01,-0.03,0.06,7,7,-1.000,0
64.9625,2.89,0.02,1.09,-0.12,0.12,7,7,-1.000,0
64.9665,2.86,-0.03,1.02,-0.13,0.08,7,7,-1.000,0
64.9708,2.84,-0.02,0.98,-0.07,0.08,7,7,-1.000,0
64.9752,2.89,0.06,1.12,-0.05,0.15,7,7,-1.000,0
64.9791,2.90,0.01,1.09,-0.10,0.05,7,7,-1.000,0
64.9832,2.91,0.00,1.05,-0.08,0.05,7,7,-1.000,0
64.9875,2.87,-0.04,1.08,-0.10,0.06,7,7,-1.000,0
64.9918,2.85,-0.02,1.02,-0.05,0.08,7,7,-1.000,0
64.9957,2.87,0.01,1.03,-0.12,0.06,7,7,-1.000,0
64.9999,2.90,0.04,1.12,-0.14,0.10,7,7,-1.000,0
65.0041,2.87,-0.03,1.03,-0.03,0.14,7,7,-1.000,0
65.0084,2.86,-0.01,1.01,-0.14,0.11,7,7,-1.000,0
65.0123,2.88,0.02,1.06,-0.10,0.06,7,7,-1.000,0
65.0164,2.87,-0.01,1.03,-0.11,0.03,7,7,-1.000,0
65.0207,2.89,0.02,1.08,-0.11,0.05,7,7,-1.000,0
65.0251,2.90,0.01,0.91,-0.05,0.18,7,7,-1.000,0
65.0290,2.89,-0.01,1.03,-0.04,0.13,7,7,-1.000,0
65.0331,2.89,-0.00,0.97,-0.10,0.09,7,7,-1.000,0
65.0373,2.87,-0.02,1.07,-0.10,0.10,7,7,-1.000,0
65.0417,2.92,0.04,0.94,-0.07,0.14,7,7,-1.000,0
65.0455,2.86,-0.05,1.01,-0.04,0.09,7,7,-1.000,0
65.0497,2.89,0.03,0.96,-0.14,0.11,7,7,-1.000,0
65.0540,2.89,0.01,1.00,-0.11,0.05,7,7,-1.000,0
65.0584,2.87,-0.02,1.07,-0.13,0.07,7,7,-1.000,0
65.0622,2.84,-0.04,1.06,-0.19,0.07,7,7,-1.000,0
65.0662,2.87,0.03,1.06,-0.19,0.03,7,7,-1.000,0
65.0707,2.85,-0.02,1.16,-0.19,0.10,7,7,-1.000,0
65.0749,2.84,-0.01,1.10,-0.20,0.06,7,7,-1.000,0
65.0790,2.89,0.05,1.11,-0.17,0.06,7,7,-1.000,0
65.0832,2.88,-0.01,1.12,-0.20,0.03,7,7,-1.000,0
65.0873,2.91,0.03,1.11,-0.17,0.04,7,7,-1.000,0
65.0918,2.87,-0.04,1.13,-0.17,0.05,7,7,-1.000,0
65.0955,2.86,-0.01,1.12,-0.16,0.02,7,7,-1.000,0
65.0997,2.87,0.01,1.08,-0.15,0.05,7,7,-1.000,0
65.1056,2.85,-0.02,1.09,-0.16,0.03,7,7,-1.000,0
65.1101,2.89,0.04,1.01,-0.13,0.10,7,7,-1.000,0
65.1145,2.87,-0.02,1.09,-0.14,0.08,7,7,-1.000,0
65.1184,2.85,-0.02,1.05,-0.12,0.05,7,7,-1.000,0
65.1228,2.86,0.02,1.05,-0.14,0.03,7,7,-1.000,0
65.1265,2.87,0.00,1.05,-0.19,0.04,7,7,-1.000,0
65.1310,2.85,-0.02,1.00,-0.13,0.08,7,7,-1.000,0
65.1357,2.86,0.01,0.98,-0.18,0.06,7,7,-1.000,0
65.1398,2.85,-0.01,1.03,-0.09,0.10,7,7,-1.000,0
65.1438,2.85,0.00,1.10,-0.17,0.11,7,7,-1.000,0
65.1476,2.85,0.00,1.07,-0.13,0.05,7,7,-1.000,0
65.1518,2.86,0.01,1.07,-0.14,0.01,7,7,-1.000,0
65.1560,2.88,0.02,1.11,-0.24,0.11,7,7,-1.000,0
65.1600,2.88,0.00,1.06,-0.08,0.16,7,7,-1.000,0
65.1651,2.90,0.02,1.02,-0.10,0.05,7,7,-1.000,0
65.1689,2.88,-0.03,1.04,-0.11,0.04,7,7,-1.000,0
65.1738,2.88,-0.00,1.09,-0.09,0.05,7,7,-1.000,0
65.1772,2.88,0.00,1.05,-0.02,0.08,7,7,-1.000,0
65.1810,2.88,0.00,1.08,-0.15,0.13,7,7,-1.000,0
65.1852,2.88,-0.00,1.04,-0.15,0.04,7,7,-1.000,0
65.1875,2.91,0.03,1.14,-0.09,0.12,7,7,-1.000,0
65.1918,2.86,-0.05,1.05,-0.10,0.11,7,7,-1.000,0
65.1963,2.87,0.01,0.99,-0.05,0.08,7,7,-1.000,0
65.2000,2.87,-0.00,1.08,-0.12,0.12,7,7,-1.000,0
65.2042,2.89,0.02,1.04,-0.04,0.10,7,7,-1.000,0
65.2082,2.90,0.01,1.04,-0.07,0.03,7,7,-1.000,0
65.2121,2.88,-0.01,1.05,-0.07,0.02,7,7,-1.000,0
65.2162,2.90,0.02,1.06,-0.11,0.05,7,7,-1.000,0
65.2207,2.86,-0.04,1.15,-0.15,0.11,7,7,-1.000,0
65.2251,2.88,0.03,1.10,-0.19,0.07,7,7,-1.000,0
65.2289,2.85,-0.03,1.05,-0.21,0.06,7,7,-1.000,0
65.2329,2.89,0.04,1.11,-0.20,0.07,7,7,-1.000,0
65.2373,2.88,-0.02,1.12,-0.15,0.06,7,7,-1.000,0
65.2417,2.89,0.01,1.14,-0.23,0.09,7,7,-1.000,0
65.2456,2.88,-0.01,1.09,-0.16,0.08,7,7,-1.000,0
65.2497,2.84,-0.04,1.13,-0.24,0.09,7,7,-1.000,0
65.2540,2.89,0.05,1.09,-0.15,0.11,7,7,-1.000,0
65.2586,2.89,-0.01,1.08,-0.14,0.02,7,7,-1.000,0
65.2623,2.87,-0.01,1.03,-0.16,0.05,7,7,-1.000,0
65.2662,2.90,0.03,1.12,-0.09,0.12,7,7,-1.000,0
65.2708,2.85,-0.06,1.02,-0.11,0.11,7,7,-1.000,0
65.2751,2.88,0.03,1.07,-0.12,0.05,7,7,-1.000,0
65.2790,2.87,-0.01,1.10,-0.16,0.05,7,7,-1.000,0
65.2830,2.87,0.00,1.07,-0.13,0.04,7,7,-1.000,0
65.2874,2.85,-0.02,1.05,-0.17,0.05,7,7,-1.000,0
65.2918,2.88,0.02,1.03,-0.08,0.10,7,7,-1.000,0
65.2956,2.89,0.01,1.02,-0.12,0.04,7,7,-1.000,0
65.2997,2.91,0.02,1.00,-0.15,0.04,7,7,-1.000,0
65.3043,2.85,-0.05,1.08,-0.14,0.10,7,7,-1.000,0
65.3085,2.87,0.02,1.06,-0.11,0.04,7,7,-1.000,0
65.3124,2.86,-0.02,1.08,-0.18,0.08,7,7,-1.000,0
65.3163,2.85,-0.00,1.14,-0.20,0.07,7,7,-1.000,0
65.3209,2.89,0.03,1.07,-0.22,0.07,7,7,-1.000,0
65.3252,2.87,-0.02,1.07,-0.19,0.03,7,7,-1.000,0
65.3292,2.88,0.01,1.07,-0.20,0.02,7,7,-1.000,0
65.3332,2.87,-0.01,1.06,-0.22,0.02,7,7,-1.000,0
65.3375,2.87,-0.00,1.07,-0.13,0.09,7,7,-1.000,0
65.3419,2.88,0.01,1.06,-0.18,0.05,7,7,-1.000,0
65.3458,2.88,-0.00,1.11,-0.16,0.05,7,7,-1.000,0
65.3498,2.87,-0.01,1.04,-0.20,0.07,7,7,-1.000,0
65.3541,2.89,0.02,1.00,-0.17,0.05,7,7,-1.000,0
65.3586,2.89,-0.01,1.01,-0.12,0.05,7,7,-1.000,0
65.3626,2.87,-0.02,1.12,-0.15,0.12,7,7,-1.000,0
65.3666,2.87,-0.00,1.13,-0.08,0.07,7,7,-1.000,0
65.3709,2.84,-0.02,1.02,-0.14,0.13,7,7,-1.000,0
65.3754,2.87,0.02,0.99,-0.18,0.06,7,7,-1.000,0
65.3793,2.86,-0.01,1.10,-0.15,0.11,7,7,-1.000,0
65.3835,2.89,0.03,1.03,-0.07,0.11,7,7,-1.000,0
65.3881,2.90,0.01,1.10,-0.12,0.09,7,7,-1.000,0
65.3925,2.88,-0.02,1.04,-0.16,0.07,7,7,-1.000,0
65.3961,2.90,0.02,1.02,-0.13,0.04,7,7,-1.000,0
65.4000,2.88,-0.01,1.00,-0.04,0.10,7,7,-1.000,0
65.4043,2.89,0.01,1.05,-0.07,0.06,7,7,-1.000,0
65.4086,2.90,0.01,1.01,-0.14,0.08,7,7,-1.000,0
65.4124,2.85,-0.04,1.09,-0.14,0.09,7,7,-1.000,0
65.4164,2.90,0.05,0.98,-0.10,0.12,7,7,-1.000,0
65.4209,2.87,-0.03,1.09,-0.13,0.12,7,7,-1.000,0
65.4253,2.86,-0.01,1.01,-0.12,0.08,7,7,-1.000,0
65.4292,2.84,-0.02,1.04,-0.18,0.07,7,7,-1.000,0
65.4331,2.89,0.05,1.10,-0.09,0.12,7,7,-1.000,0
65.4375,2.84,-0.05,1.00,-0.08,0.12,7,7,-1.000,0
65.4418,2.85,0.01,1.09,-0.16,0.12,7,7,-1.000,0
65.4458,2.89,0.04,0.99,-0.11,0.12,7,7,-1.000,0
65.4498,2.85,-0.04,1.08,-0.17,0.12,7,7,-1.000,0
65.4542,2.89,0.04,1.03,-0.11,0.09,7,7,-1.000,0
65.4587,2.89,-0.00,1.04,-0.01,0.10,7,7,-1.000,0
65.4624,2.87,-0.02,0.94,-0.14,0.16,7,7,-1.000,0
65.4664,2.88,0.01,0.98,-0.16,0.04,7,7,-1.000,0
65.4709,2.89,0.01,1.04,-0.14,0.06,7,7,-1.000,0
65.4752,2.86,-0.03,1.05,-0.10,0.05,7,7,-1.000,0
65.4791,2.88,0.02,1.03,-0.14,0.05,7,7,-1.000,0
65.4834,2.86,-0.02,1.01,-0.18,0.04,7,7,-1.000,0
65.4876,2.89,0.03,1.09,-0.11,0.11,7,7,-1.000,0
65.4919,2.88,-0.01,1.06,-0.13,0.04,7,7,-1.000,0
65.4958,2.86,-0.01,1.03,-0.13,0.03,7,7,-1.000,0
65.4998,2.88,0.01,1.02,-0.08,0.05,7,7,-1.000,0
65.5042,2.85,-0.03,1.02,-0.10,0.03,7,7,-1.000,0
65.5084,2.86,0.01,1.05,-0.17,0.07,7,7,-1.000,0
65.5123,2.91,0.05,0.93,-0.04,0.18,7,7,-1.000,0
65.5164,2.90,-0.02,1.08,-0.11,0.16,7,7,-1.000,0
65.5208,2.86,-0.04,1.03,-0.06,0.07,7,7,-1.000,0
65.5251,2.89,0.03,1.04,-0.05,0.04,7,7,-1.000,0
65.5289,2.88,-0.01,1.02,-0.04,0.03,7,7,-1.000,0
65.5331,2.86,-0.02,1.06,-0.13,0.09,7,7,-1.000,0
65.5372,2.86,0.01,1.05,-0.13,0.01,7,7,-1.000,0
65.5417,2.88,0.01,1.09,-0.12,0.05,7,7,-1.000,0
65.5456,2.90,0.02,1.08,-0.06,0.06,7,7,-1.000,0
65.5497,2.92,0.02,1.04,-0.10,0.06,7,7,-1.000,0
65.5541,2.86,-0.05,1.03,-0.07,0.06,7,7,-1.000,0
65.5584,2.89,0.03,1.02,-0.17,0.10,7,7,-1.000,0
65.5622,2.89,0.01,0.98,-0.08,0.10,7,7,-1.000,0
65.5662,2.84,-0.05,0.96,-0.08,0.06,7,7,-1.000,0
65.5707,2.92,0.08,1.07,-0.04,0.15,7,7,-1.000,0
65.5751,2.89,-0.04,1.00,-0.01,0.08,7,7,-1.000,0
65.5792,2.92,0.03,0.99,-0.07,0.07,7,7,-1.000,0
65.5832,2.86,-0.05,0.99,-0.01,0.08,7,7,-1.000,0
65.5876,2.89,0.03,0.99,-0.05,0.04,7,7,-1.000,0
65.5918,2.87,-0.02,1.03,-0.06,0.04,7,7,-1.000,0
65.5958,2.87,-0.00,1.01,-0.09,0.04,7,7,-1.000,0
65.6000,2.90,0.04,1.08,-0.11,0.08,7,7,-1.000,0
65.6042,2.89,-0.01,1.03,-0.09,0.05,7,7,-1.000,0
65.6087,2.89,-0.00,1.04,-0.14,0.05,7,7,-1.000,0
65.6124,2.87,-0.02,1.06,-0.15,0.03,7,7,-1.000,0
65.6165,2.84,-0.03,1.01,-0.12,0.07,7,7,-1.000,0
65.6209,2.86,0.02,1.04,-0.11,0.04,7,7,-1.000,0
65.6254,2.89,0.03,1.11,-0.11,0.08,7,7,-1.000,0
65.6292,2.87,-0.02,1.08,-0.12,0.04,7,7,-1.000,0
65.6333,2.90,0.03,1.08,-0.12,0.03,7,7,-1.000,0
65.6376,2.89,-0.01,0.98,-0.09,0.10,7,7,-1.000,0
65.6419,2.89,0.00,1.09,-0.11,0.11,7,7,-1.000,0
65.6459,2.90,0.00,1.05,-0.05,0.08,7,7,-1.000,0
65.6500,2.90,0.00,1.03,-0.09,0.05,7,7,-1.000,0
65.6543,2.89,-0.01,0.97,-0.10,0.05,7,7,-1.000,0
65.6584,2.88,-0.01,1.05,-0.03,0.10,7,7,-1.000,0
65.6623,2.87,-0.01,1.03,-0.06,0.03,7,7,-1.000,0
65.6665,2.88,0.01,1.04,-0.17,0.12,7,7,-1.000,0
65.6710,2.89,0.00,1.06,-0.18,0.03,7,7,-1.000,0
65.6752,2.88,-0.00,1.07,-0.06,0.11,7,7,-1.000,0
65.6791,2.91,0.02,1.03,-0.09,0.06,7,7,-1.000,0
65.6832,2.87,-0.03,0.99,-0.09,0.05,7,7,-1.000,0
65.6875,2.87,-0.01,1.01,-0.07,0.03,7,7,-1.000,0
65.6919,2.91,0.05,1.05,-0.14,0.10,7,7,-1.000,0
65.6958,2.89,-0.02,0.99,-0.04,0.12,7,7,-1.000,0
65.6998,2.84,-0.05,1.04,-0.10,0.09,7,7,-1.000,0
65.7044,2.90,0.05,1.09,-0.14,0.09,7,7,-1.000,0
65.7084,2.90,0.00,0.98,-0.11,0.11,7,7,-1.000,0
65.7123,2.88,-0.02,1.02,-0.00,0.12,7,7,-1.000,0
65.7167,2.90,0.02,1.01,-0.12,0.12,7,7,-1.000,0
65.7211,2.85,-0.05,1.07,-0.12,0.08,7,7,-1.000,0
65.7251,2.88,0.03,1.08,-0.11,0.04,7,7,-1.000,0
65.7291,2.86,-0.02,1.08,-0.11,0.02,7,7,-1.000,0
65.7331,2.88,0.01,1.03,-0.09,0.05,7,7,-1.000,0
65.7375,2.86,-0.02,1.02,-0.04,0.06,7,7,-1.000,0
65.7418,2.87,0.01,1.09,-0.11,0.10,7,7,-1.000,0
65.7458,2.86,-0.01,1.02,-0.07,0.08,7,7,-1.000,0
65.7499,2.87,0.01,1.10,-0.12,0.09,7,7,-1.000,0
65.7540,2.88,0.02,0.98,-0.03,0.15,7,7,-1.000,0
65.7586,2.85,-0.03,1.00,-0.10,0.08,7,7,-1.000,0
65.7624,2.90,0.06,1.03,-0.14,0.07,7,7,-1.000,0
65.7665,2.85,-0.05,1.16,-0.19,0.15,7,7,-1.000,0
65.7709,2.86,0.00,1.11,-0.18,0.05,7,7,-1.000,0
65.7750,2.85,-0.01,1.01,-0.11,0.12,7,7,-1.000,0
65.7791,2.86,0.01,1.13,-0.19,0.14,7,7,-1.000,0
65.7832,2.85,-0.01,1.09,-0.16,0.05,7,7,-1.000,0
65.7875,2.86,0.01,1.15,-0.15,0.06,7,7,-1.000,0
65.7917,2.84,-0.02,1.12,-0.17,0.04,7,7,-1.000,0
65.7955,2.84,-0.00,1.11,-0.14,0.03,7,7,-1.000,0
65.7997,2.86,0.01,1.11,-0.17,0.03,7,7,-1.000,0
65.8042,2.87,0.02,1.11,-0.20,0.04,7,7,-1.000,0
65.8082,2.85,-0.02,1.14,-0.25,0.05,7,7,-1.000,0
65.8125,2.88,0.02,1.14,-0.16,0.09,7,7,-1.000,0
65.8165,2.88,0.00,1.03,-0.19,0.12,7,7,-1.000,0
65.8207,2.89,0.02,1.06,-0.20,0.04,7,7,-1.000,0
65.8248,2.89,0.00,1.09,-0.11,0.10,7,7,-1.000,0
65.8292,2.86,-0.04,1.10,-0.11,0.04,7,7,-1.000,0
65.8333,2.85,-0.00,1.02,-0.11,0.08,7,7,-1.000,0
65.8376,2.85,-0.00,1.08,-0.11,0.07,7,7,-1.000,0
65.8418,2.90,0.05,1.01,-0.08,0.09,7,7,-1.000,0
65.8456,2.89,-0.00,1.03,-0.09,0.03,7,7,-1.000,0
65.8497,2.90,0.00,1.07,-0.13,0.06,7,7,-1.000,0
65.8540,2.86,-0.04,0.99,-0.03,0.14,7,7,-1.000,0
65.8583,2.83,-0.02,1.04,-0.14,0.12,7,7,-1.000,0
65.8621,2.86,0.03,1.07,-0.13,0.04,7,7,-1.000,0
65.8663,2.88,0.02,1.12,-0.14,0.06,7,7,-1.000,0
65.8706,2.84,-0.04,1.09,-0.11,0.06,7,7,-1.000,0
65.8751,2.88,0.03,0.99,-0.08,0.11,7,7,-1.000,0
65.8791,2.87,-0.01,1.05,-0.12,0.07,7,7,-1.000,0
65.8831,2.87,-0.00,1.02,-0.07,0.05,7,7,-1.000,0
65.8873,2.88,0.01,1.02,-0.15,0.08,7,7,-1.000,0
65.8917,2.85,-0.03,1.02,-0.09,0.06,7,7,-1.000,0
65.8956,2.89,0.04,1.08,-0.16,0.10,7,7,-1.000,0
65.8998,2.86,-0.03,1.08,-0.11,0.06,7,7,-1.000,0
65.9039,2.87,0.01,0.98,-0.02,0.13,7,7,-1.000,0
65.9084,2.87,-0.00,1.03,-0.06,0.06,7,7,-1.000,0
65.9124,2.87,-0.00,1.00,-0.10,0.05,7,7,-1.000,0
65.9163,2.87,0.00,1.02,-0.06,0.04,7,7,-1.000,0
65.9206,2.87,0.00,1.03,-0.06,0.01,7,7,-1.000,0
65.9251,2.88,0.01,1.05,-0.19,0.13,7,7,-1.000,0
65.9292,2.86,-0.02,1.00,-0.03,0.17,7,7,-1.000,0
65.9332,2.90,0.03,0.99,-0.08,0.06,7,7,-1.000,0
65.9374,2.91,0.01,1.01,-0.11,0.03,7,7,-1.000,0
65.9417,2.90,-0.01,0.98,-0.12,0.03,7,7,-1.000,0
65.9461,2.86,-0.04,1.00,-0.06,0.07,7,7,-1.000,0
65.9500,2.88,0.02,1.09,-0.13,0.11,7,7,-1.000,0
65.9542,2.89,0.02,1.06,-0.10,0.05,7,7,-1.000,0
65.9582,2.87,-0.03,1.01,-0.03,0.09,7,7,-1.000,0
65.9622,2.89,0.02,1.04,-0.01,0.04,7,7,-1.000,0
65.9664,2.86,-0.03,1.08,-0.12,0.12,7,7,-1.000,0
65.9708,2.87,0.01,1.09,-0.05,0.08,7,7,-1.000,0
65.9751,2.88,0.01,1.00,-0.16,0.14,7,7,-1.000,0
65.9791,2.85,-0.03,1.08,-0.10,0.11,7,7,-1.000,0
65.9831,2.87,0.02,1.08,-0.08,0.03,7,7,-1.000,0
65.9873,2.89,0.02,1.10,-0.08,0.03,7,7,-1.000,0
65.9914,2.91,0.02,1.09,-0.13,0.06,7,7,-1.000,0
65.9956,2.90,-0.01,0.97,-0.05,0.14,7,7,-1.000,0
65.9997,2.85,-0.05,1.08,-0.12,0.14,7,7,-1.000,0
66.0040,2.90,0.05,1.10,-0.06,0.08,7,7,-1.000,0
66.0084,2.87,-0.03,0.99,-0.15,0.14,7,7,-1.000,0
66.0124,2.86,-0.02,0.98,-0.07,0.08,7,7,-1.000,0
66.0163,2.89,0.03,1.06,-0.13,0.10,7,7,-1.000,0
66.0206,2.85,-0.04,1.02,-0.12,0.05,7,7,-1.000,0
66.0251,2.88,0.03,1.05,-0.09,0.05,7,7,-1.000,0
66.0291,2.88,0.00,1.03,-0.17,0.08,7,7,-1.000,0
66.0330,2.87,-0.01,1.09,-0.15,0.06,7,7,-1.000,0
66.0373,2.87,-0.00,0.98,-0.04,0.15,7,7,-1.000,0
66.0417,2.89,0.03,1.11,-0.08,0.13,7,7,-1.000,0
66.0456,2.87,-0.02,0.99,-0.17,0.15,7,7,-1.000,0
66.0497,2.87,-0.00,1.10,-0.15,0.10,7,7,-1.000,0
66.0539,2.88,0.01,1.06,-0.20,0.06,7,7,-1.000,0
66.0584,2.87,-0.01,1.08,-0.17,0.04,7,7,-1.000,0
66.0624,2.91,0.04,1.12,-0.15,0.06,7,7,-1.000,0
66.0663,2.90,-0.01,1.09,-0.22,0.07,7,7,-1.000,0
66.0707,2.92,0.02,1.18,-0.19,0.09,7,7,-1.000,0
66.0750,2.84,-0.07,1.07,-0.17,0.14,7,7,-1.000,0
66.0790,2.86,0.02,1.18,-0.18,0.11,7,7,-1.000,0
66.0831,2.90,0.04,1.11,-0.18,0.07,7,7,-1.000,0
66.0874,2.86,-0.04,1.06,-0.15,0.07,7,7,-1.000,0
66.0918,2.86,-0.00,1.06,-0.16,0.01,7,7,-1.000,0
66.0958,2.85,-0.01,1.11,-0.18,0.06,7,7,-1.000,0
66.0999,2.89,0.04,1.06,-0.18,0.07,7,7,-1.000,0
66.1055,2.85,-0.04,1.09,-0.20,0.05,7,7,-1.000,0
66.1102,2.90,0.04,1.10,-0.24,0.06,7,7,-1.000,0
66.1146,2.89,-0.01,1.21,-0.14,0.15,7,7,-1.000,0
66.1189,2.84,-0.04,1.12,-0.16,0.10,7,7,-1.000,0
66.1228,2.85,0.00,1.11,-0.21,0.06,7,7,-1.000,0
66.1268,2.87,0.02,1.15,-0.14,0.08,7,7,-1.000,0
66.1309,2.88,0.02,1.14,-0.27,0.13,7,7,-1.000,0
66.1359,2.85,-0.03,1.12,-0.20,0.08,7,7,-1.000,0
66.1399,2.87,0.02,1.04,-0.23,0.09,7,7,-1.000,0
66.1446,2.89,0.02,1.05,-0.18,0.05,7,7,-1.000,0
66.1480,2.87,-0.02,1.03,-0.20,0.03,7,7,-1.000,0
66.1519,2.84,-0.03,1.09,-0.21,0.06,7,7,-1.000,0
66.1561,2.88,0.04,1.10,-0.23,0.04,7,7,-1.000,0
66.1602,2.88,-0.00,1.13,-0.21,0.04,7,7,-1.000,0
66.1647,2.87,-0.01,1.13,-0.23,0.02,7,7,-1.000,0
66.1685,2.86,-0.00,1.14,-0.21,0.02,7,7,-1.000,0
66.1732,2.89,0.02,1.11,-0.25,0.05,7,7,-1.000,0
66.1769,2.87,-0.02,1.10,-0.22,0.03,7,7,-1.000,0
66.1809,2.88,0.02,1.10,-0.15,0.08,7,7,-1.000,0
66.1834,2.88,-0.00,1.09,-0.19,0.04,7,7,-1.000,0
66.1878,2.86,-0.02,1.05,-0.16,0.05,7,7,-1.000,0
66.1919,2.87,0.01,1.12,-0.23,0.10,7,7,-1.000,0
66.1958,2.86,-0.01,1.15,-0.18,0.05,7,7,-1.000,0
66.1998,2.85,-0.01,1.09,-0.21,0.06,7,7,-1.000,0
66.2045,2.87,0.02,1.09,-0.19,0.03,7,7,-1.000,0
66.2084,2.85,-0.02,1.08,-0.26,0.08,7,7,-1.000,0
66.2122,2.87,0.02,1.13,-0.20,0.09,7,7,-1.000,0
66.2166,2.91,0.04,1.12,-0.23,0.05,7,7,-1.000,0
66.2211,2.90,-0.00,1.13,-0.19,0.05,7,7,-1.000,0
66.2250,2.88,-0.02,1.05,-0.15,0.09,7,7,-1.000,0
66.2292,2.84,-0.04,1.06,-0.19,0.06,7,7,-1.000,0
66.2333,2.88,0.04,1.05,-0.09,0.11,7,7,-1.000,0
66.2373,2.88,0.01,1.15,-0.15,0.12,7,7,-1.000,0
66.2418,2.87,-0.02,1.10,-0.11,0.07,7,7,-1.000,0
66.2455,2.85,-0.01,1.09,-0.16,0.05,7,7,-1.000,0
66.2498,2.87,0.02,1.12,-0.17,0.04,7,7,-1.000,0
66.2541,2.87,-0.00,1.01,-0.02,0.18,7,7,-1.000,0
66.2585,2.87,0.00,1.10,-0.12,0.13,7,7,-1.000,0
66.2624,2.87,0.00,1.05,-0.12,0.05,7,7,-1.000,0
66.2664,2.88,0.01,1.08,-0.14,0.04,7,7,-1.000,0
66.2707,2.87,-0.01,1.00,-0.15,0.07,7,7,-1.000,0
66.2752,2.88,0.01,0.94,-0.05,0.12,7,7,-1.000,0
66.2789,2.88,-0.00,1.08,-0.12,0.15,7,7,-1.000,0
66.2831,2.84,-0.03,1.04,-0.09,0.06,7,7,-1.000,0
66.2874,2.88,0.04,1.01,-0.08,0.05,7,7,-1.000,0
66.2919,2.90,0.02,0.99,-0.07,0.02,7,7,-1.000,0
66.2958,2.89,-0.01,1.10,-0.11,0.12,7,7,-1.000,0
66.2999,2.91,0.02,1.02,-0.05,0.11,7,7,-1.000,0
66.3043,2.91,-0.00,1.01,-0.06,0.01,7,7,-1.000,0
66.3082,2.85,-0.06,1.00,-0.07,0.06,7,7,-1.000,0
66.3122,2.88,0.03,0.94,-0.10,0.07,7,7,-1.000,0
66.3163,2.90,0.02,0.98,-0.10,0.04,7,7,-1.000,0
66.3206,2.87,-0.03,1.06,-0.14,0.10,7,7,-1.000,0
66.3251,2.88,0.01,1.06,-0.07,0.07,7,7,-1.000,0
66.3290,2.90,0.02,1.01,-0.11,0.07,7,7,-1.000,0
66.3330,2.87,-0.03,1.11,-0.11,0.11,7,7,-1.000,0
66.3373,2.89,0.02,1.04,-0.14,0.09,7,7,-1.000,0
66.3417,2.85,-0.04,1.08,-0.17,0.06,7,7,-1.000,0
66.3456,2.85,-0.00,1.15,-0.20,0.08,7,7,-1.000,0
66.3497,2.90,0.04,1.11,-0.22,0.07,7,7,-1.000,0
66.3540,2.86,-0.04,1.15,-0.23,0.05,7,7,-1.000,0
66.3583,2.85,-0.01,1.17,-0.22,0.02,7,7,-1.000,0
66.3622,2.88,0.03,1.14,-0.23,0.04,7,7,-1.000,0
66.3665,2.88,-0.00,1.07,-0.23,0.07,7,7,-1.000,0
66.3708,2.90,0.02,1.15,-0.13,0.13,7,7,-1.000,0
66.3751,2.86,-0.03,1.15,-0.21,0.09,7,7,-1.000,0
66.3790,2.88,0.02,1.18,-0.17,0.05,7,7,-1.000,0
66.3831,2.87,-0.01,1.22,-0.21,0.05,7,7,-1.000,0
66.3873,2.87,0.01,1.17,-0.14,0.08,7,7,-1.000,0
66.3919,2.86,-0.01,1.06,-0.16,0.12,7,7,-1.000,0
66.3957,2.85,-0.01,1.10,-0.12,0.06,7,7,-1.000,0
66.3998,2.87,0.02,1.01,-0.17,0.10,7,7,-1.000,0
66.4043,2.88,0.01,1.06,-0.10,0.09,7,7,-1.000,0
66.4087,2.85,-0.02,1.10,-0.11,0.05,7,7,-1.000,0
66.4125,2.86,0.01,1.12,-0.16,0.05,7,7,-1.000,0
66.4164,2.89,0.03,1.14,-0.10,0.07,7,7,-1.000,0
66.4208,2.87,-0.02,1.04,-0.17,0.13,7,7,-1.000,0
66.4251,2.89,0.01,1.14,-0.13,0.10,7,7,-1.000,0
66.4289,2.87,-0.02,1.13,-0.18,0.06,7,7,-1.000,0
66.4331,2.85,-0.02,1.08,-0.09,0.10,7,7,-1.000,0
66.4373,2.88,0.03,1.08,-0.19,0.10,7,7,-1.000,0
66.4414,2.87,-0.00,1.04,-0.11,0.10,7,7,-1.000,0
66.4456,2.88,0.00,1.08,-0.08,0.05,7,7,-1.000,0
66.4497,2.89,0.01,1.07,-0.07,0.02,7,7,-1.000,0
66.4541,2.87,-0.01,1.00,-0.03,0.08,7,7,-1.000,0
66.4584,2.86,-0.01,1.15,-0.16,0.20,7,7,-1.000,0
66.4622,2.89,0.03,1.03,-0.09,0.14,7,7,-1.000,0
66.4663,2.90,0.00,1.04,-0.13,0.04,7,7,-1.000,0
66.4706,2.88,-0.02,1.10,-0.06,0.09,7,7,-1.000,0
66.4747,2.88,-0.00,1.03,-0.15,0.11,7,7,-1.000,0
66.4788,2.90,0.02,0.99,-0.12,0.06,7,7,-1.000,0
66.4830,2.87,-0.03,1.08,-0.09,0.10,7,7,-1.000,0
66.4878,2.87,0.00,1.03,-0.12,0.05,7,7,-1.000,0
66.4915,2.88,0.00,1.04,-0.16,0.04,7,7,-1.000,0
66.4956,2.88,0.00,1.01,0.00,0.16,7,7,-1.000,0
66.4996,2.89,0.01,1.04,-0.04,0.05,7,7,-1.000,0
66.5040,2.88,-0.01,1.03,-0.04,0.02,7,7,-1.000,0
66.5081,2.87,-0.02,1.00,-0.01,0.04,7,7,-1.000,0
66.5122,2.92,0.05,1.05,-0.17,0.17,7,7,-1.000,0
66.5163,2.86,-0.06,1.04,-0.06,0.12,7,7,-1.000,0
66.5206,2.88,0.02,0.99,-0.10,0.07,7,7,-1.000,0
66.5249,2.88,0.00,1.04,-0.07,0.05,7,7,-1.000,0
66.5288,2.87,-0.01,1.06,-0.04,0.04,7,7,-1.000,0
66.5331,2.90,0.03,1.08,-0.07,0.05,7,7,-1.000,0
66.5373,2.87,-0.03,1.09,-0.10,0.04,7,7,-1.000,0
66.5416,2.86,-0.01,0.99,-0.02,0.13,7,7,-1.000,0
66.5457,2.89,0.03,1.06,-0.16,0.16,7,7,-1.000,0
66.5497,2.90,0.01,0.91,-0.06,0.18,7,7,-1.000,0
66.5540,2.89,-0.01,1.08,-0.07,0.17,7,7,-1.000,0
66.5583,2.84,-0.05,1.03,-0.11,0.09,7,7,-1.000,0
66.5622,2.88,0.05,1.11,-0.11,0.10,7,7,-1.000,0
66.5662,2.88,-0.01,1.07,-0.06,0.06,7,7,-1.000,0
66.5706,2.89,0.01,0.98,-0.15,0.13,7,7,-1.000,0
66.5751,2.90,0.01,1.16,-0.17,0.19,7,7,-1.000,0
66.5790,2.89,-0.01,1.07,-0.18,0.09,7,7,-1.000,0
66.5830,2.87,-0.02,1.05,-0.16,0.03,7,7,-1.000,0
66.5873,2.88,0.00,1.13,-0.13,0.08,7,7,-1.000,0
66.5917,2.89,0.01,1.15,-0.21,0.08,7,7,-1.000,0
66.5957,2.87,-0.02,1.13,-0.19,0.03,7,7,-1.000,0
66.5997,2.85,-0.01,1.13,-0.19,0.01,7,7,-1.000,0
66.6041,2.86,0.01,1.03,-0.23,0.11,7,7,-1.000,0
66.6084,2.84,-0.02,1.13,-0.20,0.11,7,7,-1.000,0
66.6122,2.88,0.04,1.07,-0.23,0.08,7,7,-1.000,0
66.6162,2.90,0.02,1.10,-0.19,0.06,7,7,-1.000,0
66.6207,2.91,0.01,1.08,-0.16,0.04,7,7,-1.000,0
66.6250,2.89,-0.02,1.10,-0.20,0.05,7,7,-1.000,0
66.6290,2.88,-0.01,1.05,-0.08,0.13,7,7,-1.000,0
66.6330,2.87,-0.01,1.10,-0.13,0.08,7,7,-1.000,0
66.6374,2.86,-0.01,1.12,-0.12,0.03,7,7,-1.000,0
66.6417,2.88,0.03,1.04,-0.14,0.09,7,7,-1.000,0
66.6457,2.89,0.01,0.99,-0.11,0.06,7,7,-1.000,0
66.6497,2.88,-0.01,1.07,-0.10,0.09,7,7,-1.000,0
66.6541,2.88,-0.00,1.02,-0.12,0.05,7,7,-1.000,0
66.6584,2.87,-0.01,1.03,-0.09,0.03,7,7,-1.000,0
66.6623,2.89,0.02,1.13,-0.11,0.10,7,7,-1.000,0
66.6664,2.88,-0.01,1.00,-0.16,0.14,7,7,-1.000,0
66.6707,2.87,-0.01,1.11,-0.08,0.14,7,7,-1.000,0
66.6752,2.87,0.01,1.00,-0.06,0.11,7,7,-1.000,0
66.6791,2.91,0.04,1.03,-0.16,0.11,7,7,-1.000,0
66.6831,2.89,-0.02,1.07,-0.09,0.08,7,7,-1.000,0
66.6873,2.89,0.00,0.99,-0.09,0.08,7,7,-1.000,0
66.6918,2.88,-0.01,1.01,-0.10,0.02,7,7,-1.000,0
66.6957,2.87,-0.02,1.07,-0.14,0.08,7,7,-1.000,0
66.6998,2.88,0.01,1.05,-0.16,0.03,7,7,-1.000,0
66.7041,2.91,0.03,1.06,-0.09,0.08,7,7,-1.000,0
66.7086,2.87,-0.05,1.11,-0.18,0.12,7,7,-1.000,0
66.7123,2.89,0.02,1.05,-0.05,0.15,7,7,-1.000,0
66.7163,2.88,-0.01,1.08,-0.10,0.06,7,7,-1.000,0
66.7208,2.91,0.03,1.07,-0.03,0.08,7,7,-1.000,0
66.7251,2.87,-0.04,1.07,-0.07,0.06,7,7,-1.000,0
66.7291,2.86,-0.01,1.10,-0.11,0.05,7,7,-1.000,0
66.7331,2.84,-0.02,1.03,-0.08,0.08,7,7,-1.000,0
66.7374,2.90,0.05,0.96,-0.08,0.09,7,7,-1.000,0
66.7417,2.92,0.02,0.97,-0.07,0.03,7,7,-1.000,0
66.7457,2.86,-0.06,0.99,-0.01,0.08,7,7,-1.000,0
66.7497,2.90,0.04,0.98,-0.08,0.08,7,7,-1.000,0
66.7543,2.90,-0.00,1.09,-0.12,0.12,7,7,-1.000,0
66.7586,2.89,-0.01,1.08,-0.10,0.02,7,7,-1.000,0
66.7623,2.86,-0.03,1.05,-0.12,0.05,7,7,-1.000,0
66.7664,2.86,-0.00,1.09,-0.16,0.06,7,7,-1.000,0
66.7708,2.89,0.03,0.96,-0.06,0.17,7,7,-1.000,0
66.7752,2.88,-0.01,1.09,-0.12,0.14,7,7,-1.000,0
66.7792,2.84,-0.04,1.01,-0.08,0.10,7,7,-1.000,0
66.7832,2.86,0.02,1.05,-0.11,0.06,7,7,-1.000,0
66.7874,2.87,0.02,1.04,-0.08,0.03,7,7,-1.000,0
66.7919,2.88,0.01,1.08,-0.15,0.08,7,7,-1.000,0
66.7960,2.86,-0.02,1.08,-0.15,0.02,7,7,-1.000,0
66.7999,2.90,0.03,1.05,-0.05,0.11,7,7,-1.000,0
66.8044,2.86,-0.04,1.06,-0.12,0.08,7,7,-1.000,0
66.8083,2.88,0.02,1.09,-0.11,0.03,7,7,-1.000,0
66.8126,2.90,0.02,1.08,-0.12,0.03,7,7,-1.000,0
66.8167,2.89,-0.01,1.08,-0.05,0.07,7,7,-1.000,0
66.8210,2.89,0.00,1.05,-0.15,0.11,7,7,-1.000,0
66.8250,2.89,-0.00,1.03,-0.16,0.02,7,7,-1.000,0
66.8292,2.85,-0.04,1.01,-0.10,0.07,7,7,-1.000,0
66.8333,2.92,0.07,1.04,-0.12,0.08,7,7,-1.000,0
66.8377,2.86,-0.06,1.02,-0.06,0.09,7,7,-1.000,0
66.8421,2.87,0.01,1.00,-0.05,0.03,7,7,-1.000,0
66.8458,2.86,-0.01,1.00,-0.08,0.03,7,7,-1.000,0
66.8499,2.86,-0.00,0.98,-0.08,0.01,7,7,-1.000,0
66.8544,2.88,0.02,1.03,-0.03,0.07,7,7,-1.000,0
66.8584,2.86,-0.02,1.08,-0.16,0.14,7,7,-1.000,0
66.8624,2.86,-0.00,1.02,-0.07,0.11,7,7,-1.000,0
66.8665,2.87,0.01,1.02,-0.08,0.01,7,7,-1.000,0
66.8710,2.89,0.02,0.98,-0.14,0.07,7,7,-1.000,0
66.8754,2.86,-0.03,0.99,-0.05,0.10,7,7,-1.000,0
66.8792,2.87,0.01,1.10,-0.09,0.12,7,7,-1.000,0
66.8832,2.86,-0.01,1.11,-0.18,0.08,7,7,-1.000,0
66.8876,2.86,-0.01,1.13,-0.16,0.02,7,7,-1.000,0
66.8916,2.84,-0.02,1.11,-0.22,0.06,7,7,-1.000,0
66.8957,2.88,0.03,1.15,-0.20,0.06,7,7,-1.000,0
66.8998,2.89,0.02,1.11,-0.21,0.05,7,7,-1.000,0
66.9042,2.92,0.02,1.14,-0.23,0.05,7,7,-1.000,0
66.9084,2.87,-0.05,1.12,-0.25,0.06,7,7,-1.000,0
66.9123,2.88,0.01,1.13,-0.13,0.12,7,7,-1.000,0
66.9165,2.89,0.01,1.10,-0.20,0.08,7,7,-1.000,0
66.9209,2.89,0.00,1.07,-0.18,0.04,7,7,-1.000,0
66.9252,2.89,-0.01,1.05,-0.14,0.04,7,7,-1.000,0
66.9290,2.89,0.00,1.06,-0.18,0.04,7,7,-1.000,0
66.9332,2.88,-0.01,1.03,-0.12,0.07,7,7,-1.000,0
66.9375,2.88,0.00,0.98,-0.12,0.05,7,7,-1.000,0
66.9419,2.87,-0.01,1.07,-0.12,0.09,7,7,-1.000,0
66.9459,2.89,0.02,1.10,-0.10,0.04,7,7,-1.000,0
66.9500,2.86,-0.04,1.11,-0.13,0.05,7,7,-1.000,0
66.9543,2.85,-0.00,1.13,-0.18,0.05,7,7,-1.000,0
66.9585,2.86,0.01,1.05,-0.23,0.09,7,7,-1.000,0
66.9624,2.88,0.02,1.08,-0.20,0.04,7,7,-1.000,0
66.9665,2.86,-0.02,1.10,-0.16,0.06,7,7,-1.000,0
66.9710,2.88,0.02,1.15,-0.22,0.08,7,7,-1.000,0
66.9754,2.87,-0.01,1.15,-0.23,0.01,7,7,-1.000,0
66.9793,2.91,0.04,1.17,-0.26,0.05,7,7,-1.000,0
66.9833,2.88,-0.03,1.10,-0.21,0.09,7,7,-1.000,0
66.9876,2.83,-0.05,1.05,-0.19,0.07,7,7,-1.000,0
66.9920,2.88,0.05,1.12,-0.14,0.10,7,7,-1.000,0
66.9958,2.88,-0.00,1.18,-0.19,0.07,7,7,-1.000,0
67.0000,2.93,0.04,1.02,0.02,0.26,7,7,-1.000,0
67.0044,2.88,-0.05,1.12,-0.15,0.20,7,7,-1.000,0
67.0086,2.91,0.03,1.05,-0.08,0.10,7,7,-1.000,0
67.0125,2.89,-0.01,1.02,-0.10,0.03,7,7,-1.000,0
67.0165,2.87,-0.03,1.04,-0.14,0.05,7,7,-1.000,0
67.0210,2.87,0.00,1.09,-0.15,0.04,7,7,-1.000,0
67.0252,2.89,0.02,1.00,-0.12,0.09,7,7,-1.000,0
67.0292,2.87,-0.02,1.11,-0.16,0.12,7,7,-1.000,0
67.0332,2.89,0.02,1.02,-0.15,0.09,7,7,-1.000,0
67.0375,2.86,-0.03,1.06,-0.10,0.07,7,7,-1.000,0
67.0418,2.89,0.03,1.02,-0.17,0.09,7,7,-1.000,0
67.0460,2.87,-0.02,1.03,-0.09,0.08,7,7,-1.000,0
67.0501,2.87,0.00,1.00,-0.09,0.04,7,7,-1.000,0
67.0543,2.89,0.02,1.05,-0.15,0.08,7,7,-1.000,0
67.0587,2.89,-0.00,1.17,-0.17,0.12,7,7,-1.000,0
67.0625,2.89,0.00,1.05,0.00,0.20,7,7,-1.000,0
67.0666,2.88,-0.02,1.02,-0.07,0.08,7,7,-1.000,0
67.0709,2.89,0.01,1.07,-0.08,0.05,7,7,-1.000,0
67.0754,2.84,-0.05,1.08,-0.16,0.09,7,7,-1.000,0
67.0793,2.87,0.03,1.03,-0.06,0.12,7,7,-1.000,0
67.0832,2.89,0.02,1.06,-0.16,0.11,7,7,-1.000,0
67.0875,2.86,-0.03,1.07,-0.12,0.05,7,7,-1.000,0
67.0921,2.88,0.02,1.10,-0.12,0.03,7,7,-1.000,0
67.0959,2.89,0.01,1.02,-0.13,0.08,7,7,-1.000,0
67.0999,2.87,-0.02,0.98,-0.07,0.08,7,7,-1.000,0
67.1064,2.93,0.05,1.27,0.04,0.32,7,7,-1.000,0
67.1108,2.86,-0.07,1.01,-0.11,0.30,7,7,-1.000,0
67.1145,2.87,0.01,1.07,-0.13,0.06,7,7,-1.000,0
67.1189,2.88,0.01,1.10,-0.14,0.03,7,7,-1.000,0
67.1233,2.90,0.02,1.06,-0.03,0.12,7,7,-1.000,0
67.1274,2.85,-0.05,1.02,-0.04,0.07,7,7,-1.000,0
67.1313,2.90,0.05,1.02,-0.10,0.08,7,7,-1.000,0
67.1357,2.87,-0.03,1.14,-0.07,0.13,7,7,-1.000,0
67.1398,2.90,0.03,1.05,-0.15,0.13,7,7,-1.000,0
67.1436,2.88,-0.02,1.05,-0.15,0.02,7,7,-1.000,0
67.1476,2.88,-0.00,1.05,-0.20,0.04,7,7,-1.000,0
67.1517,2.90,0.02,1.04,-0.08,0.12,7,7,-1.000,0
67.1568,2.90,-0.01,0.96,-0.07,0.08,7,7,-1.000,0
67.1608,2.87,-0.02,0.99,-0.09,0.04,7,7,-1.000,0
67.1652,2.88,0.00,1.04,-0.06,0.05,7,7,-1.000,0
67.1691,2.89,0.01,1.03,-0.17,0.11,7,7,-1.000,0
67.1729,2.86,-0.03,1.06,-0.09,0.10,7,7,-1.000,0
67.1760,2.92,0.06,1.07,-0.10,0.06,7,7,-1.000,0
67.1793,2.90,-0.02,1.06,-0.07,0.03,7,7,-1.000,0
67.1834,2.90,0.00,1.01,-0.14,0.08,7,7,-1.000,0
67.1879,2.90,0.00,1.07,-0.10,0.07,7,7,-1.000,0
67.1919,2.92,0.02,0.97,-0.05,0.11,7,7,-1.000,0
67.1959,2.87,-0.05,1.05,-0.10,0.11,7,7,-1.000,0
67.2002,2.83,-0.04,1.09,-0.16,0.08,7,7,-1.000,0
67.2041,2.89,0.06,1.08,-0.11,0.08,7,7,-1.000,0
67.2083,2.86,-0.04,1.12,-0.13,0.06,7,7,-1.000,0
67.2123,2.85,-0.01,1.09,-0.15,0.04,7,7,-1.000,0
67.2165,2.86,0.01,1.03,-0.16,0.07,7,7,-1.000,0
67.2211,2.87,0.02,0.99,-0.15,0.04,7,7,-1.000,0
67.2249,2.88,0.01,1.03,-0.03,0.12,7,7,-1.000,0
67.2291,2.88,-0.00,1.07,-0.12,0.09,7,7,-1.000,0
67.2333,2.87,-0.01,1.14,-0.10,0.07,7,7,-1.000,0
67.2375,2.85,-0.02,1.16,-0.18,0.08,7,7,-1.000,0
67.2418,2.90,0.05,1.05,-0.25,0.14,7,7,-1.000,0
67.2458,2.84,-0.07,1.08,-0.16,0.11,7,7,-1.000,0
67.2499,2.87,0.04,1.10,-0.21,0.06,7,7,-1.000,0
67.2542,2.84,-0.03,1.06,-0.24,0.06,7,7,-1.000,0
67.2583,2.89,0.05,1.08,-0.19,0.08,7,7,-1.000,0
67.2623,2.84,-0.05,1.15,-0.19,0.09,7,7,-1.000,0
67.2664,2.87,0.02,1.11,-0.23,0.05,7,7,-1.000,0
67.2709,2.88,0.01,1.12,-0.27,0.05,7,7,-1.000,0
67.2752,2.89,0.01,1.20,-0.26,0.08,7,7,-1.000,0
67.2792,2.87,-0.02,1.14,-0.24,0.06,7,7,-1.000,0
67.2832,2.85,-0.01,1.19,-0.24,0.05,7,7,-1.000,0
67.2874,2.84,-0.01,1.18,-0.20,0.04,7,7,-1.000,0
67.2916,2.88,0.04,1.09,-0.21,0.10,7,7,-1.000,0
67.2957,2.84,-0.03,1.13,-0.22,0.05,7,7,-1.000,0
67.2999,2.88,0.03,1.10,-0.14,0.09,7,7,-1.000,0
67.3042,2.85,-0.03,1.13,-0.18,0.06,7,7,-1.000,0
67.3085,2.91,0.05,1.15,-0.15,0.07,7,7,-1.000,0
67.3125,2.86,-0.04,1.14,-0.12,0.05,7,7,-1.000,0
67.3164,2.87,0.01,1.09,-0.15,0.06,7,7,-1.000,0
67.3208,2.87,-0.00,1.10,-0.12,0.03,7,7,-1.000,0
67.3249,2.87,-0.00,1.03,-0.09,0.07,7,7,-1.000,0
67.3289,2.89,0.02,1.12,-0.14,0.11,7,7,-1.000,0
67.3331,2.89,0.00,1.04,-0.06,0.11,7,7,-1.000,0
67.3374,2.89,-0.00,1.11,-0.22,0.16,7,7,-1.000,0
67.3416,2.88,-0.01,1.06,-0.10,0.13,7,7,-1.000,0
67.3456,2.89,0.01,1.09,-0.06,0.05,7,7,-1.000,0
67.3498,2.88,-0.01,1.02,-0.15,0.11,7,7,-1.000,0
67.3541,2.85,-0.03,1.05,-0.16,0.05,7,7,-1.000,0
67.3584,2.87,0.02,1.09,-0.13,0.05,7,7,-1.000,0
67.3623,2.87,0.00,1.05,-0.20,0.08,7,7,-1.000,0
67.3663,2.88,0.02,1.07,-0.19,0.03,7,7,-1.000,0
67.3707,2.87,-0.02,1.00,-0.10,0.12,7,7,-1.000,0
67.3751,2.89,0.03,1.13,-0.13,0.14,7,7,-1.000,0
67.3791,2.91,0.02,1.04,-0.16,0.09,7,7,-1.000,0
67.3831,2.87,-0.04,1.06,-0.06,0.11,7,7,-1.000,0
67.3874,2.87,0.00,1.05,-0.09,0.03,7,7,-1.000,0
67.3917,2.89,0.02,0.96,-0.11,0.09,7,7,-1.000,0
67.3956,2.89,0.00,1.06,-0.13,0.11,7,7,-1.000,0
67.3998,2.90,0.01,1.04,-0.10,0.04,7,7,-1.000,0
67.4042,2.87,-0.04,1.11,-0.15,0.09,7,7,-1.000,0
67.4088,2.89,0.02,1.03,-0.12,0.09,7,7,-1.000,0
67.4123,2.90,0.01,1.01,-0.07,0.06,7,7,-1.000,0
67.4164,2.89,-0.01,1.07,-0.15,0.10,7,7,-1.000,0
67.4209,2.86,-0.03,1.07,-0.20,0.06,7,7,-1.000,0
67.4255,2.87,0.01,1.15,-0.19,0.09,7,7,-1.000,0
67.4293,2.88,0.01,1.09,-0.22,0.07,7,7,-1.000,0
67.4334,2.88,0.01,1.13,-0.18,0.06,7,7,-1.000,0
67.4375,2.86,-0.02,1.08,-0.18,0.05,7,7,-1.000,0
67.4420,2.88,0.02,1.15,-0.18,0.07,7,7,-1.000,0
67.4457,2.86,-0.02,1.08,-0.23,0.09,7,7,-1.000,0
67.4499,2.87,0.01,1.08,-0.12,0.11,7,7,-1.000,0
67.4542,2.86,-0.01,1.02,-0.21,0.10,7,7,-1.000,0
67.4586,2.88,0.02,1.06,-0.20,0.05,7,7,-1.000,0
67.4624,2.87,-0.02,1.08,-0.14,0.06,7,7,-1.000,0
67.4664,2.87,0.00,1.06,-0.11,0.03,7,7,-1.000,0
67.4710,2.87,-0.00,1.13,-0.16,0.07,7,7,-1.000,0
67.4753,2.91,0.04,1.05,-0.14,0.09,7,7,-1.000,0
67.4793,2.85,-0.06,1.04,-0.15,0.06,7,7,-1.000,0
67.4832,2.90,0.05,1.09,-0.15,0.07,7,7,-1.000,0
67.4878,2.87,-0.03,1.10,-0.11,0.05,7,7,-1.000,0
67.4922,2.88,0.01,0.99,-0.17,0.13,7,7,-1.000,0
67.4957,2.86,-0.02,1.05,-0.11,0.09,7,7,-1.000,0
67.4999,2.89,0.03,1.04,-0.04,0.07,7,7,-1.000,0
67.5043,2.89,0.01,1.02,-0.09,0.05,7,7,-1.000,0
67.5087,2.89,-0.00,1.04,-0.08,0.02,7,7,-1.000,0
67.5125,2.88,-0.02,1.03,-0.06,0.03,7,7,-1.000,0
67.5165,2.87,-0.00,1.04,-0.04,0.03,7,7,-1.000,0
67.5209,2.88,0.01,1.11,-0.14,0.12,7,7,-1.000,0
67.5253,2.90,0.02,1.03,-0.14,0.09,7,7,-1.000,0
67.5292,2.87,-0.02,1.07,-0.12,0.05,7,7,-1.000,0
67.5332,2.86,-0.01,1.06,-0.13,0.02,7,7,-1.000,0
67.5375,2.87,0.01,1.02,-0.07,0.07,7,7,-1.000,0
67.5419,2.91,0.04,1.05,-0.18,0.12,7,7,-1.000,0
67.5458,2.90,-0.01,1.10,-0.11,0.09,7,7,-1.000,0
67.5500,2.87,-0.02,1.04,-0.10,0.07,7,7,-1.000,0
67.5543,2.93,0.05,1.01,-0.13,0.07,7,7,-1.000,0
67.5585,2.88,-0.05,1.00,-0.17,0.06,7,7,-1.000,0
67.5624,2.87,-0.01,1.15,-0.13,0.15,7,7,-1.000,0
67.5664,2.83,-0.05,1.13,-0.22,0.10,7,7,-1.000,0
67.5708,2.86,0.03,1.16,-0.21,0.04,7,7,-1.000,0
67.5752,2.86,0.00,1.13,-0.20,0.03,7,7,-1.000,0
67.5791,2.85,-0.01,1.06,-0.23,0.08,7,7,-1.000,0
67.5832,2.87,0.02,1.11,-0.18,0.07,7,7,-1.000,0
67.5875,2.90,0.02,1.08,-0.19,0.03,7,7,-1.000,0
67.5917,2.85,-0.04,1.08,-0.25,0.07,7,7,-1.000,0
67.5957,2.89,0.03,1.10,-0.22,0.05,7,7,-1.000,0
67.5998,2.85,-0.04,1.10,-0.19,0.05,7,7,-1.000,0
67.6042,2.89,0.04,1.09,-0.25,0.07,7,7,-1.000,0
67.6084,2.86,-0.02,1.08,-0.18,0.08,7,7,-1.000,0
67.6124,2.87,0.00,1.14,-0.19,0.06,7,7,-1.000,0
67.6164,2.89,0.03,1.09,-0.21,0.06,7,7,-1.000,0
67.6208,2.83,-0.06,1.17,-0.24,0.10,7,7,-1.000,0
67.6252,2.87,0.03,1.15,-0.16,0.09,7,7,-1.000,0
67.6292,2.87,0.00,1.17,-0.22,0.07,7,7,-1.000,0
67.6332,2.86,-0.00,1.10,-0.19,0.07,7,7,-1.000,0
67.6375,2.85,-0.01,1.18,-0.22,0.09,7,7,-1.000,0
67.6419,2.88,0.03,1.18,-0.16,0.07,7,7,-1.000,0
67.6457,2.87,-0.01,1.14,-0.16,0.05,7,7,-1.000,0
67.6498,2.88,0.01,1.15,-0.18,0.03,7,7,-1.000,0
